"","Pool_ID","lat","long","DistRC_m","Depth_cm","SurfArea_cm2","Volume_cm3","Pct_Shaded","Notes","MaxRTemp_C","logDepth","fit","se.fit"
"1","1",37.52519811,-77.45640303,"100.986416",12.08333333,744.0338818,8915.839436,0.71,"-",25,2.49182709235671,28.8892334270066,1.31505155534072
"2","2",37.52521135,-77.456398,"99.57518957",6.9,4576.2006,31084.802,0.58,"-",25,1.93152141160321,29.5925829088157,2.5643580031667
"3","3",37.52522095,-77.45638146,"99.19268909",23.6875,3033.6005,71422.145,0.42,"-",25,3.16494748284265,28.5123698986254,2.47320390827713
"4","4",37.52523002,-77.45637803,"98.2257691",16.41666667,870.2211587,14125.77944,0.43,"-",25,2.79829707915303,25.3029186668479,1.32098238724391
"5","5",37.52523329,-77.45638291,"97.57185322",17.09375,1917.353465,32403.5396,0.58,"-",25,2.83871289962225,28.1414472216161,2.49068403088003
"6","6",37.52528941,-77.45647507,"85.93776715",9.125,925.98445,7897.964,0.06,"-",25,2.21101789946856,32.9623996600172,1.2813215612737
"7","8",37.52532728,-77.45645595,"82.13582796",8.25,848.23,6785.84,0.27,"-",25,2.11021320034659,32.3228939880528,2.47354215249704
"8","10",37.5255603,-77.4566013,"45.64570306",15.0625,1810.539,27149.2525,0,"-",25,2.71220821125087,34.1474148794503,1.30664052895532
"9","11",37.52555263,-77.45662282,"45.53671558",26,1789.92241,46537.9828,0,"-",25,3.25809653802148,29.7946812600403,1.29951137918025
"10","12",37.52537433,-77.4564894,"74.56374131",7.8125,758.6946058,5038.721937,0.03,"-",25,2.05572501506252,34.8630400906229,2.48270921974865
"11","13",37.52520521,-77.45638018,"101.232877",22.75,2399.195173,55227.43182,0.23,"-",25,3.12456514539696,26.0327655574897,1.31207499970125
"12","14",37.52522482,-77.45637103,"99.22618612",17.9,3235.05523,54963.22413,0.91,"-",25,2.88480071284671,25.821436564618,1.30928049377455
"13","15",37.52536445,-77.45656074,"72.2525817",11.625,2865.1325,31516.4575,0,"-",25,2.45315795147342,36.5406350571779,0.987140742743943
"14","16",37.5253277,-77.45656179,"76.8139801",21.1996348,1138.127495,26868.94311,0,"-",25,3.0539839551145,30.7354936441848,1.00119083684599
"15","18",37.52536918,-77.45664537,"67.44520974",21,827.0242661,17367.50959,0,"-",25,3.04452243772342,31.4256588726946,1.27517711300738
"16","22",37.52551164,-77.45677258,"43.22774168",14.25,725.7079,10159.91,0,"-",25,2.65675690671466,35.1058016456041,0.82059753030768
"17","23",37.52574749,-77.45662479,"21.59512379",14.75,1148.252115,16936.71869,0,"-",25,2.69124308278583,37.1009447066239,1.02660879518337
"18","24",37.52579633,-77.45660976,"17.05037605",9.75,678.71094,6617.432,0,"-",25,2.27726728500976,38.8821060650103,1.33477273176632
"19","25",37.52581622,-77.45655845,"18.17108161",15.75,2097.013096,33027.95627,0,"-",25,2.75684036527164,32.4399568494124,2.45418144873551
"20","26",37.52582803,-77.45654113,"17.97164681",17.875,8340.928,141795.8,0.59,"-",25,2.88340308858007,28.0030863736846,2.49318358889061
"21","28",37.52585763,-77.45654034,"14.67008979",39.04166602,2572.214926,108102.8493,1,"-",25,3.66462943532698,25.3025041240954,2.81321662826921
"22","30",37.52581369,-77.45642692,"27.10394331",15.75,1432.566,21488.49,0.01,"-",25,2.75684036527164,32.3681025903206,2.45360841825764
"23","31",37.52585458,-77.45635773,"27.01934332",5.625,2643.650218,14870.53248,0.2,"-",25,1.72722094809048,34.1891874534057,2.49208055595025
"24","32",37.52597424,-77.45638878,"11.42343927",32.70833333,4847.21558,163650.9502,0,"-",25,3.48762988733255,28.3440108941528,0.981783211617286
"25","33",37.52589122,-77.45656788,"9.055432204",14.875,3699.2255,53485.615,0.92,"-",25,2.69968195143169,25.844335020624,2.57760623746531
"26","40",37.52599484,-77.45653859,"0.757384865",9,1253.495469,11281.45922,0,"-",25,2.19722457733622,34.612121742069,2.47808276478619
"27","41",37.5259972,-77.45650891,"0.92567306",10.65,1153.592841,13168.73135,0,"-",25,2.36555989215543,33.9587233410096,2.4688693788115
"28","42",37.52607973,-77.45643671,"3.670865039",51.325,13239.77049,670126.3621,0.18,"-",25,3.938177962905,26.1658516057696,0.975550184268136
"29","43",37.52608789,-77.4564114,"2.813587906",13.50625,10816.1091,145029.873,0,"-",25,2.60315254127306,33.0365005905212,2.45882080169393
"30","45",37.52605128,-77.45627357,"10.75597683",95,1624.203402,154299.3232,0,"-",25,4.55387689160054,28.2812993476865,1.32281709782743
"31","46",37.52600845,-77.45630723,"13.13035751",21.83333333,6879.564313,155366.1557,0,"-",25,3.08343785382042,29.2983404500167,1.28288098785484
"32","47",37.52608648,-77.45620768,"11.45191077",29.4703125,2798.913571,85782.56365,0,"-",25,3.38338340069745,33.1989791160504,1.30179041868464
"33","48",37.52609316,-77.45620782,"10.70869624",31.41057692,2289.435588,73687.06775,0,"-",25,3.44714468078079,29.7605206509981,2.45155403632777
"34","49",37.5260275,-77.45653779,"4.404492574",76.3911091,5452.314263,465191.494,0,"-",25,4.33586631636396,26.3109218766675,2.49180059368934
"35","50",37.52604542,-77.4565691,"8.492870864",36.8125,4410.665033,162829.2699,0,"-",25,3.60583746141181,27.8983773478643,0.726778551604167
"36","51",37.52606396,-77.45651344,"6.933817909",23.875,927.73438,22149.658,0.03,"-",25,3.17283188636679,28.0319932943686,1.00861240622916
"37","52",37.52620182,-77.45657427,"26.54857949",5.75,1606.925,8034.623,0.57,"-",25,1.74919985480926,29.9957215169688,2.59305209941481
"38","54",37.52624456,-77.45656391,"30.59352242",8.125,2596.526,20772.21,0.48,"-",25,2.0949457282158,28.5323179352087,1.29061646595007
"39","55",37.52623919,-77.45653763,"28.18224454",22.25,1801.703,39637.47,0.01,"-",25,3.10234200861225,31.0406212834808,2.44871638875848
"40","57",37.52623761,-77.45646715,"23.12692384",20.27940949,2525.003272,57790.54185,0.18,"-",25,3.00960606044895,30.3444683299537,2.4484812007015
"41","58",37.5262834,-77.45655489,"34.23627495",19.57291667,12002.78199,232210.9865,0.86,"-",25,2.97414680811593,26.1522792731636,2.56383644519368
"42","60",37.52632209,-77.45658059,"40.26699702",27.26640625,2373.129585,65153.6006,0.98,"-",25,3.30565540416149,25.3840573512993,2.66582496633895
"43","61",37.5266243,-77.45644559,"64.1455964",44.8921875,5779.941433,261438.6587,1,"-",25,3.80426378183601,25.3098832657919,2.8838311791787
"44","62",37.52661582,-77.45647236,"65.04583773",37.35789463,1465.116777,55873.09819,0.9,"-",25,3.620544258186,24.4729738096512,1.33735656946351
"45","63",37.52660466,-77.45646139,"63.05989341",35.24107143,5738.932447,202222.8702,0.5,"-",25,3.56221220440829,27.9914492967425,0.821482655909463
"46","64",37.52659723,-77.45654802,"68.24370504",49.96875,10430.87349,496198.0533,0.98,"-",25,3.91139781003423,25.3684041656589,2.92473745386205
"47","65",37.52656916,-77.4565392,"64.54886922",19.875,49145.5045,980101.531,0.89,"-",25,2.9894626605404,25.9565464182136,2.57442334265095
"48","67",37.5264475,-77.45675386,"66.04968947",19.375,1555.088,29546.68,1,"-",25,2.96398357523941,25.2654776674253,2.60887913336337
"49","68",37.52642193,-77.4568002,"66.33426918",25.06899991,2006.975519,51959.9947,0.55,"-",25,3.22163201947183,28.3426267999262,0.971467713350984
"50","69",37.52641706,-77.45677744,"64.28671901",14.75,6936.637,97112.91,0.84,"-",25,2.69124308278583,26.442026010843,2.55358660210027
"51","70",37.52637806,-77.45668183,"53.42981389",24.8125,3769.125971,91512.43521,0.34,"-",25,3.21134755844741,28.8407178170846,2.46336822086949
"52","71",37.52638345,-77.45674169,"58.12886109",28.8125,21939.3125,799766.15,0.95,"-",25,3.36080932075687,25.5269076648868,2.66736706503797
"53","72",37.52626653,-77.4563651,"19.23635501",31.875,1075.210086,34272.32148,0,"-",25,3.46182200347859,29.703550197752,2.45182227338893
"54","73",37.52617713,-77.45619043,"2.686676847",24.52142857,7625.991758,185009.9463,0.06,"-",25,3.19954737079013,32.035745569155,0.987615991345083
"55","74",37.52631161,-77.45620655,"13.2072971",49.9333787,4600.66678,219855.7724,0.18,"-",25,3.91068969095932,27.4850223018898,2.46866895508161
"56","75",37.52633245,-77.45621727,"16.23945478",47.94955849,3685.560128,177283.4411,0.27,"-",25,3.87014959357068,30.077022516291,0.823153244258807
"57","76",37.52632871,-77.45623354,"16.95518167",17.828125,1170.439644,23570.44928,0.38,"-",25,2.8807772665024,29.4137237518068,2.46197852552519
"58","77",37.52635334,-77.45616278,"14.99585193",32.53571429,5107.640698,170583.4024,0,"-",25,3.48233838721648,29.6239152599242,2.452219787096
"59","78",37.52633582,-77.45614881,"12.09471574",33.75892857,4747.844162,160224.8321,0,"-",25,3.51924493255352,29.2878498389982,0.97520105877635
"60","79",37.52636411,-77.45614973,"15.76381825",64.19999848,2618.362959,337699.5267,0,"-",25,4.1620031870199,26.985776649943,2.48013266943246
"61","80",37.52642296,-77.45615742,"23.75970224",14,13893.69,194511.7,0.06,"-",25,2.63905732961526,30.7068919995304,1.29969236214554
"62","81",37.52639816,-77.45612193,"19.06744586",29.11363636,6008.724468,179887.3583,0,"-",25,3.37120666785357,30.0552762480608,2.45038143062433
"63","82",37.52638273,-77.45612127,"17.02729244",32.73859315,3313.700974,107622.5994,0.12,"-",25,3.4885546006471,29.0829963347429,2.45089625046497
"64","83",37.5263805,-77.45611551,"16.50031082",53.05995263,2353.30228,221360.4165,0,"-",25,3.97142245594629,27.7255212786323,2.4694404579199
"65","84",37.52636922,-77.45610247,"14.49290291",36.23125,4988.757461,205586.0433,0,"-",25,3.58992200610591,27.9753863860048,1.2801052035035
"66","85",37.5263315,-77.45605059,"7.442961182",20.125,5084.66771,102328.9377,0.01,"-",25,3.00196282330463,31.4262967054651,2.44939090263617
"67","86",37.52633844,-77.45600797,"6.601179442",43.41203592,3125.450942,126150.7045,0,"-",25,3.77073672800442,28.5044887454023,2.46058307605651
"68","87",37.52635542,-77.45600477,"8.68554756",38.23875,4717.494015,191482.0259,0,"-",25,3.64384939936441,28.99700558738,2.45626627967385
"69","88",37.52637766,-77.45599856,"11.33334707",55,10126.66167,586999.2597,0,"-",25,4.00733318523247,27.5861327425924,2.4712861024267
"70","89",37.52639464,-77.4559552,"11.7711339",44.98214286,21845.51249,990379.438,0,"-",25,3.80626558568098,28.3665824550778,2.46197044819559
"71","91",37.52639089,-77.45586096,"7.417821624",47.30807332,2387.923439,131108.7107,0,"-",25,3.85668096423125,27.2835601217121,1.27697091151741
"72","92",37.52637726,-77.45586468,"5.791507693",17.54166667,4554.262333,79795.41333,0,"-",25,2.86457900352446,33.2121526549604,0.986191331840943
"73","93",37.52636611,-77.4558607,"4.173316195",8.104166667,2098.845667,15444.07,0,"-",25,2.09237833275169,35.0190854777664,2.48468942929331
"74","94",37.52635863,-77.45586433,"3.345614771",12,6209.35788,74512.2946,0.19,"-",25,2.484906649788,31.9269655631653,2.45610217407144
"75","95",37.52637395,-77.45584877,"4.707635527",42.52142857,10090.12158,430854.9064,0,"-",25,3.75000815051049,28.5849473194414,2.45980969000271
"76","96",37.52642333,-77.45606241,"19.9116809",30.5625,5489.93332,164386.3429,0,"-",25,3.41977376723509,28.422356428895,1.29646363071931
"77","97",37.5264447,-77.45607314,"23.14036301",22.78125,2452.013061,58204.11663,0,"-",25,3.12593782920893,31.0072943505737,2.44906199155166
"78","98",37.52645455,-77.45608373,"24.86035742",20.75,2695.486,53909.73,0,"-",25,3.03254624667671,31.3697964836793,2.44955121466648
"79","101",37.52653204,-77.45607928,"34.78966705",90.8133305,5107.611389,463839.2012,0.05,"-",25,4.50880608650548,25.6250243731751,2.49714244213136
"80","103",37.52646891,-77.45605444,"25.53272946",19.53125,1856.68125,36186.33866,0,"-",25,2.97201574693668,31.604747371958,2.45016030047626
"81","104",37.52648671,-77.45602474,"26.63709838",10.90171252,1037.846496,16064.31996,0.07,"-",25,2.38891988882092,33.2637434210361,2.46205308180671
"82","105",37.52650414,-77.45596328,"26.39216927",33.33790708,3730.482989,123990.7026,0,"-",25,3.50669510030722,29.5293739724609,2.45272584803596
"83","107",37.52654906,-77.45594674,"31.5755281",5.625,2902.832,14514.16,0,"-",25,1.72722094809048,36.4364544447529,2.51281405690686
"84","108",37.52656203,-77.45594956,"33.3837537",30.25,25319.14098,750570.718,0,"-",25,3.40949618447685,28.8041930286792,1.29407318274586
"85","109",37.52653193,-77.45590113,"27.46944252",19,1013.164,19250.11,0,"-",25,2.94443897916644,31.8792245297914,1.29113176001944
"86","110",37.52656387,-77.45590876,"31.95030118",25.375,12944.93253,328477.6629,0,"-",25,3.23376443736195,33.2475020974599,1.2957553460137
"87","111",37.52657308,-77.45590719,"33.08797058",21.375,4625.995,97145.9,0,"-",25,3.06222201482282,35.6278522762749,1.32664164762266
"88","113",37.52659883,-77.45588803,"35.66282662",22.66666667,3321.448745,75121.76207,0,"-",25,3.12089541665506,31.530292082571,1.27315626964335
"89","114",37.52631254,-77.45578242,"6.027977387",13.825,1631.271985,22552.3352,0.32,"-",25,2.6264785474084,30.4824981961349,2.45860031698406
"90","116",37.52631815,-77.45574314,"6.905482088",12.88324034,724.5916951,9335.088956,0.26,"-",25,2.55592726822802,31.1460745705774,2.45639388032509
"91","117",37.526293,-77.45572032,"11.12407228",26.25,14631.97,380431.2,0,"-",25,3.26766598903763,28.1636508099233,1.29009612694623
"92","118",37.52628721,-77.45573459,"11.29380924",8.666666667,1157.67703,11632.92674,0,"-",25,2.15948424939183,34.7586119183033,2.48038450402015
"93","119",37.52627874,-77.45574849,"11.82895498",38.4375,7625.980547,293123.6273,0,"-",25,3.64903354556674,28.9768831737136,2.45642307095163
"94","120",37.52626683,-77.45573787,"13.81929035",10.25,876.5044,8765.044,0,"-",25,2.32727770558442,34.6034844080197,1.30247851549591
"95","121",37.52621102,-77.45575926,"20.22528836",39.88636364,5460.516446,216385.9024,0,"-",25,3.68603450207287,28.8332628891361,2.45759062941542
"96","122",37.52620962,-77.45577503,"19.76045273",45.09375,4732.61296,210573.3006,0,"-",25,3.80874365597414,26.6461925959143,1.300194311108
"97","123",37.526189,-77.45576516,"22.85667808",32.35357143,4742.851215,157812.1367,0,"-",25,3.47672441454419,29.6457060574856,2.4521084001191
"98","124",37.52618312,-77.45575289,"24.12616252",30.44886364,1576.294111,48680.83524,0,"-",25,3.41604867457612,29.8812206999171,2.45103024027595
"99","125",37.5261937,-77.45579486,"21.02577829",89.60676891,4137.051564,330405.2897,0,"-",25,4.49543086299798,25.6915674664037,2.5040933171915
"100","126",37.52617939,-77.45580419,"22.5093481",41.51726191,3903.036255,161562.9851,0,"-",25,3.72610929039214,28.6777114373286,2.45895102952853
"101","127",37.52619883,-77.45586908,"17.31177963",62.375,7499.37443,467753.7481,0,"-",25,4.13316455407168,27.0977146391721,2.47837315225445
"102","128",37.52619572,-77.45587467,"17.48827949",197.6166609,3616.372119,1199989.194,0,"-",25,5.2863290980549,22.6216730551099,2.5865705189981
"103","129",37.5262,-77.45589471,"16.10861635",32.75,4037.732,129207.4,0,"-",25,3.48890296208126,29.5984346724141,2.45235253224769
"104","130",37.52620518,-77.45593877,"13.62598491",48.74675811,2519.68089,131308.1759,0,"-",25,3.88663869492492,29.7663910763423,1.28328619361895
"105","131",37.52619136,-77.45594101,"15.33762417",10.625,673.8716,6738.716,0,"-",25,2.36320971481048,33.9678456224575,2.4689861120706
"106","133",37.52617537,-77.45594204,"17.38176664",28.02083334,4560.807343,127102.8255,0,"-",25,3.33294828136597,30.2037772835385,2.44992740719619
"107","134",37.52612564,-77.45596283,"23.01929657",20.67142857,8489.0606,185625.2277,0,"-",25,3.02875248451302,31.4939902826469,1.27520040816806
"108","135",37.52613326,-77.45597043,"21.71239805",28.01166667,4618.114993,129541.1426,0,"-",25,3.33262109017942,30.2050472856076,2.44992391971976
"109","136",37.52617632,-77.45599794,"14.9650843",19.16666667,371.4933393,6953.130083,0,"-",25,2.95317265930911,31.6778873624591,2.45039675371144
"110","137",37.52615996,-77.45602583,"15.95679312",51.75972154,1204.247763,67921.29388,0,"-",25,3.94661227034819,25.9191264825216,1.28578840279678
"111","138",37.52614429,-77.456016,"18.37694514",44.79166667,3522.510798,167878.0658,0,"-",25,3.80202211028824,28.383053627746,2.46180064355774
"112","139",37.52609957,-77.45598969,"25.11379597",28.79166667,5651.463598,160222.054,0,"-",25,3.3600859935355,29.2643181696464,0.96864011810392
"113","140",37.52610775,-77.45603394,"21.14928464",31.0625,32679.63,997553.65,0,"-",25,3.43600130385685,28.7903077340025,1.30115089436839
"114","141",37.52608719,-77.45604906,"22.36184041",56.8125,7248.047039,406481.2524,0,"-",25,4.0397563719377,26.9880253061307,1.27903731928707
"115","142",37.52612904,-77.45607716,"15.81607683",64.51157264,2663.041699,175204.3008,0,"-",25,4.16684462848294,26.9669844546502,2.48043298422055
"116","143",37.52595899,-77.45600506,"39.49535411",31.51336781,1707.290281,59969.76622,0.03,"-",25,3.45041183073065,29.6141394466708,2.45034339138503
"117","144",37.5261574,-77.45571863,"28.88756808",73.625,3834.510195,281942.7137,0,"-",25,4.29898464197175,25.424611466976,0.818332558207604
"118","145",37.52614218,-77.45572504,"30.61087619",31.4375,6077.411,188399.7,0,"-",25,3.44800144785996,28.0462556628141,1.29883014179799
"119","146",37.52611235,-77.45566974,"36.7717891",23.04166667,9255.000594,215182.0246,0.97,"-",25,3.13730417131905,24.7024173717218,1.31848146340548
"120","151",37.52583854,-77.45529367,"87.67418026",21.38984375,1534.128037,33677.41855,0.08,"-",25,3.0629162182523,28.3211212598118,1.28997008721247
"121","152",37.52584581,-77.45530736,"86.18896407",35.65263158,5806.266731,211637.3379,0,"-",25,3.57382296124676,27.9865397663057,0.985998447814218
"122","153",37.52583825,-77.45532202,"86.61835999",24.09264706,2514.706241,60255.32626,0.13,"-",25,3.18190669269894,30.0733523687267,2.44748793867577
"123","154",37.52586873,-77.45535693,"81.25767294",18.875,10229.0244,187252.0223,0,"-",25,2.93783829513509,31.7374081412293,2.4506055852075
"124","155",37.52586518,-77.45528938,"84.33239098",28.65,8528.167326,251287.5336,0.22,"-",25,3.35515344316075,29.0546709877915,2.45416845298709
"125","156",37.52586015,-77.45526561,"85.91220164",11.04166667,80162.96988,1111180.665,0.43,"-",25,2.40167599594016,30.1279440535474,2.47750749410628
"126","157",37.52587128,-77.45524634,"85.19033686",19.63333333,34847.33166,705471.9955,0.67,"-",25,2.97722880181965,27.3512282170939,2.51313602046526
"127","158",37.52587806,-77.45522641,"85.06684939",4.5,8466.592201,38099.66491,0.56,"-",25,1.50407739677627,30.51860397975,2.63946996346141
"128","159",37.52583587,-77.45525887,"89.36877672",12.625,2256.972667,27749.68667,1,"-",25,2.53567897516142,25.2428434057823,2.62238467255373
"129","160",37.52589629,-77.45521362,"83.15948402",7.625,3917.566,30206.41,0.16,"-",25,2.03143232249348,33.6493366565044,2.47404974548896
"130","161",37.5258957,-77.45520177,"83.69511126",17.73099276,2096.480242,35922.00233,0.74,"-",25,2.87531411175036,27.0078113188373,2.52589192479972
"131","162",37.52590577,-77.45515638,"84.11964853",17.58333333,4217.064667,73121.61667,0.47,"-",25,2.86695148349849,28.8390198469959,2.47302775892178
"132","163",37.52595872,-77.4550682,"80.55185556",15.29166667,1602.212246,34763.29344,0.17,"-",25,2.72730801792461,31.3101621614658,1.29112009533604
"133","164",37.52597169,-77.45507087,"78.74145882",34.83333333,1058.323934,36800.84681,0,"-",25,3.55057478264106,32.5609020220301,1.32166038311216
"134","165",37.52597766,-77.45506136,"78.32169174",40.70625,6100.043559,252838.9836,0,"-",25,3.70638164331257,29.5163802110628,1.27816538732222
"135","166",37.5259903,-77.45504276,"77.37574416",16.125,18741.95595,327801.4301,0.02,"-",25,2.78037086268184,32.2067655799496,2.45253221608931
"136","167",37.52598136,-77.45508013,"77.11086356",38.08333333,22450.08402,844554.3807,0,"-",25,3.63977674101868,29.0128137287318,2.45614427644212
"137","168",37.52600042,-77.45506867,"75.04323369",35.6875,31314.74178,1130587.09,0,"-",25,3.57480048741623,29.2650209394188,2.45433737833012
"138","169",37.52602762,-77.45506508,"71.60060593",24.14583333,17743.97719,415206.3048,0,"-",25,3.18411183229381,29.8799035496272,1.29277729572781
"139","170",37.52596949,-77.45501747,"81.09123995",27.42045455,8146.220805,217820.802,0,"-",25,3.31128925131259,30.2878474361418,2.44971102124044
"140","171",37.52594526,-77.45501058,"84.54670575",16.75,865.5088,13848.14,0.17,"-",25,2.81839825827108,31.0206683134256,2.4494024545316
"141","173",37.52600264,-77.45500595,"77.17117072",18.5,3160.442201,62769.80729,0.03,"-",25,2.91777073208428,30.5918893885212,1.2781770739091
"142","175",37.52605903,-77.45505362,"67.90706648",55.59999827,2188.97631,121707.079,0.06,"-",25,4.01818317014143,27.6727452747901,1.29363082667754
"143","176",37.52611069,-77.45502481,"62.21783303",41.475,12439.76469,366754.2508,0,"-",25,3.72509083607651,28.6816645972588,2.45891522349828
"144","177",37.52613285,-77.45499047,"60.62487068",65.4375,11388.27337,810457.7646,0,"-",25,4.18109548863076,26.9116693281462,2.48132517583072
"145","178",37.52615042,-77.45498524,"58.51320008",34.5625,3707.079343,180790.0222,0,"-",25,3.54276927928255,29.3893510017175,2.45354340954147
"146","179",37.52619888,-77.45495539,"53.28506639",6,15239.86596,899152.0918,0,"-",25,1.79175946922805,36.1859463053092,2.50727200032711
"147","180",37.52596497,-77.45539042,"67.29508421",25.85971743,1878.20731,46928.14101,0,"-",25,3.25268644636986,30.5153159212205,2.44927293965757
"148","181",37.52596644,-77.455381,"67.46464893",17.375,932.61719,16204.224,0,"-",25,2.85503239145086,30.9307796413737,1.27672001021079
"149","182",37.52607579,-77.45544442,"50.62073737",26.09611077,1156.155734,30633.97801,0.08,"-",25,3.26178629058148,30.0640922755582,2.44744713863551
"150","183",37.52607978,-77.45548649,"48.47207424",9.875,871.792,7846.128,0,"-",25,2.29000631078719,34.2519867558394,2.47279114392764
"151","184",37.52612036,-77.45552329,"41.70817794",30.375,2921.681168,88746.06547,0,"-",25,3.41361990166071,29.8906480523485,2.4509918754883
"152","185",37.52612479,-77.45554608,"40.21912133",15.625,1985.486557,31023.22745,0.06,"-",25,2.74887219562247,32.0378789900699,2.45154546680427
"153","186",37.52592822,-77.45535857,"73.36286019",32,8356.636,267412.4,0,"-",25,3.46573590279973,29.6883582841534,2.4518960764916
"154","187",37.52597343,-77.45528051,"70.4219109",25.5,24598.67048,627266.0972,0,"-",25,3.23867845216438,30.5696883565335,2.44920010648338
"155","188",37.52599721,-77.4551933,"70.65619739",6.75,2162.986542,14600.15916,0,"-",25,1.90954250488444,35.7287680402942,2.4977863795866
"156","189",37.52599894,-77.45514765,"72.19086754",16.25,7793.89853,130200.5684,0.04,"-",25,2.78809290877575,27.5838587159516,0.997101943929218
"157","190",37.52603904,-77.45517656,"65.79475872",21,2872.986482,60332.71612,0.01,"-",25,3.04452243772342,31.2627747840612,2.44903013180662
"158","191",37.52603321,-77.45519508,"65.8484614",335.3481615,4856.134202,2542760.332,0,"-",25,5.81516928019883,20.5689645678867,2.66050622559946
"159","192",37.52601805,-77.45524024,"66.10132137",46.125,1481.261,68138,0.02,"-",25,3.83135510236069,29.7360560570488,1.28377774825426
"160","193",37.52603866,-77.45524306,"63.27981338",144.1863052,5064.66262,1472530.316,0,"-",25,4.97110624946704,23.8452196737495,2.54950460071516
"161","194",37.52606433,-77.45522214,"60.70656343",25.25,10352.33221,258665.4009,0,"-",25,3.22882615572137,30.6079303305931,2.44915625063188
"162","195",37.5260622,-77.45519785,"61.92526451",63.5,13471.15,848682.4,0,"-",25,4.15103990589865,27.0283309432159,2.47945784922837
"163","196",37.52608963,-77.45520231,"58.14084192",27.71875,5983.752242,205966.2385,0,"-",25,3.32210907950985,30.2458499595492,2.44981544327227
"164","197",37.52608034,-77.45517997,"60.2260604",83.25,27256.45786,2269100.117,0,"-",25,4.42184812886055,28.9487015695203,1.33150340348153
"165","198",37.52605745,-77.45516873,"63.67390591",74.0625,7341.902031,543759.6192,0,"-",25,4.30490933132945,26.4310823108871,2.48959061026319
"166","199",37.52609676,-77.45516434,"58.66732103",12.75,1511.891,18142.7,0,"-",25,2.54553127160444,30.93097787078,1.30735279132785
"167","200",37.5261223,-77.45523144,"52.71501305",4.75,1432.566,5730.265,0.13,"-",25,1.55814461804655,35.545528311048,2.50499754368913
"168","201",37.52616821,-77.45516618,"49.18915512",83,23792.85196,1974806.713,0,"-",25,4.4188406077966,25.9888547607486,2.49800504196845
"169","202",37.52616021,-77.45508639,"53.32153718",36.125,16502.78621,596163.1518,0.02,"-",25,3.5869851464326,29.1393393342159,2.45357281105904
"170","203",37.52618172,-77.45508622,"50.49590806",64.25,27482.65,1758890,0,"-",25,4.16278172377533,26.982754736973,2.4801808666023
"171","204",37.52622346,-77.45508127,"45.19172605",21.625,9144.128703,192009.9427,0,"-",25,3.07385005281794,31.2094745635918,2.44926740137358
"172","205",37.52629129,-77.45501983,"38.63229794",10.5,447.6769531,4700.608008,0,"-",25,2.35137525716348,34.0137814126526,2.46957906585502
"173","206",37.52630166,-77.4550306,"36.85128509",183.1324943,4241.1416,776690.8399,0.06,"-",25,5.21020990343907,23.0651549280848,2.55847234619625
"174","207",37.52631996,-77.4550361,"34.22947621",78.24536863,3368.081849,409103.737,0,"-",25,4.35984964083159,26.2178299079616,2.49355197189541
"175","208",37.52631868,-77.45502358,"34.88089274",21.375,6804.951351,145038.4944,0.01,"-",25,3.06222201482282,31.8175839367528,1.27623876534314
"176","209",37.52632951,-77.45502615,"33.35577684",21.875,5065.818154,110814.7721,0.05,"-",25,3.08534443224368,28.1613016338773,1.29382182476124
"177","210",37.52635808,-77.45501011,"30.2136537",81.10416667,20920.25756,1665085.637,0,"-",25,4.39573433674366,26.0785424212175,2.4962362479495
"178","211",37.52635579,-77.45503688,"29.48192071",63.625,14916.6755,1000944.822,0,"-",25,4.15300647487069,27.0206976487804,2.47957836250201
"179","212",37.52637738,-77.45501726,"27.39588351",21.375,1846.078383,41732.62229,0,"-",25,3.06222201482282,31.2546091299282,2.44933648539537
"180","213",37.52637494,-77.45500425,"28.21929358",86.4375,12577.56306,1053455.525,0,"-",25,4.45942160942498,25.831338427317,2.50118786423711
"181","214",37.52638944,-77.45504145,"24.87506653",40.79166667,1694.758404,79860.08086,0,"-",25,3.70847781226428,26.60754608401,1.28717513395077
"182","215",37.52639383,-77.45506021,"23.57300205",55.31166571,2342.916706,127563.6098,0,"-",25,4.01298383944536,27.5641995645685,2.47158369173862
"183","216",37.52640888,-77.45509082,"20.41076822",53.59027778,9623.135417,482191.267,0,"-",25,3.98136766692307,27.6869186541182,2.4699437042477
"184","217",37.52640726,-77.45500941,"23.76558333",75.35,14922.01636,1123349.903,0,"-",25,4.3221439250725,26.364185735996,2.49081391796622
"185","218",37.52643335,-77.45507249,"17.89566583",41.325,18702.29297,783302.2489,0,"-",25,3.72146764370709,27.0382546837427,1.28416605168507
"186","219",37.52644561,-77.45507196,"16.30190905",50.69444444,4064.435496,206633.3481,0,"-",25,3.92581632747281,27.9025427874885,2.46721025106917
"187","220",37.52644834,-77.45511487,"14.28756471",75.40104167,6895.697791,518131.0534,0,"-",25,4.32282109017047,26.3615573000511,2.49086234470384
"188","221",37.52646688,-77.45512169,"11.58266994",62.75986111,9185.043071,571259.1347,0,"-",25,4.1393157148286,27.0738387304981,2.47874423092841
"189","222",37.52648025,-77.45512289,"9.77668377",79.51388889,8679.173514,677508.2981,0,"-",25,4.37593170942036,26.155406892845,2.49474550912892
"190","223",37.52648874,-77.45511368,"9.013694296",85.98611111,7414.158818,636590.6813,0,"-",25,4.45418578449025,24.603719228686,1.2844585500909
"191","224",37.52648146,-77.45513709,"9.06907733",30.02437452,2486.069011,77389.53392,0,"-",25,3.4020095357757,31.8998177415544,1.28377677243442
"192","225",37.52649053,-77.45513642,"7.900841779",59.82291667,4343.742674,269315.8905,0,"-",25,4.09138880945218,27.3639930796941,1.27893575234858
"193","226",37.52650106,-77.45513498,"6.569633735",38.16666667,4611.596249,176638.9582,0,"-",25,3.64196253441352,29.0043295083484,2.45620962730382
"194","227",37.52647307,-77.45515627,"9.432693426",127.3541667,11866.58071,1506235.691,0,"-",25,4.84697191938257,24.3262728810149,1.30298223381056
"195","228",37.52646119,-77.45519557,"9.481011308",35.90277778,7497.411221,262316.4875,0,"-",25,3.58081466798837,27.0088588197664,1.28784129414481
"196","229",37.52642396,-77.45516516,"15.55561021",50.5625,35211.36326,1496324.095,0,"-",25,3.92321019481871,27.9126585668837,2.46708665780551
"197","230",37.52636149,-77.45517055,"23.57252963",30,6181.345471,176954.159,0,"-",25,3.40119738166216,29.938866423597,2.45080142180789
"198","231",37.5263857,-77.45516403,"20.63722228",42.75,6793.694113,290430.4233,0,"-",25,3.75536919538277,28.5641382684629,2.46000716260736
"199","232",37.52641929,-77.45525794,"12.59068505",5.125,1605.353846,8227.438461,0,"-",25,1.63413052502447,36.7977876186659,2.52123347898825
"200","233",37.52647539,-77.45523591,"6.054422285",27.125,18322.93508,515617.3615,0,"-",25,3.30045581186062,30.3298977452138,2.44961381783868
"201","234",37.52650885,-77.45517722,"3.914284287",90.76071429,22687.42224,2048104.203,0,"-",25,4.50822652997763,25.6419007143381,2.50514408547972
"202","235",37.5265364,-77.45509767,"3.35686276",73.04166667,22918.96803,1673283.438,0,"-",25,4.29103005461892,26.4849551255146,2.48861835176415
"203","236",37.52654779,-77.45508682,"2.275293582",22.375,5996.514978,124233.2998,0,"-",25,3.10794426416092,31.077136894572,2.44911371437685
"204","237",37.52652327,-77.45507861,"5.820865959",104.375,2203.042,229491,0,"-",25,4.64799018317102,25.0994040455859,2.51724339011914
"205","238",37.52653089,-77.45508063,"4.740104585",63.875,5023.407,316474.6,0,"-",25,4.15692804852387,27.0054759470396,2.47981937800973
"206","239",37.52654228,-77.45508035,"3.250889338",27.125,8219.191,259287.415,0,"-",25,3.30045581186062,28.0656428844539,1.30467586509677
"207","240",37.52651191,-77.45511336,"5.97558697",81.29166667,17951.05667,1448069.667,0,"-",25,4.39804351031617,26.0695792971002,2.4964115950396
"208","241",37.52656252,-77.4550735,"0.850436682",38.75,11928.36495,497105.9543,0.64,"-",25,3.65713075579936,24.2077823928278,1.31379772861707
"209","242",37.52654724,-77.45505129,"3.718381047",65.5,17612.55,1144816,0,"-",25,4.18205014264121,26.9079638109488,2.48138538085962
"210","243",37.52657266,-77.45505016,"0.415995771",82.53125,3687.051771,305741.5753,0,"-",25,4.41317700949741,26.0108381816185,2.49756856950905
"211","244",37.5265307,-77.45506457,"5.384653277",33.5625,7372.5325,248301.65,0,"-",25,3.51340937226908,29.5033123313319,2.45287186438775
"212","245",37.52653507,-77.45502726,"6.24794179",35.26875,51633.25192,1819072.449,0,"-",25,3.56299730273531,29.31083534269,2.45403736668801
"213","246",37.52647519,-77.45502346,"14.27921433",55.16666667,14921.78075,882309.749,0,"-",25,4.01035890620943,27.5743883189667,2.47144520839281
"214","247",37.52648991,-77.45505887,"10.97550045",78.54861111,14017.52581,1103108.642,0,"-",25,4.36371768294123,26.2028159904579,2.49383763745903
"215","248",37.52649787,-77.45498113,"12.92736329",33,6328.738401,208848.3672,0,"-",25,3.49650756146648,29.568917199599,2.45250967338687
"216","249",37.52651125,-77.45497112,"11.55086621",28.875,10503.1297,306232.2424,0,"-",25,3.36297616884196,30.0872231684078,2.45027601772339
"217","250",37.52654966,-77.45497484,"6.350895607",53.625,16022.12,849172.5,0,"-",25,3.98201537724818,27.6844045477274,2.46997668938312
"218","251",37.52657999,-77.45497038,"2.529401625",25.0625,5570.436444,138536.3735,0,"-",25,3.22137270506679,30.6368611152315,2.44912711709364
"219","252",37.52661894,-77.45492651,"0.90555595",21,737.2270759,16515.48347,0,"-",25,3.04452243772342,31.3233105511873,2.44945791293973
"220","253",37.52638961,-77.45535265,"12.84344224",21.5,9406.975577,197947.5784,0,"-",25,3.06805293513362,31.231976243823,2.44930078331566
"221","254",37.52637068,-77.45539005,"13.89362187",26.5,3538.218959,92298.02795,0,"-",25,3.27714473299218,30.5404493241398,1.29851683739246
"222","256",37.5263427,-77.45544442,"15.4790522",36.25902746,2349.030473,82957.61598,0,"-",25,3.59068838367633,27.7781554740675,1.27929054137696
"223","257",37.52634829,-77.45544549,"14.7011142",38.58333333,752.0187638,28397.68874,0,"-",25,3.65282040421184,27.8204017668635,1.30254599708176
"224","258",37.52632622,-77.45543887,"17.86293264",56.30749857,2129.705213,150557.1528,0,"-",25,4.03082771579713,27.494938041581,2.47253621862188
"225","259",37.52628243,-77.45546775,"22.51372249",19.5625,427.0602564,8351.605098,0,"-",25,2.97361446830037,31.5985418886707,2.45014126218142
"226","260",37.52626142,-77.45546545,"25.36907986",24.4375,1857.466656,45391.84142,0,"-",25,3.19611883774558,30.7348847328305,2.44905430598024
"227","261",37.52623117,-77.4554081,"31.56426547",19.5,9589.712,182204.5,0,"-",25,2.9704144655697,31.45013955789,0.979944890113078
"228","262",37.52626244,-77.45535897,"29.34337453",18.25,3736.924,67264.64,0.34,"-",25,2.9041650800285,31.7663519322085,1.28954015649045
"229","263",37.52620201,-77.45540385,"35.56783826",21.75,43083.01625,937055.6035,0,"-",25,3.07961375753469,31.1871025767621,2.44923630076461
"230","264",37.52626611,-77.45529455,"31.34640123",63.82735177,9134.246767,380611.4302,0,"-",25,4.15618180960891,27.0083724950061,2.47977344342372
"231","265",37.52629291,-77.45527045,"28.74798848",32.79687453,2288.864353,80297.81199,0,"-",25,3.49033322213033,31.1002493247578,0.98734654067769
"232","266",37.5263691,-77.45548283,"10.52095454",37.859375,3350.704573,128329.5463,0,"-",25,3.63387863745685,29.0357073885721,2.45596941720208
"233","269",37.5265227,-77.45542695,"7.545556325",5,670.16602,3350.83,0.19,"-",25,1.6094379124341,32.3018423454202,1.31334672657236
"234","270",37.52653288,-77.455432,"9.08095136",23.13749951,1641.455597,35754.82749,0.11,"-",25,3.14145465672187,30.32312234517,2.44708129802302
"235","272",37.52650861,-77.45547896,"7.698397191",12.75,2035.752,24429.02,0,"-",25,2.54553127160444,30.5244037448193,1.29826643962786
"236","273",37.52651179,-77.45548561,"8.3735696",15.13555508,851.2685649,12884.42225,0,"-",25,2.71704661705719,32.5944174359115,2.4552417738615
"237","275",37.52653593,-77.45548156,"11.39610019",66.25,4398.229715,35185.83772,0.03,"-",25,4.19343546486633,26.8177716973865,2.47840886902594
"238","276",37.52657142,-77.45555387,"18.85868331",26.8,34058.79136,817410.9925,0.13,"-",25,3.28840188751681,34.4428586646147,1.00079027790383
"239","278",37.52659511,-77.45550935,"20.2602787",16.125,2154.739862,45918.69632,0.01,"-",25,2.78037086268184,32.2776940609989,2.45304562495894
"240","279",37.52663019,-77.45545455,"22.7636183",22.90625,3076.699178,55758.18825,0,"-",25,3.13140979908692,30.9860547409721,2.4490502886206
"241","280",37.52664073,-77.45546869,"24.69651074",26.7979166,3218.91862,86984.68074,0,"-",25,3.28832414568902,29.2270324489936,1.27885737347518
"242","281",37.52664883,-77.45547987,"26.19454489",38.87999331,3298.927142,130484.9202,0.04,"-",25,3.66047980752432,26.5337883299174,0.97885417258128
"243","282",37.52657683,-77.45535282,"11.81255457",14,7888.539153,110439.5481,0.72,"-",25,2.63905732961526,27.3899785529544,2.52361136279362
"244","284",37.52660779,-77.45529791,"13.77048295",29.875,6525.087942,194937.0023,0.25,"-",25,3.39702201025167,27.4897314242313,1.2969368666421
"245","285",37.52659026,-77.45528685,"11.0344387",15.75,6583.207,98748.11,0,"-",25,2.75684036527164,32.4399568494124,2.45418144873551
"246","286",37.52659033,-77.45526727,"10.28905568",75,6286.3269,471474.5175,0,"-",25,4.31748811353631,26.3822574033502,2.49048170275661
"247","287",37.52661932,-77.45526515,"14.02337321",26.05,7130.944025,186048.0902,0,"-",25,3.26001776819938,30.4868591831545,2.44931596269007
"248","288",37.52663891,-77.4552688,"16.74356349",29.5625,5418.069326,142871.789,0,"-",25,3.38650666625215,29.931946321335,1.27271377794124
"249","289",37.52663567,-77.455253,"15.70689024",9.2,8012.632014,114916.7889,0,"-",25,2.21920348405499,34.5268099789223,2.47678201082117
"250","290",37.52663558,-77.45523914,"15.16020082",5.125,1070.498,5352.488,0,"-",25,1.63413052502447,36.7977876186659,2.52123347898825
"251","291",37.5266514,-77.45523818,"17.20607916",78.94134048,4638.24181,669861.9673,0,"-",25,4.36870505108875,30.2258565695925,1.34466187499858
"252","292",37.5266542,-77.45524854,"17.9756382",36.56773778,2097.016265,73405.42529,0,"-",25,3.59916637025335,29.6072593571679,1.29224279043477
"253","293",37.5266366,-77.45530179,"17.71270071",26.5,12864.82192,340917.7808,0,"-",25,3.27714473299218,30.4203803731518,2.44942960149375
"254","294",37.52665133,-77.45531415,"20.12929048",91.0999974,10983.50806,794083.2505,0,"-",25,4.51195777572585,25.6274177758742,2.50545229916724
"255","298",37.52674316,-77.45550478,"39.57563225",46,4598.113548,210972.4766,0.93,"-",25,3.8286413964891,25.5189706293179,2.83726906624644
"256","300",37.5267795,-77.45546446,"42.80420238",63.96428571,4256.409192,268844.9678,0.21,"-",25,4.15832489181851,26.6490474558245,2.48699597765248
"257","301",37.52679421,-77.45547534,"45.16163125",11.125,6382.931,70212.24,0.11,"-",25,2.4091948280523,32.8485017473939,2.45937522136891
"258","302",37.52679004,-77.45543249,"42.95866232",64,8776.039078,561666.501,0.04,"-",25,4.15888308335967,26.9311168674183,2.47557660126669
"259","303",37.52677055,-77.45537818,"38.29644932",25.20833333,7378.030667,181974.1333,0.95,"-",25,3.22717462755066,25.5461340327414,2.63287914817828
"260","304",37.52687946,-77.45545885,"55.74961036",40.66071429,6937.253639,293999.506,0.44,"-",25,3.70526237543399,27.2388790560122,2.51739724267335
"261","306",37.52696955,-77.45543975,"66.87303559",21.04166667,9081.035373,182604.8112,0.92,"-",25,3.04650459908583,25.7535008399343,2.59033638554937
"262","307",37.52706373,-77.45525669,"72.20980909",23.13541667,5411.884128,124234.9186,0.72,"-",25,3.14136463257067,31.0399669218109,1.00256234841806
"263","308",37.52699082,-77.45518454,"59.82632294",20.34375,10484.28,203423.6,0.98,"-",25,3.01277373940884,25.3916258012288,2.60707197041921
"264","309",37.52702335,-77.45516336,"63.29043732",24.53846154,5677.280588,169614.1092,0.92,"-",25,3.200241745386,25.713236492089,2.61511077374133
"265","310",37.52677371,-77.45520592,"32.06504157",89.98989201,2050.43231,276573.0694,0,"-",25,4.49969735302291,25.6750069617738,2.50444261048462
"266","311",37.52675404,-77.45523849,"30.73205262",17.5,13391.04,227647.7,0,"-",25,2.86220088092947,28.4472132528632,1.32649282560225
"267","313",37.52667441,-77.45528075,"21.87885304",23.92601777,856.3356397,20488.70173,0,"-",25,3.17496647645512,30.8169882359526,2.4490241009129
"268","314",37.52670104,-77.45525867,"24.53316818",24.75,39970.48335,961115.2944,0,"-",25,3.2088254890147,30.0428967193623,1.27621665716765
"269","315",37.52657887,-77.45521583,"6.794454169",42.6,2878.170098,123399.1208,0,"-",25,3.75185425327532,28.577781618079,2.45987748988684
"270","316",37.52660531,-77.45520645,"9.914091792",59,2455.940057,44206.92102,0,"-",25,4.07753744390572,25.9195092430167,1.28190761071295
"271","317",37.52665561,-77.45517482,"15.31651919",39.8604927,6469.330839,185637.7553,0.19,"-",25,3.68538567547092,28.1646670682895,2.46072093068141
"272","318",37.52664733,-77.45516471,"13.83533833",13.4375,2227.782,28961.165,0,"-",25,2.59804930588788,35.804816623345,1.29527818991264
"273","319",37.52665325,-77.45512603,"13.1224736",165.4627266,3599.017183,1043523.017,0,"-",25,5.10874595253355,23.3109671789446,2.56502328887189
"274","320",37.52663043,-77.45508013,"8.346414356",51.375,13782.95237,708099.178,0,"-",25,3.9391516728164,27.8507812582192,2.4678491854116
"275","321",37.52665836,-77.45507798,"11.9414662",4.625,4069.147885,18819.80897,0.89,"-",25,1.53147637096439,26.9316111665604,1.36877360135862
"276","322",37.52667766,-77.45502828,"12.56461798",32.25,3581.416,114605.3,0,"-",25,3.47351804324178,29.6581516805829,2.45204566593801
"277","323",37.52673234,-77.45500024,"18.68202961",19.15625,25159.83674,545234.8913,0.23,"-",25,2.95262903313649,32.6103098287057,1.29196217080109
"278","324",37.52672716,-77.45497733,"17.11515715",22.24833286,1679.754155,45077.72884,0,"-",25,3.10226707816458,31.099173056482,2.44913424728314
"279","325",37.52674133,-77.45497105,"18.66955184",28.58333333,6159.615847,180114.5162,0,"-",25,3.35282379726132,28.528116297336,1.28018881835714
"280","326",37.52684335,-77.45493599,"29.99509701",27.375,1714.131492,47070.13912,0.01,"-",25,3.30963018813666,30.2441817042448,2.44926228645777
"281","327",37.52674794,-77.45491588,"16.91216035",14.1875,4782.289418,70169.82813,0,"-",25,2.65236129524162,32.8454953864396,2.45717561088775
"282","329",37.52704739,-77.45451204,"34.46641419",14.64044969,696.8407383,11154.64856,0.18,"-",25,2.68378822459148,33.3922223657961,1.28718304266665
"283","330",37.52702508,-77.45462897,"38.03061837",11.77115385,2197.702674,25565.11309,0.19,"-",25,2.46565194960234,31.9873097490927,2.45664342320297
"284","331",37.52694439,-77.45461961,"27.61732801",56.58333333,5995.729408,335457.6958,0,"-",25,4.03571447771179,27.0140470154083,0.973941829553215
"285","332",37.52688591,-77.45464351,"21.63982464",44,9621.128,423329.6,0.04,"-",25,3.78418963391826,28.3265329622699,2.45862838959062
"286","333",37.52687922,-77.454665,"21.80081988",28.125,260.3594912,7322.610689,0,"-",25,3.33665886052458,30.1893745630407,2.44996742695152
"287","334",37.52684348,-77.45468512,"18.20159175",12.29807692,2036.416531,26923.71385,0.65,"-",25,2.50944290218727,28.0970300484933,2.51428825392622
"288","335",37.52685242,-77.45456215,"13.22515188",23.68666625,1705.402262,40834.94957,0.02,"-",25,3.164912284334,30.4713344208467,1.29078726139695
"289","336",37.52687266,-77.45455187,"15.15663825",9.875,907.1349,8164.214,0,"-",25,2.29000631078719,34.2519867558394,2.47279114392764
"290","337",37.52695331,-77.45441268,"17.55596461",21.66666667,1102.699025,23835.26447,0.04,"-",25,3.07577498138137,29.9909921626571,0.980835490225812
"291","338",37.5269691,-77.45440699,"19.18916856",29,6311.46,183032.3,0.23,"-",25,3.36729582998647,31.1055459423956,0.981405238265393
"292","339",37.52699186,-77.4543639,"19.66010076",21,22946.19274,481870.0476,0.29,"-",25,3.04452243772342,29.5677733045323,2.4548958328825
"293","340",37.52679197,-77.4543096,"7.815071437",33.75,1223.650339,41298.19893,0,"-",25,3.51898041731854,29.481688158582,2.45299515501394
"294","341",37.52677727,-77.45429291,"10.51975685",13.7125,3732.211979,50589.61456,0,"-",25,2.61830782560135,32.97767491536,2.45829811104427
"295","342",37.52677233,-77.45421937,"15.0902498",4.75,1248.783,4995.132,0,"-",25,1.55814461804655,37.0927291178738,2.52847537889559
"296","343",37.52700819,-77.45373722,"1.692181319",59.9375,3752.239785,223848.1928,0,"-",25,4.09330235264366,27.2524409288027,2.47602394501289
"297","344",37.52709815,-77.45381461,"12.61211732",36.02083333,30808.03024,1101594.77,0,"-",25,3.58409747468286,29.1445922645035,1.27330256687984
"298","345",37.52667069,-77.45393549,"42.51832599",7.916666667,2024.756331,15746.18477,0,"-",25,2.06897024185465,35.1099446607037,2.48625478134309
"299","346",37.5266768,-77.45403832,"36.58407032",21.35480769,6084.298241,130329.6646,0,"-",25,3.06127689886773,33.3392364386262,1.00702700549449
"300","347",37.52663168,-77.45415538,"35.81281445",12.6234375,11729.92033,147264.8962,0,"-",25,2.53555520512599,33.2988816090365,2.46132536278533
"301","348",37.5266162,-77.4541841,"36.16562961",13.36458333,6015.757353,76902.91496,0,"-",25,2.59260817289838,33.0774288618325,2.4591928636992
"302","350",37.52654081,-77.45415165,"47.17328307",20.78125,7464.947683,154254.9113,0,"-",25,3.03405113785613,31.5687418716887,0.81627665467587
"303","351",37.52655455,-77.45422442,"41.56283106",20,17278.75959,345575.1919,0,"-",25,2.99573227355399,34.1278402219672,1.29514754997885
"304","352",37.52656857,-77.45425373,"38.26063121",8.175,1151.590057,9414.248717,0,"-",25,2.10108071678332,34.9853069220439,2.48411586879948
"305","353",37.52670302,-77.45435587,"16.24254858",45.16666667,52337.36419,2425941.551,0,"-",25,3.81035935172545,27.6837111904374,0.97619234315007
"306","354",37.5267174,-77.45432604,"16.08545483",35.53125,2926.786154,103439.3018,0,"-",25,3.57041259095081,31.0511919708249,0.988599721597755
"307","355",37.52672254,-77.45431693,"15.94584987",43.3254468,1981.664001,115383.903,0,"-",25,3.76874014830095,28.5122385273612,2.46050742661871
"308","357",37.52646056,-77.4542761,"50.31956341",38.75,129348.8,4915254,0.38,"-",25,3.65713075579936,27.5609822249893,2.49481103675316
"309","358",37.52644225,-77.4541994,"56.70346788",25.96875,100835.6986,2540706.552,0,"-",25,3.25689389205572,30.4989845989032,2.44929721854449
"310","359",37.52630178,-77.45462568,"53.49829074",20.31666667,8975.37306,565604.3299,0,"-",25,3.01144156742324,33.9028778965179,0.992102434630643
"311","360",37.52626127,-77.4546794,"56.1217309",22.0049999,7046.885879,450579.6921,0,"-",25,3.09126969571863,31.1418597150345,2.4491797716451
"312","361",37.52612335,-77.45464582,"75.28004348",14.44861111,2221.891443,28869.29924,0,"-",25,2.67059829298389,31.4627238830412,1.2964446778754
"313","362",37.52606288,-77.45470176,"80.97858929",24.65833333,7502.123318,173217.3194,0.04,"-",25,3.20511490948298,30.9350399243272,0.984243368273503
"314","363",37.52618594,-77.45479087,"61.33832079",11.75,395.8406744,4651.127924,0,"-",25,2.46385324059017,33.5771948615518,2.46429051842739
"315","364",37.5261515,-77.4548691,"62.85329608",37.4375,33245.11726,1367277.764,0.01,"-",25,3.62267287587567,29.0414137168093,2.455031122748
"316","365",37.526,-77.455,"62.41839854",13.58333333,481.710867,6804.952942,0,"-",25,2.60884355077336,33.0144107722801,2.45862285502861
"317","366",37.52620408,-77.45488901,"55.16235487",39.625,5579.83398,221100.921,0,"-",25,3.67946023219744,27.4892426757329,0.828409046517992
"318","367",37.52621337,-77.4548655,"54.84637247",64.6875,22361.85548,1541724.167,0,"-",25,4.16956798345969,26.9564136734137,2.48060253587531
"319","368",37.52624107,-77.45486171,"51.34519346",79.25,1748.296312,22727.85205,0,"-",25,4.37260741275739,26.1683102466455,2.4944975362112
"320","369",37.52626998,-77.4548833,"46.70599315",30.97222222,2517.201188,77996.66913,0,"-",25,3.43309074536636,29.8150714084446,2.45130981519657
"321","370",37.52623718,-77.45489221,"50.68075759",25.94666586,2553.805695,66262.74302,0.04,"-",25,3.25604311812023,30.2934319024116,2.44792565943621
"322","371",37.52639427,-77.45481995,"32.78655797",20.875,3534.291735,73778.33997,0,"-",25,3.03855227073692,31.3464839272981,2.44950330034915
"323","372",37.52641293,-77.45482213,"30.24591204",22.625,52354.64,1151802,0,"-",25,3.11905548958599,31.034008351198,2.44907937707113
"324","373",37.52643353,-77.45480039,"28.51585622",20.625,657.3782628,13558.42667,0,"-",25,3.02650393222074,29.869233774802,1.2817764804046
"325","374",37.52647085,-77.45473988,"26.61774371",24.33333333,24190.26343,588629.7435,0,"-",25,3.19184715234329,30.751465403468,2.44904594489096
"326","375",37.52657611,-77.45482383,"9.276440808",28.8125,5026.548,141346.55,0.04,"-",25,3.36080932075687,28.5894494063725,1.27995427484809
"327","376",37.52658512,-77.45483051,"7.816331932",13.25,1841.758667,25974.16267,0,"-",25,2.58399755243223,33.1108512346171,2.4595018011706
"328","377",37.52658678,-77.45474515,"11.62363346",32,23131.54671,740209.4947,0,"-",25,3.46573590279973,29.6883582841534,2.4518960764916
"329","378",37.52650179,-77.45469589,"24.75306716",30.58628403,2727.48244,83014.97404,0,"-",25,3.42055167415758,29.863742176592,2.45110234587374
"330","379",37.52534148,-77.45654168,"76.0852472",2.25,539.55078,1213.989,0.05,"-",25,0.810930216216329,37.4801076823863,0.996928306423446
"331","380",37.52535788,-77.456608,"70.72507599",20.4375,20097.5552,390869.102,0,"-",25,3.01737144865747,34.8599269743635,1.3060514518848
"332","382",37.52553639,-77.45661869,"47.78177221",6.625,357.66602,2369.537,0.2,"-",25,1.89085037187229,34.6220029395123,1.28236526646961
"333","390",37.52560029,-77.45663509,"38.94282047",7.125,4354.247,30479.73,0,"-",25,1.96360972615471,35.5189045546337,2.49370617628539
"334","392",37.52570038,-77.45661037,"27.88887454",9,1072.068,9648.616,0,"-",25,2.19722457733622,33.2620123419657,1.28213332883619
"335","399",37.52600462,-77.45648535,"1.634511531",18.30729167,1101.651898,21568.25204,0,"-",25,2.90729943239906,31.8559456216346,2.45106532197992
"336","400",37.526,-77.456,"11.02135686",9.1875,4337.62313,46617.90237,0.11,"-",25,2.21784386453895,33.5084229433037,2.46697464716653
"337","404",37.52614656,-77.45654834,"18.58447562",6.25,3242.124,19452.74,0.38,"-",25,1.83258146374831,31.9152078293202,2.50999020299187
"338","407",37.52609604,-77.45628713,"4.898830407",18.25625,1261.820714,22632.58297,0,"-",25,2.90450748715391,31.8667826379848,2.45111026378643
"339","409",37.52609396,-77.45636295,"0.12523139",8.075,3010.666805,24512.78665,0.25,"-",25,2.08877286910872,32.5796166734141,2.47325172397347
"340","414",37.52619688,-77.4561778,"1.39099936",12.75,4418.650067,56337.78836,0,"-",25,2.54553127160444,33.2601592179989,2.4609379591113
"341","418",37.52608869,-77.45609508,"19.00912769",25.125,9151.851966,229965.2662,0,"-",25,3.22386336637924,29.9876773412538,1.29171379162405
"342","421",37.52622629,-77.45612907,"1.534884781",11.5,3848.451,42332.96,0,"-",25,2.4423470353692,33.6606718201408,2.46524163690907
"343","422",37.526,-77.456,"1.312715693",8.640625,1295.514337,10654.62533,0,"-",25,2.15647491816266,34.7702927246481,2.48057174437681
"344","423",37.52621517,-77.45619729,"1.968059073",9.944444444,680.8093074,6690.954161,0,"-",25,2.2970140478999,34.2247860212258,2.47241273368317
"345","424",37.52624099,-77.4562018,"5.118439338",65.83333333,30699.9048,2175275.046,0.02,"-",25,4.18712629562243,26.8570976863126,2.47908908394523
"346","425",37.52624552,-77.45601736,"5.139352706",30.75,8387.790552,259743.2897,0.11,"-",25,3.42588999425253,31.8910477324252,1.00988142775073
"347","426",37.52634165,-77.45622652,"17.89102317",39.625,6470.895,252364.9,0.01,"-",25,3.67946023219744,28.8232261757801,2.45671270807333
"348","429",37.52635485,-77.45609912,"12.48018594",23.4,7092.538116,154021.5575,0,"-",25,3.15273602236366,30.9032763875136,2.4490225995494
"349","431",37.5264129,-77.45598171,"15.24169113",6.925,1974.255363,13671.71839,0.28,"-",25,1.9351380520734,32.7122910828351,2.48456415987772
"350","432",37.5264146,-77.45595533,"14.38120165",25,5084.66771,127116.693,0,"-",25,3.2188758248682,34.0611578184291,1.30572084777509
"351","434",37.52641498,-77.45587119,"10.98017888",7.125,4976.283,34833.98,0.17,"-",25,1.96360972615471,33.7668347747419,2.47748533603824
"352","435",37.52640348,-77.45588093,"9.879366055",6.75,5497.787,32986.72,0,"-",25,1.90954250488444,35.7287680402942,2.4977863795866
"353","436",37.52660875,-77.45586335,"35.94516327",11,3628.54,39913.93,0.01,"-",25,2.39789527279837,33.7472361186971,2.46632539668671
"354","437",37.52662251,-77.45587927,"38.39384172",3.375,5382.33361,16147.0008,0.34,"-",25,1.21639532432449,33.9155599390549,2.56741624580412
"355","439",37.5266112,-77.45587689,"36.82050281",7.25,871.792,6102.544,0,"-",25,1.98100146886658,35.4513980014676,2.4924305765752
"356","441",37.52655597,-77.45602711,"35.77299394",10.625,2667.998,26679.98,0,"-",25,2.36320971481048,33.9678456224575,2.4689861120706
"357","443",37.52655126,-77.45575734,"24.09594334",12.83333333,2039.941036,25787.37098,0.59,"-",25,2.55204595236589,28.520085560733,2.49835764802415
"358","446",37.52676256,-77.45562163,"46.63956659",5.458333333,2944.719587,15412.65443,0.02,"-",25,1.69714349279214,36.3261075398341,2.51078449175403
"359","448",37.52667548,-77.45544955,"28.53331682",19.925,12337.03435,245815.4094,0.15,"-",25,2.99197522467628,30.5882265066336,2.44778021640656
"360","449",37.52665418,-77.45545668,"26.00407139",27.75,4498.29102,124827.576,0,"-",25,3.32323584019244,25.4877254597559,1.33722120744659
"361","450",37.5266489,-77.45553986,"28.51932219",28.75,6635.044,185781.2,1,"-",25,3.35863776724336,25.2863336335736,2.69138016069775
"362","451",37.52675502,-77.45547831,"40.116295",13,5538.628,72002.16,0.71,"-",25,2.56494935746154,28.4451943932382,0.973488066375617
"363","454",37.52673674,-77.45541271,"35.17752069",41.75,4273.4375,178416.0156,0.59,"-",25,3.73169945129686,26.2608918911286,1.31146200673487
"364","456",37.52680008,-77.45538252,"42.35147927",8.664772727,3056.876967,28636.26834,0.24,"-",25,2.15926569397188,33.3557335402804,1.30386366353269
"365","457",37.52681063,-77.45519285,"36.42220814",26,1914.800722,49784.81878,0.12,"-",25,3.25809653802148,29.8687209641484,2.44776460335811
"366","458",37.52672694,-77.45525631,"27.85199083",14.25,3166.725,44334.16,0.03,"-",25,2.65675690671466,32.6010579397288,2.45518890483615
"367","460",37.52693466,-77.45522827,"54.11891651",1.5,6484.247237,9726.370856,0.94,"-",25,0.405465108108164,26.1164668392248,3.80129037073145
"368","465",37.5269822,-77.45474246,"38.54623431",26.25,1193.805208,31337.38672,0.48,"-",25,3.26766598903763,27.9728621829381,2.48955493764668
"369","467",37.52644501,-77.45662399,"56.78081168",6.0625,6569.8555,35236.89,0.95,"-",25,1.8021222562636,25.7511599915331,2.83994588124601
"370","468",37.52644172,-77.45663885,"57.44736927",10,1521.316333,14195.28667,0.81,"-",25,2.30258509299405,26.9353262317986,2.58993729120181
"371","472",37.52656165,-77.4565215,"62.496626",12.875,9610.1319,97656.4075,0.4,"-",25,2.5552874465498,30.0309260608201,2.46778222834016
"372","475",37.52634231,-77.45610585,"11.11985014",28.25,2093.8715,58628.4021,0.11,"-",25,3.34109345759245,29.6346184892105,2.44838281340853
"373","483",37.52575918,-77.4571897,"8.615911898",11.375,5422.36328,61679.382,0,"-",25,2.43141796483701,35.2726852641581,1.30070535732139
"374","485",37.52572827,-77.45710889,"0.71176584",36.90625,1623.221563,59067.71145,0,"-",25,3.60838091339764,29.134677543164,2.45523839111947
"375","486",37.52635267,-77.4570478,"74.76490874",4.75,1662.59766,7897.339,0.97,"-",25,1.55814461804655,22.9193472548889,1.37628414151949
"376","487",37.52634683,-77.45705992,"74.89981671",12.83333333,6480.05833,81409.41047,0.63,"-",25,2.55204595236589,29.6606724887878,1.28646932896234
"377","488",37.5265042,-77.45684007,"78.25151283",26.234375,6820.790373,181430.3227,1,"-",25,3.26707057371787,25.2814946572567,2.66442161966566
"378","489",37.52642109,-77.45678707,"65.37645602",11.975,3172.85137,46262.70337,0.94,"-",25,2.48282114329698,25.7358612909106,2.60782980118994
"379","490",37.526403,-77.45677661,"62.63918634",22.5,6822.754,150100.6,0.26,"-",25,3.11351530921037,36.3399129957266,1.40289875046847
"380","491",37.52640356,-77.4567942,"63.85942412",19.29166667,2847.592,54361.85667,0.29,"-",25,2.95967322391107,29.8003076809031,2.45425316715766
"381","492",37.52639715,-77.45683389,"65.74258823",6.5,1583.363,9500.176,0.06,"-",25,1.87180217690159,35.2352083268896,2.49057281089042
"382","495",37.52635503,-77.456827,"60.5171969",21.6,3872.012946,83635.47962,0.08,"-",25,3.07269331469012,30.7385451229971,2.44715166088036
"383","496",37.52635182,-77.4568163,"59.45113343",8.0625,954.2587685,7693.711321,0.32,"-",25,2.08722368212189,31.8967096766318,2.4797938929494
"384","500",37.52605281,-77.45688,"29.76651225",12.375,10310.05859,127586.975,0,"-",25,2.51567830845475,37.322726962324,1.31828182652817
"385","501",37.52600361,-77.45687406,"23.58881964",5.75,1041.438,5207.19,0,"-",25,1.74919985480926,33.2316601308218,1.33385228053863
"386","502",37.5260087,-77.45685956,"23.42632069",6.25,1138.827,6832.964,0,"-",25,1.83258146374831,36.0274945509864,2.50389212190062
"387","504",37.52601662,-77.45683603,"22.77636984",9.5,19383.54492,184143.677,0,"-",25,2.2512917986065,32.4469031909416,1.28984740855587
"388","508",37.5256012,-77.45678065,"31.58163162",7,4382.32422,30676.27,0.31,"-",25,1.94591014905531,35.6187295364755,1.30775871455814
"389","509",37.526,-77.457,"32.77671919",7,30784.47,215491.3,0.31,"-",25,1.94591014905531,32.3710678001486,2.4875568193497
"390","510",37.52557444,-77.45697887,"25.07363283",10.5,15279.54102,160435.181,0.05,"-",25,2.35137525716348,34.6197693175541,1.30424195726357
"391","511",37.52547219,-77.45677637,"47.99101204",30.5,2043.606,62304.065,0,"-",25,3.41772668361337,28.7211764929928,0.969501275731597
"392","517",37.52562137,-77.45657515,"39.35941697",43.875,26612.43,1144335,0,"-",25,3.78134468178603,28.4633136654919,2.46098913988528
"393","518",37.52621633,-77.45655447,"26.83718281",4.75,955.0442,3820.177,0.38,"-",25,1.55814461804655,33.0668208300889,1.28630284708077
"394","527",37.52565287,-77.45635791,"49.85706272",7.25,1182.024236,8569.67571,0,"-",25,1.98100146886658,35.4513980014676,2.4924305765752
"395","528",37.52570282,-77.45632939,"46.07343911",5.25,6647.61005,33238.0503,0,"-",25,1.65822807660353,36.7042522741179,2.51900602435576
"396","533",37.52546712,-77.45606742,"89.99365547",14.75,4652.306,67470.805,0.13,"-",25,2.69124308278583,31.7269182721635,2.45122133532742
"397","534",37.52548352,-77.45604579,"89.55772342",28.5,6715.154297,191381.8975,0.46,"-",25,3.3499040872746,27.9060010914198,2.49088431624418
"398","535",37.52553996,-77.45608406,"80.64929757",31,2657.3945,83324.86,0,"-",25,3.43398720448515,29.8115917764051,2.4513250245308
"399","536",37.52604336,-77.45605126,"27.02503512",13.71875,14021.712,169737.89,0,"-",25,2.61876351027544,32.9759061620966,2.45828261545188
"400","541",37.52629063,-77.45587889,"4.929816547",20.1875,2764.6015,53840.615,0,"-",25,3.00506360098288,31.4764711690982,2.44979930395145
"401","542",37.52628046,-77.45588626,"5.955977405",11.375,1389.16016,15801.697,0,"-",25,2.43141796483701,33.8252107376686,1.2933041437505
"402","543",37.52626933,-77.45586867,"8.128466478",17.5,30201.70098,528529.7671,0,"-",25,2.86220088092947,32.0309969556459,2.45185093432141
"403","544",37.52629686,-77.45591954,"2.45148756",19.125,3023.783,57451.88,0.15,"-",25,2.9509963797126,30.7231031581094,2.44797226282614
"404","545",37.5263272,-77.45597254,"3.682189435",3.125,1343.03086,4029.09258,0,"-",25,1.13943428318836,38.7179654124517,2.57420175073259
"405","548",37.52624394,-77.45592358,"9.190451788",15.25,2161.416,32421.24,0,"-",25,2.72457950305342,32.5651783206933,2.4550334891789
"406","550",37.52607045,-77.45601865,"26.30754836",16.75,2332.632545,39071.59513,0.02,"-",25,2.81839825827108,32.0621534231391,2.4517196350225
"407","553",37.52600485,-77.45592381,"40.08436192",9,2325.43945,20928.955,0,"-",25,2.19722457733622,34.3894422495329,1.27678266260838
"408","555",37.52602446,-77.45588959,"39.22588642",6.125,483.8053,2902.832,0,"-",25,1.81237875643079,36.1059119447015,2.50555261710216
"409","558",37.52548916,-77.45599916,"91.98467836",29.6875,7767.588,229893.9,0.89,"-",25,3.39072608179486,22.1824438239319,1.34333932879998
"410","559",37.52549632,-77.45599322,"91.56391248",19.5,4644.844473,90066.32007,0.82,"-",25,2.9704144655697,26.4079436651896,2.55173192543195
"411","565",37.52612003,-77.45574693,"32.60452176",17.875,3325.375824,59441.09285,0,"-",25,2.88340308858007,31.9486999724329,2.45146575289571
"412","567",37.52613857,-77.45568846,"32.5816625",25.125,6104.115,152602.9,0.03,"-",25,3.22386336637924,30.4667540746013,2.44803978599226
"413","570",37.52625331,-77.45575216,"14.99695856",77,8821.592,679262.6,0,"-",25,4.34380542185368,26.2801060087173,2.49237655684305
"414","572",37.52687699,-77.4554814,"56.29404429",75,706.8583,53014.38,0.99,"-",25,4.31748811353631,25.3474577327146,3.19732962116763
"415","574",37.52689641,-77.4554215,"56.53897857",27,24127.43,651440.7,0.05,"-",25,3.29583686600433,30.09458574379,2.44798283342882
"416","576",37.52669383,-77.45547379,"31.88510524",19,1112.06055,21129.15,0.4,"-",25,2.94443897916644,28.6296027445106,1.29395964496999
"417","581",37.52653711,-77.45544123,"9.99503296",7.3125,2463.009,17241.06,0,"-",25,1.98958521255797,35.4180799516628,2.49180763207222
"418","585",37.52649263,-77.4555527,"8.439586471",20.375,4860.82929,98245.0847,0,"-",25,3.01430865912693,31.4405862080874,2.449710564554
"419","586",37.52636394,-77.4555016,"10.47545614",56.125,1278.628,71603.18,0,"-",25,4.02758134606242,27.507538919752,2.47236147888895
"420","589",37.52629985,-77.45551134,"18.53751563",5.5,1017.090622,5593.998419,0,"-",25,1.70474809223843,36.5236834857699,2.51480069706977
"421","590",37.52638656,-77.45541889,"10.68910278",24.125,5843.362336,140971.1163,0,"-",25,3.18324864722505,30.7848407501788,2.4490325850429
"422","591",37.52638072,-77.45549162,"8.651898617",12.75,5739.689778,73181.04467,0.15,"-",25,2.54553127160444,32.0576399445998,2.45439959187347
"423","592",37.52622839,-77.45553416,"27.0654855",9.75,5554.336,49989.02,0.06,"-",25,2.27726728500976,33.7570988743493,2.46753393047832
"424","593",37.52628155,-77.45555745,"19.16799796",8.125,466.5265091,3790.527886,0,"-",25,2.0949457282158,35.0091200578963,2.4845197431716
"425","594",37.52625403,-77.45546951,"26.18494152",22.4375,644.026494,14450.34446,0,"-",25,3.1107336662485,31.0663097495615,2.44910436634767
"426","597",37.52611045,-77.45557148,"41.0487986",3.75,518.3627878,1943.860454,0,"-",25,1.32175583998232,38.010279007993,2.55309533711898
"427","601",37.52587777,-77.45526126,"83.76012796",18.625,6673.52827,123113.7129,0.31,"-",25,2.92450476426562,29.7661735355827,2.45565443755392
"428","602",37.52587079,-77.45526981,"84.34824057",5.75,980.1769079,5636.017221,0.24,"-",25,1.74919985480926,33.6751758754431,2.49302223859104
"429","604",37.52582951,-77.45535324,"86.56405291",14.1875,785.3982,10995.57,0.26,"-",25,2.65236129524162,33.721019651078,1.3231634525603
"430","605",37.52593162,-77.4552218,"78.19225445",2.75,4665.265091,12829.479,0.06,"-",25,1.01160091167848,38.3710431886016,2.56670800409254
"431","606",37.52596781,-77.45524961,"72.35405865",23,21441.36986,493151.5068,0,"-",25,3.13549421592915,30.9702009586755,2.4490427772302
"432","607",37.52602794,-77.45522204,"65.5011349",6.958333333,3279.822667,22347.19667,0.02,"-",25,1.93993998202091,35.4027909826697,2.49193321382684
"433","608",37.52593068,-77.45528716,"75.7940323",20.5,397.4114707,8146.935149,0.18,"-",25,3.02042488614436,30.3101365020128,2.448475480322
"434","609",37.52611648,-77.45540791,"46.67184663",11.375,1960.353816,22299.02466,0,"-",25,2.43141796483701,33.7030933240212,2.46573587890001
"435","610",37.52614626,-77.45538747,"43.53942142",4.9375,173.5729941,857.0166584,0,"-",25,1.59685913022724,36.9424576173047,2.52474436373164
"436","611",37.52615418,-77.45540909,"41.66239898",6,565.4866776,3392.920066,0.11,"-",25,1.79175946922805,36.423972750168,1.28414445710454
"437","612",37.52619301,-77.45537938,"37.69642874",12.125,2078.16354,25197.73293,0,"-",25,2.49526943682355,33.4552519857607,2.46295231148078
"438","613",37.52618057,-77.45538937,"38.94921657",3.5,414.6902303,1451.415806,0,"-",25,1.25276296849537,38.2780768373581,2.56086826434726
"439","614",37.52628607,-77.45525223,"30.35077402",13.625,1753.008701,23884.74355,0,"-",25,2.61190634054931,33.0025224650373,2.4585171549417
"440","615",37.52627684,-77.45524914,"31.68613156",5.125,988.0308896,5063.658309,0,"-",25,1.63413052502447,36.7977876186659,2.52123347898825
"441","616",37.52625987,-77.4552672,"33.22264051",26.25,1919.513,49907.34,0,"-",25,3.26766598903763,30.0918916240328,1.29104127659537
"442","617",37.5263249,-77.45527576,"24.3303482",9.5,2348.340509,22309.23483,0.08,"-",25,2.2512917986065,33.6683027663031,2.46725024409932
"443","618",37.5263085,-77.45530024,"25.5447928",9.75,1382.300768,13477.43248,0,"-",25,2.27726728500976,34.3014336534376,2.47348669983733
"444","619",37.52629418,-77.45529929,"27.46762251",15,14297.91148,203885.4923,0,"-",25,2.70805020110221,30.0716300422631,1.29264183408281
"445","620",37.5264551,-77.45524605,"8.33516041",7.05,1193.805,8356.636,0,"-",25,1.95302761682418,31.3717885541516,1.33153145816163
"446","621",37.52639252,-77.45538604,"11.17249952",18.75,2144.136986,40202.56849,0,"-",25,2.93119375241642,31.7631991262809,2.45070064514099
"447","622",37.52640119,-77.45532923,"12.22290727",26.10227273,2441.731488,69267.60146,0,"-",25,3.26202238831538,30.4790781921015,2.44932831325918
"448","623",37.52639874,-77.45534492,"11.94016347",17.9375,979.39151,16649.6557,0,"-",25,2.88689349351984,31.935151864544,2.45140503689109
"449","624",37.52639195,-77.45530856,"14.23687695",7.125,794.822941,5563.76059,0,"-",25,1.96360972615471,35.5189045546337,2.49370617628539
"450","627",37.52661238,-77.45527053,"13.31757702",50.6875,7810.78473,390539.237,0,"-",25,3.92567933187563,27.9030745398676,2.46720374381322
"451","629",37.52664427,-77.45523797,"16.26025438",2.5625,433.5398,867.0796,0,"-",25,0.940983344464527,39.4882584801312,2.59921409279711
"452","630",37.52672195,-77.45540434,"32.90791253",29.75,4338.539441,132035.6151,0.97,"-",25,3.39282913199164,25.4286367418784,2.68706467287437
"453","631",37.52668652,-77.45524652,"22.15208966",26.5,12957.4989,343373.7208,0.25,"-",25,3.27714473299218,29.1357920393846,2.45514768233572
"454","638",37.52672674,-77.45503446,"19.2651066",25.625,5211.902212,133554.9942,0.15,"-",25,3.24356843745857,31.6005921436719,0.984462767788316
"455","639",37.52670978,-77.45501497,"16.2794622",10,8510.574,85105.74,0,"-",25,2.30258509299405,37.2008818223787,1.32815374642857
"456","643",37.52637499,-77.45508723,"25.01131951",43.1375,9454.625455,398142.045,0,"-",25,3.76439268842412,28.5291133188168,2.46034355634422
"457","644",37.52642777,-77.45499715,"21.53838221",7.625,1544.956727,11780.29505,0,"-",25,2.03143232249348,35.2556491821586,2.48883356814745
"458","645",37.52634294,-77.45506608,"30.04658191",28.75,9650.971,270227.25,0,"-",25,3.35863776724336,30.104062799894,2.45022216055212
"459","646",37.52636688,-77.45512573,"24.59263026",92.4375,7628.177,893527.6,0,"-",25,4.52653274047102,25.5708446279864,2.50666405269594
"460","650",37.52616272,-77.45509579,"52.62846138",26.25,13273.23,345104,0.13,"-",25,3.26766598903763,29.7843383773416,2.44806594739135
"461","652",37.52596321,-77.45508913,"79.15242527",24.97916667,1180.453317,32106.29037,0,"-",25,3.21804214425307,30.6497887835147,2.44911522499245
"462","653",37.52595398,-77.45507416,"80.94636603",9.8125,879.6459,7916.813,0,"-",25,2.28365708310853,34.276631467008,2.47313657890875
"463","654",37.52594776,-77.45508081,"81.50849614",12.25,824.6680716,10102.18388,0,"-",25,2.50552593699074,33.4154410832362,2.46252859720889
"464","655",37.52595718,-77.4551148,"78.95607305",7.125,989.6016859,7050.912012,0,"-",25,1.96360972615471,35.5189045546337,2.49370617628539
"465","656",37.52594229,-77.45501854,"84.63123148",4,346.3605901,1385.44236,0.19,"-",25,1.38629436111989,35.3700139394222,2.51729986022031
"466","657",37.52597848,-77.45500404,"80.42571208",9.375,1958.783,17629.05,0,"-",25,2.23804657185647,34.4536699877462,2.4756901586702
"467","658",37.52590753,-77.45502781,"88.84990511",8.25,1482.046334,12226.88226,0.38,"-",25,2.11021320034659,31.2526490147473,2.48707499595611
"468","659",37.5258966,-77.45516424,"85.02474415",15.4375,3227.9865,49809.95,0.66,"-",25,2.7367996143882,27.7233249352027,2.50677929154565
"469","660",37.52593939,-77.45519656,"78.14379825",19.5,3473.030679,67724.09823,0,"-",25,2.9704144655697,31.6109627919723,2.45017952972034
"470","661",37.52601136,-77.45497262,"77.31003593",1,1005.309649,1005.309649,0,"-",25,0,43.14071259148,2.74484345448702
"471","662",37.52595669,-77.45482835,"90.07444196",6.25,27755.97109,173474.8193,0.31,"-",25,1.83258146374831,32.6727343306797,2.4957662972684
"472","663",37.52611931,-77.45489894,"65.94004934",10.25,2193.61707,22484.57497,0,"-",25,2.32727770558442,34.1073167572006,2.47081292370189
"473","664",37.52609292,-77.45488539,"69.93735162",28.625,17804.97639,506354.0499,0,"-",25,3.3542804618744,30.1209758069125,2.45016925515557
"474","665",37.5261768,-77.45491653,"57.69191483",34.5,3369.358121,116242.8552,0,"-",25,3.54095932403731,29.3963763954353,2.45350045515271
"475","666",37.52619904,-77.45488658,"55.91902891",39.625,8618.959,336139.4,0,"-",25,3.67946023219744,28.8587811081108,2.45737696850447
"476","667",37.52611705,-77.45486566,"67.52192335",29.75,99018.29,2871530,0.15,"-",25,3.39282913199164,29.2688669005338,2.45033830315762
"477","668",37.52616248,-77.45491867,"59.49555609",32.5,31214.86461,1014483.1,0,"-",25,3.48124008933569,29.6281783349656,2.45219784081124
"478","669",37.5263676,-77.45478414,"37.70606081",6.25,1006.48785,6038.9265,0,"-",25,1.83258146374831,36.0274945509864,2.50389212190062
"479","670",37.52640304,-77.45481076,"31.9888911",5.5,4008.67223,20043.3611,0,"-",25,1.70474809223843,36.5236834857699,2.51480069706977
"480","672",37.52633329,-77.45498973,"34.26328774",6,311.0176727,1866.106036,0,"-",25,1.79175946922805,36.1859463053092,2.50727200032711
"481","673",37.52640059,-77.45498427,"25.61420893",7.0625,296.8805,1943.8605,0,"-",25,1.95479909647256,35.045307448953,1.29799312264991
"482","674",37.52634724,-77.45497452,"33.01377053",22.875,7835.132078,179228.6463,0,"-",25,3.13004461116159,30.9913537574531,2.44905303254655
"483","675",37.52647738,-77.45498641,"15.4209343",26.5,8017.344,208451,0,"-",25,3.27714473299218,30.4203803731518,2.44942960149375
"484","676",37.52646117,-77.45498141,"17.74784586",18.25,6573.783,118328.1,0,"-",25,2.9041650800285,31.8681117011615,2.45111580906721
"485","677",37.52648134,-77.45486875,"19.43982423",10,1182.02424,11820.2424,0,"-",25,2.30258509299405,34.2031618483025,2.47211403895971
"486","678",37.52647097,-77.45477487,"24.95488179",9.6875,962.1127502,9320.467267,0,"-",25,2.27083639467947,34.3263953405542,2.47384158190886
"487","679",37.52645721,-77.45478889,"26.04491502",30.75,3242.123619,99695.30127,0,"-",25,3.42588999425253,29.8430213324951,2.45118947057134
"488","680",37.52655958,-77.45494909,"6.037867841",18.375,2459.867,44277.61,0,"-",25,2.9109910450989,31.6186060498464,1.27549399618271
"489","681",37.52659276,-77.45494933,"1.660722304",18.20833333,3628.277715,58095.37855,0.21,"-",25,2.90187936456458,30.4878782762488,2.44979769299148
"490","682",37.52669796,-77.45498902,"13.72175351",17.25,25434.33,432383.7,0,"-",25,2.84781214347737,32.0868472569007,2.4521283396979
"491","684",37.52673377,-77.45491059,"14.86154072",7.6875,2031.432,15719.35,0,"-",25,2.03959563313264,35.2239630554257,2.48826558981736
"492","686",37.52690653,-77.45467191,"25.59977422",9.5,12582.08,113238.7,0,"-",25,2.2512917986065,34.4022582564085,2.4749355718126
"493","687",37.5268956,-77.45468332,"24.74621204",18.16666667,2271.764173,43404.85737,0,"-",25,2.89958841318458,32.3900229551073,1.29198981099176
"494","688",37.5267252,-77.4547173,"4.671853484",9,745.735558,6814.11458,0,"-",25,2.19722457733622,34.612121742069,2.47808276478619
"495","689",37.52671464,-77.4546498,"0.151509348",9.25,753.9822369,6974.335691,0,"-",25,2.22462355152433,34.5057718300235,2.47646574115975
"496","693",37.52651866,-77.45469068,"22.8519751",8.875,2048.318638,21458.84571,0,"-",25,2.18323833536148,34.6664097454683,2.47892572609469
"497","694",37.52648266,-77.45470162,"26.91676485",9.125,5780.530483,52747.34065,0.05,"-",25,2.21101789946856,34.3640354106271,1.27856210391454
"498","696",37.52641593,-77.45473299,"33.92732227",8.75,346.3605901,3030.655163,0,"-",25,2.16905370036952,34.7214678171113,2.47979272749257
"499","697",37.52649057,-77.45468973,"26.46920278",8.5,1756.150293,14927.27749,0.06,"-",25,2.14006616349627,34.2572609611795,2.47437919916568
"500","698",37.52636786,-77.45468427,"42.33498227",6.75,723.74445,4342.4665,0,"-",25,1.90954250488444,35.7287680402942,2.4977863795866
"501","699",37.52631169,-77.45475129,"46.35651636",10.25,3122.743098,32008.11675,0.13,"-",25,2.32727770558442,32.9535035041076,2.46170098537528
"502","703",37.52605445,-77.45470756,"81.8650616",3.75,1898.045551,6739.10893,0,"-",25,1.32175583998232,38.010279007993,2.55309533711898
"503","706",37.52688093,-77.45435422,"5.516317101",14.71354167,1819.309339,28941.69246,0,"-",25,2.68876827177931,32.7041806523169,2.45605518009607
"504","707",37.52690005,-77.45439724,"10.18295654",19.25,637.7433087,12276.55869,0,"-",25,2.95751106073379,31.6610477316479,2.45034034284863
"505","708",37.52696187,-77.4543913,"17.45516782",18,26262.92919,472732.7253,0.01,"-",25,2.89037175789616,31.855050247439,2.45085919707927
"506","709",37.52700937,-77.45437585,"22.45559234",18.0625,1275.486617,23038.47703,0.03,"-",25,2.89383796587265,31.7088039153103,2.44995798477587
"507","710",37.52696394,-77.45437443,"16.79992612",6.375,932.66055,5723.5895,0.58,"-",25,1.85238409104449,29.7191702848755,2.57831436587829
"508","711",37.52713331,-77.4542708,"32.01170602",10.3125,6024.003913,62122.54036,0.66,"-",25,2.3333567516608,28.2416850162159,2.53354010826457
"509","712",37.52695541,-77.45421637,"7.229927104",17.25,8249.822308,142309.4348,0,"-",25,2.84781214347737,32.0868472569007,2.4521283396979
"510","713",37.5270095,-77.45422611,"14.39881484",10.75,18221.24,182212.4,0,"-",25,2.37490575457367,33.9224471052884,2.46840851633637
"511","715",37.52702477,-77.45421494,"15.67163939",7.25,5407.466355,39204.13107,0,"-",25,1.98100146886658,35.4513980014676,2.4924305765752
"512","716",37.5268379,-77.45426557,"4.548188158",23.5,15541.45886,365224.2831,0,"-",25,3.15700042115011,26.9310657334084,1.34076301544505
"513","717",37.52657461,-77.45422207,"39.22671448",15.5,3565.707595,55236.46294,0,"-",25,2.7408400239252,35.1106414910544,0.976681692560039
"514","718",37.52657291,-77.45424299,"38.30734568",5.9375,2447.300677,14530.84777,0,"-",25,1.78128816936076,36.2265909590923,2.50815468929866
"515","719",37.52657762,-77.45425725,"36.95975248",23.5,2850.995,65572.89,0,"-",25,3.15700042115011,30.8867240000865,2.44902048498502
"516","720",37.52659798,-77.45423158,"35.84367735",8.125,11769.98,94159.82,0,"-",25,2.0949457282158,35.0091200578963,2.4845197431716
"517","721",37.52649902,-77.45410514,"54.81373777",4,19297.23287,77188.9315,0,"-",25,1.38629436111989,37.7597708685494,2.54606272954831
"518","722",37.52661061,-77.4540942,"41.69939543",18.5,1583.363,28500.53,0,"-",25,2.91777073208428,31.8153009685582,2.45090111057339
"519","724",37.52654332,-77.45419474,"44.54287333",4.125,8312.654,33250.62,0,"-",25,1.41706601978664,37.640329783995,2.54279134972396
"520","725",37.52645853,-77.45417692,"55.91605427",5.5625,1400.365,7823.353,0,"-",25,1.71604764749236,36.4798239347093,2.51379813549123
"521","726",37.52642328,-77.45428625,"54.35020461",11.25,2246.239,24708.63,0,"-",25,2.42036812865043,33.7459835832875,2.46624304437087
"522","727",37.52646658,-77.45404153,"62.22666532",6.5625,1555.971955,11598.81023,0.72,"-",25,1.88137162791774,28.1846233012692,2.64501520993566
"523","728",37.52648222,-77.45406934,"58.80601584",12.375,2078.164,24937.96,0.14,"-",25,2.51567830845475,32.1306854593648,1.00143778398915
"524","729",37.52645074,-77.45407077,"62.59495828",13.58333333,2010.226555,27251.44987,0,"-",25,2.60884355077336,33.0144107722801,2.45862285502861
"525","730",37.52651992,-77.45397403,"59.31483683",6.1875,11295.59639,69891.50264,0.12,"-",25,1.82253112789481,34.7631433462872,2.48756523315168
"526","731",37.52653236,-77.45407077,"52.57174365",5.625,14388.49435,80935.28074,0,"-",25,1.72722094809048,36.4364544447529,2.51281405690686
"527","732",37.52667236,-77.45400232,"39.06996498",5.5,1654.048532,9097.266927,0,"-",25,1.70474809223843,36.5236834857699,2.51480069706977
"528","733",37.52655549,-77.4540779,"49.3469528",12.25,1710.597,20527.17,0,"-",25,2.50552593699074,33.4154410832362,2.46252859720889
"529","736",37.52694444,-77.45384117,"7.657392794",11.25,1602.212253,18024.88785,0,"-",25,2.42036812865043,33.7459835832875,2.46624304437087
"530","742",37.52696964,-77.45372052,"7.389327518",12.25,11230.41,134764.9,0.06,"-",25,2.50552593699074,32.9249896142174,2.4583281295223
"531","744",37.52680883,-77.45365421,"31.06556908",10.15625,8921.731,89217.31,0,"-",25,2.31808927953001,34.1429818991148,2.47129273764463
"532","745",37.52671994,-77.45348793,"47.55917642",8.75,42449.19994,371430.4994,0.38,"-",25,2.16905370036952,31.1122281377189,2.48314703256885
"533","746",37.52680546,-77.45349601,"35.68186798",4.3125,6554.933072,28268.14887,0,"-",25,1.46151778235748,37.4677889798313,2.53815935180097
"534","747",37.52682318,-77.45347961,"33.69585581",8.5,26589.65482,226012.066,0.23,"-",25,2.14006616349627,32.623212971011,2.46972024483985
"535","748",37.52683279,-77.45349791,"31.90377418",14.6875,29484.63245,433055.5391,0.04,"-",25,2.68699679190438,32.4126480336291,2.45384228771182
"536","749",37.52684806,-77.4535098,"29.50900803",8.75,9228.42842,80748.74867,0,"-",25,2.16905370036952,34.7214678171113,2.47979272749257
"537","752",37.52686898,-77.45348674,"27.26072779",8.75,31667.25395,277088.472,0.01,"-",25,2.16905370036952,34.6264878255483,2.47844277802617
"538","754",37.52704787,-77.45369312,"-",26.75,4182.245,108738.4,0,"-",25,3.28653447334202,30.3839338239679,2.44949970740281
"539","755",37.52680829,-77.45527566,"-",3.75,6272.975131,23523.65674,0.81,"-",25,1.32175583998232,27.6166936985886,2.93643773026271
"540","756",37.52633291,-77.45536333,"-",18.125,2934.640238,53190.35431,0,"-",25,2.89729220074074,31.8947889812208,2.45122866633787
"541","765",37.52602124,-77.45499622,"-",34.25,13865.41918,474890.6068,0,"-",25,3.53368656470823,27.2132766879844,1.3118330433834
"542","766",37.52598323,-77.45507209,"-",33.5,3001.792,99059.13,0,"-",25,3.51154543883102,29.5105472429689,2.45283104693023
"543","767",37.52610597,-77.45520073,"-",9.5,3267.25636,31038.93542,0.01,"-",25,2.2512917986065,34.3105138201453,2.47373219107532
"544","772",37.5264121,-77.45534239,"-",22.125,2587.10155,57239.6218,0,"-",25,3.09670819089399,31.1207500384609,2.44915631075706
"545","773",37.52651012,-77.45495828,"-",33,16689.71,550760.5,0.38,"-",25,3.49650756146648,27.9443040834124,2.48328489496931
"546","774",37.5265297,-77.4549571,"-",16,2818.00861,45088.13776,0,"-",25,2.77258872223978,32.3788291456187,2.45378907567254
"547","775",37.52652663,-77.45494712,"-",5.375,1295.90697,6965.499962,0.96,"-",25,1.68175857401373,25.6543250149104,2.91138051702948
"548","776",37.52627875,-77.45574911,"-",38.5,7694.545807,296240.0136,0,"-",25,3.65065824129374,29.5392927349381,1.30052803714211
"549","777",37.5262723,-77.45574546,"-",16.3125,3353.650158,54706.4182,0.32,"-",25,2.79193168508291,30.048592557362,2.45657382499733
"550","781",37.52588177,-77.45514813,"-",3.25,1641.482162,5334.817025,0.97,"-",25,1.17865499634165,25.5729678495754,3.24585756626564
