PoolID,lat,long,X,Y,dist
1,37.52519811,-77.45640303,-8622407.344,4512567.667,100.986416
2,37.52521135,-77.456398,-8622406.784,4512569.524,99.57518957
3,37.52522095,-77.45638146,-8622404.943,4512570.873,99.19268909
4,37.52523002,-77.45637803,-8622404.561,4512572.145,98.2257691
5,37.52523329,-77.45638291,-8622405.104,4512572.604,97.57185322
6,37.52528941,-77.45647507,-8622415.364,4512580.482,85.93776715
7,37.52531939,-77.45649374,-8622417.442,4512584.689,81.24511019
8,37.52532728,-77.45645595,-8622413.235,4512585.797,82.13582796
9,37.52538003,-77.45641617,-8622408.807,4512593.202,77.55864792
10,37.5255603,-77.4566013,-8622429.415,4512618.504,45.64570306
11,37.52555263,-77.45662282,-8622431.811,4512617.428,45.53671558
12,37.52537433,-77.4564894,-8622416.959,4512592.401,74.56374131
13,37.52520521,-77.45638018,-8622404.801,4512568.663,101.232877
14,37.52522482,-77.45637103,-8622403.782,4512571.416,99.22618612
15,37.52536445,-77.45656074,-8622424.9,4512591.014,72.2525817
16,37.5253277,-77.45656179,-8622425.017,4512585.856,76.8139801
17,37.52533994,-77.45659913,-8622429.174,4512587.575,73.41761474
18,37.52536918,-77.45664537,-8622434.322,4512591.678,67.44520974
19,37.52536988,-77.45663597,-8622433.275,4512591.776,67.82552075
20,37.525,-77.457,-8622467.005,4512583.404,60.22917573
21,37.52537837,-77.45712197,-8622487.376,4512592.969,42.56440952
22,37.52551164,-77.45677258,-8622448.483,4512611.674,43.22774168
23,37.52574749,-77.45662479,-8622432.03,4512644.779,21.59512379
24,37.52579633,-77.45660976,-8622430.358,4512651.635,17.05037605
25,37.52581622,-77.45655845,-8622424.645,4512654.426,18.17108161
26,37.52582803,-77.45654113,-8622422.717,4512656.084,17.97164681
27,37.526,-77.457,-8622422.022,4512658.607,16.34595123
28,37.52585763,-77.45654034,-8622422.63,4512660.239,14.67008979
29,37.52583093,-77.45647077,-8622414.885,4512656.491,22.26793602
30,37.52581369,-77.45642692,-8622410.003,4512654.071,27.10394331
31,37.52585458,-77.45635773,-8622402.302,4512659.811,27.01934332
32,37.52597424,-77.45638878,-8622405.758,4512676.607,11.42343927
33,37.52589122,-77.45656788,-8622425.695,4512664.953,9.055432204
34,37.52589244,-77.45655304,-8622424.043,4512665.124,9.892377827
35,37.52596534,-77.45660758,-8622430.114,4512675.358,1.950896477
37,37.52595131,-77.45654449,-8622423.091,4512673.387,3.786465355
38,37.52595355,-77.45655147,-8622423.868,4512673.702,3.073452077
39,37.52595617,-77.45656161,-8622424.997,4512674.07,2.10997791
40,37.52599484,-77.45653859,-8622422.434,4512679.498,0.757384865
41,37.5259972,-77.45650891,-8622419.131,4512679.83,0.92567306
42,37.52607973,-77.45643671,-8622411.093,4512691.414,3.670865039
43,37.52608789,-77.4564114,-8622408.276,4512692.559,2.813587906
44,37.52608757,-77.45637042,-8622403.714,4512692.514,0.059737968
45,37.52605128,-77.45627357,-8622392.933,4512687.42,10.75597683
46,37.52600845,-77.45630723,-8622396.68,4512681.409,13.13035751
47,37.52608648,-77.45620768,-8622385.598,4512692.361,11.45191077
48,37.52609316,-77.45620782,-8622385.613,4512693.299,10.70869624
49,37.5260275,-77.45653779,-8622422.346,4512684.082,4.404492574
50,37.52604542,-77.4565691,-8622425.83,4512686.598,8.492870864
51,37.52606396,-77.45651344,-8622419.635,4512689.2,6.933817909
52,37.52620182,-77.45657427,-8622426.406,4512708.55,26.54857949
53,37.52619577,-77.45656593,-8622425.478,4512707.701,25.31555721
54,37.52624456,-77.45656391,-8622425.253,4512714.55,30.59352242
55,37.52623919,-77.45653763,-8622422.327,4512713.796,28.18224454
56,37.52620703,-77.45651083,-8622419.344,4512709.283,22.79278533
57,37.52623761,-77.45646715,-8622414.482,4512713.574,23.12692384
58,37.5262834,-77.45655489,-8622424.249,4512720.002,34.23627495
59,37.52628371,-77.45653017,-8622421.497,4512720.044,32.55708141
60,37.52632209,-77.45658059,-8622427.11,4512725.432,40.26699702
61,37.5266243,-77.45644559,-8622412.082,4512767.853,64.1455964
62,37.52661582,-77.45647236,-8622415.062,4512766.662,65.04583773
63,37.52660466,-77.45646139,-8622413.841,4512765.095,63.05989341
64,37.52659723,-77.45654802,-8622423.484,4512764.052,68.24370504
65,37.52656916,-77.4565392,-8622422.503,4512760.113,64.54886922
66,37.52656117,-77.45649786,-8622417.901,4512758.991,60.80725572
67,37.5264475,-77.45675386,-8622446.398,4512743.036,66.04968947
68,37.52642193,-77.4568002,-8622451.556,4512739.446,66.33426918
69,37.52641706,-77.45677744,-8622449.024,4512738.762,64.28671901
70,37.52637806,-77.45668183,-8622438.379,4512733.289,53.42981389
71,37.52638345,-77.45674169,-8622445.043,4512734.044,58.12886109
72,37.52626653,-77.4563651,-8622403.122,4512717.634,19.23635501
73,37.52617713,-77.45619043,-8622383.678,4512705.085,2.686676847
74,37.52631161,-77.45620655,-8622385.472,4512723.962,13.2072971
75,37.52633245,-77.45621727,-8622386.665,4512726.887,16.23945478
76,37.52632871,-77.45623354,-8622388.477,4512726.361,16.95518167
77,37.52635334,-77.45616278,-8622380.599,4512729.819,14.99585193
78,37.52633582,-77.45614881,-8622379.045,4512727.359,12.09471574
79,37.52636411,-77.45614973,-8622379.147,4512731.33,15.76381825
80,37.52642296,-77.45615742,-8622380.003,4512739.591,23.75970224
81,37.52639816,-77.45612193,-8622376.052,4512736.11,19.06744586
82,37.52638273,-77.45612127,-8622375.979,4512733.944,17.02729244
83,37.5263805,-77.45611551,-8622375.338,4512733.631,16.50031082
84,37.52636922,-77.45610247,-8622373.886,4512732.047,14.49290291
85,37.5263315,-77.45605059,-8622368.11,4512726.753,7.442961182
86,37.52633844,-77.45600797,-8622363.366,4512727.727,6.601179442
87,37.52635542,-77.45600477,-8622363.01,4512730.11,8.68554756
88,37.52637766,-77.45599856,-8622362.318,4512733.232,11.33334707
89,37.52639464,-77.4559552,-8622357.492,4512735.616,11.7711339
90,37.52638104,-77.4559452,-8622356.378,4512733.707,9.586365151
91,37.52639089,-77.45586096,-8622347.001,4512735.09,7.417821624
92,37.52637726,-77.45586468,-8622347.415,4512733.176,5.791507693
93,37.52636611,-77.4558607,-8622346.972,4512731.611,4.173316195
94,37.52635863,-77.45586433,-8622347.376,4512730.561,3.345614771
95,37.52637395,-77.45584877,-8622345.644,4512732.712,4.707635527
96,37.52642333,-77.45606241,-8622369.426,4512739.643,19.9116809
97,37.5264447,-77.45607314,-8622370.621,4512742.643,23.14036301
98,37.52645455,-77.45608373,-8622371.8,4512744.026,24.86035742
99,37.5264526,-77.45613583,-8622377.599,4512743.751,26.74142943
100,37.52651005,-77.45610206,-8622373.84,4512751.815,32.85322313
101,37.52653204,-77.45607928,-8622371.304,4512754.902,34.78966705
102,37.52651304,-77.45604296,-8622367.261,4512752.234,30.8201121
103,37.52646891,-77.45605444,-8622368.539,4512746.041,25.53272946
104,37.52648671,-77.45602474,-8622365.233,4512748.539,26.63709838
105,37.52650414,-77.45596328,-8622358.391,4512750.986,26.39216927
106,37.52653854,-77.45594309,-8622356.144,4512755.814,30.05270087
107,37.52654906,-77.45594674,-8622356.55,4512757.291,31.5755281
108,37.52656203,-77.45594956,-8622356.864,4512759.112,33.3837537
109,37.52653193,-77.45590113,-8622351.473,4512754.886,27.46944252
110,37.52656387,-77.45590876,-8622352.322,4512759.37,31.95030118
111,37.52657308,-77.45590719,-8622352.147,4512760.662,33.08797058
112,37.52659146,-77.45588033,-8622349.157,4512763.243,34.38542183
113,37.52659883,-77.45588803,-8622350.014,4512764.277,35.66282662
114,37.52631254,-77.45578242,-8622338.258,4512724.091,6.027977387
115,37.52631899,-77.45577217,-8622337.117,4512724.997,5.605912945
116,37.52631815,-77.45574314,-8622333.886,4512724.88,6.905482088
117,37.526293,-77.45572032,-8622331.345,4512721.349,11.12407228
118,37.52628721,-77.45573459,-8622332.934,4512720.537,11.29380924
119,37.52627874,-77.45574849,-8622334.481,4512719.348,11.82895498
120,37.52626683,-77.45573787,-8622333.299,4512717.675,13.81929035
121,37.52621102,-77.45575926,-8622335.68,4512709.841,20.22528836
122,37.52620962,-77.45577503,-8622337.435,4512709.646,19.76045273
123,37.526189,-77.45576516,-8622336.337,4512706.751,22.85667808
124,37.52618312,-77.45575289,-8622334.971,4512705.926,24.12616252
125,37.5261937,-77.45579486,-8622339.642,4512707.41,21.02577829
126,37.52617939,-77.45580419,-8622340.682,4512705.403,22.5093481
127,37.52619883,-77.45586908,-8622347.904,4512708.132,17.31177963
128,37.52619572,-77.45587467,-8622348.527,4512707.695,17.48827949
129,37.5262,-77.45589471,-8622350.759,4512708.295,16.10861635
130,37.52620518,-77.45593877,-8622355.662,4512709.022,13.62598491
131,37.52619136,-77.45594101,-8622355.912,4512707.082,15.33762417
132,37.52618872,-77.45594277,-8622356.109,4512706.711,15.60998606
133,37.52617537,-77.45594204,-8622356.027,4512704.838,17.38176664
134,37.52612564,-77.45596283,-8622358.341,4512697.857,23.01929657
135,37.52613326,-77.45597043,-8622359.187,4512698.928,21.71239805
136,37.52617632,-77.45599794,-8622362.25,4512704.972,14.9650843
137,37.52615996,-77.45602583,-8622365.354,4512702.675,15.95679312
138,37.52614429,-77.456016,-8622364.261,4512700.476,18.37694514
139,37.52609957,-77.45598969,-8622361.331,4512694.198,25.11379597
140,37.52610775,-77.45603394,-8622366.258,4512695.347,21.14928464
141,37.52608719,-77.45604906,-8622367.941,4512692.46,22.36184041
142,37.52612904,-77.45607716,-8622371.069,4512698.335,15.81607683
143,37.52595899,-77.45600506,-8622363.042,4512674.467,39.49535411
144,37.5261574,-77.45571863,-8622331.157,4512702.316,28.88756808
145,37.52614218,-77.45572504,-8622331.871,4512700.18,30.61087619
146,37.52611235,-77.45566974,-8622325.715,4512695.992,36.7717891
147,37.52594847,-77.45560039,-8622317.995,4512672.99,61.0004304
148,37.52589345,-77.45561188,-8622319.273,4512665.267,67.70868615
149,37.52588782,-77.45564699,-8622323.182,4512664.476,67.00409478
150,37.52576304,-77.45574651,-8622334.26,4512646.962,78.93603788
151,37.52583854,-77.45529367,-8622283.851,4512657.559,87.67418026
152,37.52584581,-77.45530736,-8622285.375,4512658.579,86.18896407
153,37.52583825,-77.45532202,-8622287.006,4512657.519,86.61835999
154,37.52586873,-77.45535693,-8622290.893,4512661.797,81.25767294
155,37.52586518,-77.45528938,-8622283.374,4512661.298,84.33239098
156,37.52586015,-77.45526561,-8622280.727,4512660.592,85.91220164
157,37.52587128,-77.45524634,-8622278.582,4512662.154,85.19033686
158,37.52587806,-77.45522641,-8622276.363,4512663.106,85.06684939
159,37.52583587,-77.45525887,-8622279.977,4512657.184,89.36877672
160,37.52589629,-77.45521362,-8622274.939,4512665.666,83.15948402
161,37.5258957,-77.45520177,-8622273.621,4512665.582,83.69511126
162,37.52590577,-77.45515638,-8622268.568,4512666.997,84.11964853
163,37.52595872,-77.4550682,-8622258.752,4512674.428,80.55185556
164,37.52597169,-77.45507087,-8622259.049,4512676.248,78.74145882
165,37.52597766,-77.45506136,-8622257.991,4512677.087,78.32169174
166,37.5259903,-77.45504276,-8622255.92,4512678.861,77.37574416
167,37.52598136,-77.45508013,-8622260.08,4512677.606,77.11086356
168,37.52600042,-77.45506867,-8622258.804,4512680.281,75.04323369
169,37.52602762,-77.45506508,-8622258.404,4512684.099,71.60060593
170,37.52596949,-77.45501747,-8622253.104,4512675.94,81.09123995
171,37.52594526,-77.45501058,-8622252.338,4512672.539,84.54670575
172,37.52584743,-77.45506474,-8622258.366,4512658.807,95.3378187
173,37.52600264,-77.45500595,-8622251.822,4512680.593,77.17117072
175,37.52605903,-77.45505362,-8622257.128,4512688.509,67.90706648
176,37.52611069,-77.45502481,-8622253.921,4512695.759,62.21783303
177,37.52613285,-77.45499047,-8622250.098,4512698.87,60.62487068
178,37.52615042,-77.45498524,-8622249.517,4512701.336,58.51320008
179,37.52619888,-77.45495539,-8622246.194,4512708.138,53.28506639
180,37.52596497,-77.45539042,-8622294.621,4512675.305,67.29508421
181,37.52596644,-77.455381,-8622293.572,4512675.512,67.46464893
182,37.52607579,-77.45544442,-8622300.632,4512690.86,50.62073737
183,37.52607978,-77.45548649,-8622305.315,4512691.42,48.47207424
184,37.52612036,-77.45552329,-8622309.412,4512697.117,41.70817794
185,37.52612479,-77.45554608,-8622311.949,4512697.738,40.21912133
186,37.52592822,-77.45535857,-8622291.076,4512670.146,73.36286019
187,37.52597343,-77.45528051,-8622282.385,4512676.493,70.4219109
188,37.52599721,-77.4551933,-8622272.677,4512679.831,70.65619739
189,37.52599894,-77.45514765,-8622267.595,4512680.073,72.19086754
190,37.52603904,-77.45517656,-8622270.814,4512685.703,65.79475872
191,37.52603321,-77.45519508,-8622272.875,4512684.884,65.8484614
192,37.52601805,-77.45524024,-8622277.903,4512682.756,66.10132137
193,37.52603866,-77.45524306,-8622278.216,4512685.648,63.27981338
194,37.52606433,-77.45522214,-8622275.888,4512689.252,60.70656343
195,37.5260622,-77.45519785,-8622273.184,4512688.952,61.92526451
196,37.52608963,-77.45520231,-8622273.68,4512692.803,58.14084192
197,37.52608034,-77.45517997,-8622271.193,4512691.499,60.2260604
198,37.52605745,-77.45516873,-8622269.942,4512688.286,63.67390591
199,37.52609676,-77.45516434,-8622269.454,4512693.804,58.66732103
200,37.5261223,-77.45523144,-8622276.923,4512697.389,52.71501305
201,37.52616821,-77.45516618,-8622269.659,4512703.833,49.18915512
202,37.52616021,-77.45508639,-8622260.776,4512702.71,53.32153718
203,37.52618172,-77.45508622,-8622260.758,4512705.729,50.49590806
204,37.52622346,-77.45508127,-8622260.206,4512711.588,45.19172605
205,37.52629129,-77.45501983,-8622253.367,4512721.109,38.63229794
206,37.52630166,-77.4550306,-8622254.566,4512722.564,36.85128509
207,37.52631996,-77.4550361,-8622255.178,4512725.133,34.22947621
208,37.52631868,-77.45502358,-8622253.785,4512724.954,34.88089274
209,37.52632951,-77.45502615,-8622254.071,4512726.474,33.35577684
210,37.52635808,-77.45501011,-8622252.285,4512730.484,30.2136537
211,37.52635579,-77.45503688,-8622255.265,4512730.162,29.48192071
212,37.52637738,-77.45501726,-8622253.081,4512733.193,27.39588351
213,37.52637494,-77.45500425,-8622251.633,4512732.851,28.21929358
214,37.52638944,-77.45504145,-8622255.774,4512734.886,24.87506653
215,37.52639383,-77.45506021,-8622257.862,4512735.502,23.57300205
216,37.52640888,-77.45509082,-8622261.269,4512737.614,20.41076822
217,37.52640726,-77.45500941,-8622252.206,4512737.387,23.76558333
218,37.52643335,-77.45507249,-8622259.229,4512741.05,17.89566583
219,37.52644561,-77.45507196,-8622259.17,4512742.771,16.30190905
220,37.52644834,-77.45511487,-8622263.946,4512743.153,14.28756471
221,37.52646688,-77.45512169,-8622264.705,4512745.756,11.58266994
222,37.52648025,-77.45512289,-8622264.84,4512747.632,9.77668377
223,37.52648874,-77.45511368,-8622263.814,4512748.824,9.013694296
224,37.52648146,-77.45513709,-8622266.421,4512747.802,9.06907733
225,37.52649053,-77.45513642,-8622266.345,4512749.075,7.900841779
226,37.52650106,-77.45513498,-8622266.185,4512750.554,6.569633735
227,37.52647307,-77.45515627,-8622268.556,4512746.625,9.432693426
228,37.52646119,-77.45519557,-8622272.93,4512744.957,9.481011308
229,37.52642396,-77.45516516,-8622269.545,4512739.732,15.55561021
230,37.52636149,-77.45517055,-8622270.145,4512730.963,23.57252963
231,37.5263857,-77.45516403,-8622269.42,4512734.361,20.63722228
232,37.52641929,-77.45525794,-8622279.873,4512739.076,12.59068505
233,37.52647539,-77.45523591,-8622277.421,4512746.95,6.054422285
234,37.52650885,-77.45517722,-8622270.888,4512751.647,3.914284287
235,37.5265364,-77.45509767,-8622262.032,4512755.514,3.35686276
236,37.52654779,-77.45508682,-8622260.824,4512757.113,2.275293582
237,37.52652327,-77.45507861,-8622259.911,4512753.671,5.820865959
238,37.52653089,-77.45508063,-8622260.135,4512754.74,4.740104585
239,37.52654228,-77.45508035,-8622260.104,4512756.339,3.250889338
240,37.52651191,-77.45511336,-8622263.779,4512752.076,5.97558697
241,37.52656252,-77.4550735,-8622259.341,4512759.18,0.850436682
242,37.52654724,-77.45505129,-8622256.869,4512757.036,3.718381047
243,37.52657266,-77.45505016,-8622256.743,4512760.604,0.415995771
244,37.5265307,-77.45506457,-8622258.347,4512754.714,5.384653277
245,37.52653507,-77.45502726,-8622254.195,4512755.328,6.24794179
246,37.52647519,-77.45502346,-8622253.771,4512746.922,14.27921433
247,37.52648991,-77.45505887,-8622257.713,4512748.988,10.97550045
248,37.52649787,-77.45498113,-8622249.058,4512750.105,12.92736329
249,37.52651125,-77.45497112,-8622247.945,4512751.984,11.55086621
250,37.52654966,-77.45497484,-8622248.359,4512757.375,6.350895607
251,37.52657999,-77.45497038,-8622247.863,4512761.632,2.529401625
252,37.52661894,-77.45492651,-8622242.978,4512767.099,0.90555595
253,37.52638961,-77.45535265,-8622290.416,4512734.91,12.84344224
254,37.52637068,-77.45539005,-8622294.579,4512732.252,13.89362187
256,37.5263427,-77.45544442,-8622300.632,4512728.325,15.4790522
257,37.52634829,-77.45544549,-8622300.752,4512729.11,14.7011142
258,37.52632622,-77.45543887,-8622300.014,4512726.012,17.86293264
259,37.52628243,-77.45546775,-8622303.229,4512719.865,22.51372249
260,37.52626142,-77.45546545,-8622302.973,4512716.916,25.36907986
261,37.52623117,-77.4554081,-8622296.589,4512712.67,31.56426547
262,37.52626244,-77.45535897,-8622291.12,4512717.059,29.34337453
263,37.52620201,-77.45540385,-8622296.116,4512708.577,35.56783826
264,37.52626611,-77.45529455,-8622283.948,4512717.574,31.34640123
265,37.52629291,-77.45527045,-8622281.266,4512721.336,28.74798848
266,37.5263691,-77.45548283,-8622304.908,4512732.031,10.52095454
267,37.52646694,-77.45542423,-8622298.385,4512745.765,0.100452876
268,37.52652688,-77.45542045,-8622297.964,4512754.177,7.845041837
269,37.5265227,-77.45542695,-8622298.687,4512753.59,7.545556325
270,37.52653288,-77.455432,-8622299.25,4512755.019,9.08095136
271,37.5265208,-77.45544416,-8622300.603,4512753.324,7.960023077
272,37.52650861,-77.45547896,-8622304.477,4512751.613,7.698397191
273,37.52651179,-77.45548561,-8622305.217,4512752.06,8.3735696
274,37.52653015,-77.45549166,-8622305.89,4512754.637,11.02393429
275,37.52653593,-77.45548156,-8622304.767,4512755.448,11.39610019
276,37.52657142,-77.45555387,-8622312.816,4512760.43,18.85868331
277,37.52655521,-77.4555637,-8622313.91,4512758.154,17.10357084
278,37.52659511,-77.45550935,-8622307.86,4512763.755,20.2602787
279,37.52663019,-77.45545455,-8622301.759,4512768.679,22.7636183
280,37.52664073,-77.45546869,-8622303.334,4512770.158,24.69651074
281,37.52664883,-77.45547987,-8622304.579,4512771.295,26.19454489
282,37.52657683,-77.45535282,-8622290.435,4512761.189,11.81255457
283,37.52658354,-77.45533975,-8622288.981,4512762.131,12.19168209
284,37.52660779,-77.45529791,-8622284.323,4512765.535,13.77048295
285,37.52659026,-77.45528685,-8622283.092,4512763.073,11.0344387
286,37.52659033,-77.45526727,-8622280.912,4512763.084,10.28905568
287,37.52661932,-77.45526515,-8622280.676,4512767.153,14.02337321
288,37.52663891,-77.4552688,-8622281.082,4512769.903,16.74356349
289,37.52663567,-77.455253,-8622279.323,4512769.447,15.70689024
290,37.52663558,-77.45523914,-8622277.78,4512769.435,15.16020082
291,37.5266514,-77.45523818,-8622277.673,4512771.655,17.20607916
292,37.5266542,-77.45524854,-8622278.827,4512772.05,17.9756382
293,37.5266366,-77.45530179,-8622284.755,4512769.578,17.71270071
294,37.52665133,-77.45531415,-8622286.13,4512771.646,20.12929048
295,37.52661546,-77.45536884,-8622292.219,4512766.611,17.51629117
296,37.52669036,-77.45539189,-8622294.785,4512777.124,28.26761292
297,37.52669296,-77.45546533,-8622302.96,4512777.489,31.44370152
298,37.52674316,-77.45550478,-8622307.351,4512784.536,39.57563225
299,37.52675857,-77.4555025,-8622307.097,4512786.699,41.51703841
300,37.5267795,-77.45546446,-8622302.863,4512789.636,42.80420238
301,37.52679421,-77.45547534,-8622304.074,4512791.702,45.16163125
302,37.52679004,-77.45543249,-8622299.303,4512791.117,42.95866232
303,37.52677055,-77.45537818,-8622293.258,4512788.38,38.29644932
304,37.52687946,-77.45545885,-8622302.239,4512803.668,55.74961036
305,37.52687988,-77.45547325,-8622303.841,4512803.727,56.36022612
306,37.52696955,-77.45543975,-8622300.113,4512816.313,66.87303559
307,37.52706373,-77.45525669,-8622279.734,4512829.533,72.20980909
308,37.52699082,-77.45518454,-8622271.703,4512819.299,59.82632294
309,37.52702335,-77.45516336,-8622269.344,4512823.864,63.29043732
310,37.52677371,-77.45520592,-8622274.082,4512788.824,32.06504157
311,37.52675404,-77.45523849,-8622277.708,4512786.063,30.73205262
312,37.52670777,-77.45528099,-8622282.439,4512779.568,26.28015399
313,37.52667441,-77.45528075,-8622282.413,4512774.885,21.87885304
314,37.52670104,-77.45525867,-8622279.954,4512778.624,24.53316818
315,37.52657887,-77.45521583,-8622275.185,4512761.475,6.794454169
316,37.52660531,-77.45520645,-8622274.142,4512765.187,9.914091792
317,37.52665561,-77.45517482,-8622270.62,4512772.247,15.31651919
318,37.52664733,-77.45516471,-8622269.494,4512771.084,13.83533833
319,37.52665325,-77.45512603,-8622265.189,4512771.916,13.1224736
320,37.52663043,-77.45508013,-8622260.079,4512768.712,8.346414356
321,37.52665836,-77.45507798,-8622259.84,4512772.633,11.9414662
322,37.52667766,-77.45502828,-8622254.307,4512775.342,12.56461798
323,37.52673234,-77.45500024,-8622251.187,4512783.017,18.68202961
324,37.52672716,-77.45497733,-8622248.636,4512782.29,17.11515715
325,37.52674133,-77.45497105,-8622247.936,4512784.279,18.66955184
326,37.52684335,-77.45493599,-8622244.034,4512798.599,29.99509701
327,37.52674794,-77.45491588,-8622241.795,4512785.206,16.91216035
328,37.52702082,-77.45475353,-8622223.723,4512823.51,43.98018442
329,37.52704739,-77.45451204,-8622196.84,4512827.239,34.46641419
330,37.52702508,-77.45462897,-8622209.856,4512824.107,38.03061837
331,37.52694439,-77.45461961,-8622208.815,4512812.782,27.61732801
332,37.52688591,-77.45464351,-8622211.475,4512804.573,21.63982464
333,37.52687922,-77.454665,-8622213.867,4512803.634,21.80081988
334,37.52684348,-77.45468512,-8622216.107,4512798.617,18.20159175
335,37.52685242,-77.45456215,-8622202.418,4512799.872,13.22515188
336,37.52687266,-77.45455187,-8622201.274,4512802.714,15.15663825
337,37.52695331,-77.45441268,-8622185.78,4512814.033,17.55596461
338,37.5269691,-77.45440699,-8622185.146,4512816.251,19.18916856
339,37.52699186,-77.4543639,-8622180.349,4512819.444,19.66010076
340,37.52679197,-77.4543096,-8622174.304,4512791.387,7.815071437
341,37.52677727,-77.45429291,-8622172.446,4512789.324,10.51975685
342,37.52677233,-77.45421937,-8622164.261,4512788.631,15.0902498
343,37.52700819,-77.45373722,-8622110.588,4512821.737,1.692181319
344,37.52709815,-77.45381461,-8622119.203,4512834.365,12.61211732
345,37.52667069,-77.45393549,-8622132.658,4512774.364,42.51832599
346,37.5266768,-77.45403832,-8622144.106,4512775.221,36.58407032
347,37.52663168,-77.45415538,-8622157.137,4512768.889,35.81281445
348,37.5266162,-77.4541841,-8622160.334,4512766.715,36.16562961
349,37.52707459,-77.45346155,-8622079.9,4512831.058,0.123202364
350,37.52654081,-77.45415165,-8622156.722,4512756.133,47.17328307
351,37.52655455,-77.45422442,-8622164.822,4512758.062,41.56283106
352,37.52656857,-77.45425373,-8622168.085,4512760.03,38.26063121
353,37.52670302,-77.45435587,-8622179.456,4512778.902,16.24254858
354,37.5267174,-77.45432604,-8622176.134,4512780.921,16.08545483
355,37.52672254,-77.45431693,-8622175.12,4512781.642,15.94584987
356,37.527,-77.455,-8622199.419,4512777.762,7.753940775
357,37.52646056,-77.4542761,-8622170.575,4512744.869,50.31956341
358,37.52644225,-77.4541994,-8622162.037,4512742.298,56.70346788
359,37.52630178,-77.45462568,-8622209.49,4512722.582,53.49829074
360,37.52626127,-77.4546794,-8622215.47,4512716.896,56.1217309
361,37.52612335,-77.45464582,-8622211.733,4512697.536,75.28004348
362,37.52606288,-77.45470176,-8622217.959,4512689.048,80.97858929
363,37.52618594,-77.45479087,-8622227.879,4512706.321,61.33832079
364,37.5261515,-77.4548691,-8622236.588,4512701.487,62.85329608
365,37.526,-77.455,-8622234.572,4512702.696,62.41839854
366,37.52620408,-77.45488901,-8622238.804,4512708.868,55.16235487
367,37.52621337,-77.4548655,-8622236.187,4512710.172,54.84637247
368,37.52624107,-77.45486171,-8622235.765,4512714.06,51.34519346
369,37.52626998,-77.4548833,-8622238.169,4512718.118,46.70599315
370,37.52623718,-77.45489221,-8622239.16,4512713.514,50.68075759
371,37.52639427,-77.45481995,-8622231.116,4512735.564,32.78655797
372,37.52641293,-77.45482213,-8622231.359,4512738.183,30.24591204
373,37.52643353,-77.45480039,-8622228.939,4512741.074,28.51585622
374,37.52647085,-77.45473988,-8622222.203,4512746.313,26.61774371
375,37.52657611,-77.45482383,-8622231.548,4512761.088,9.276440808
376,37.52658512,-77.45483051,-8622232.292,4512762.352,7.816331932
377,37.52658678,-77.45474515,-8622222.789,4512762.585,11.62363346
378,37.52650179,-77.45469589,-8622217.306,4512750.656,24.75306716
379,37.52534148,-77.45654168,-8622422.779,4512587.79,76.0852472
380,37.52535788,-77.456608,-8622430.161,4512590.092,70.72507599
381,37.52535825,-77.45663153,-8622432.78,4512590.145,69.50632815
382,37.52553639,-77.45661869,-8622431.351,4512615.148,47.78177221
383,37.52549812,-77.45674585,-8622445.507,4512609.777,46.25537877
384,37.52558163,-77.45669974,-8622440.374,4512621.498,38.0672613
385,37.52559463,-77.45664103,-8622433.839,4512623.323,39.35702916
386,37.5255886,-77.45663604,-8622433.283,4512622.477,40.36272316
387,37.52555316,-77.45665862,-8622435.796,4512617.503,43.68770894
388,37.52555316,-77.45665078,-8622434.923,4512617.503,44.07817158
389,37.526,-77.457,-8622434.5,4512618.667,43.22627492
390,37.52560029,-77.45663509,-8622433.177,4512624.117,38.94282047
391,37.52568191,-77.45660586,-8622429.923,4512635.574,30.32517328
392,37.52570038,-77.45661037,-8622430.425,4512638.167,27.88887454
393,37.52583968,-77.45654905,-8622423.599,4512657.719,16.13096221
394,37.52584345,-77.45662749,-8622432.33,4512658.248,10.54796156
395,37.52589284,-77.45673135,-8622443.893,4512665.181,1.87410729
396,37.52594618,-77.45664222,-8622433.971,4512672.668,2.057926615
397,37.52596842,-77.45660087,-8622429.367,4512675.79,1.859024895
398,37.52589981,-77.45651483,-8622419.789,4512666.16,11.56922757
399,37.52600462,-77.45648535,-8622416.508,4512680.87,1.634511531
400,37.526,-77.456,-8622410.158,4512673.885,11.02135686
401,37.52606211,-77.45653741,-8622422.303,4512688.94,8.299712896
402,37.52615372,-77.45641619,-8622408.809,4512701.799,10.37885926
403,37.52613166,-77.45644447,-8622411.957,4512698.703,9.914686251
404,37.52614656,-77.45654834,-8622423.52,4512700.794,18.58447562
405,37.52616559,-77.45640644,-8622407.724,4512703.466,11.00873734
406,37.52602705,-77.4561614,-8622380.446,4512684.019,21.18869477
407,37.52609604,-77.45628713,-8622394.442,4512693.703,4.898830407
408,37.526,-77.456,-8622383.568,4512693.385,11.91390647
409,37.52609396,-77.45636295,-8622402.882,4512693.412,0.12523139
410,37.52601103,-77.45626003,-8622391.426,4512681.77,16.11690154
411,37.52601687,-77.45624601,-8622389.865,4512682.59,16.4461526
412,37.52616503,-77.45613145,-8622377.112,4512703.386,8.101799608
413,37.52616918,-77.45627429,-8622393.013,4512703.969,2.248494099
414,37.52619688,-77.4561778,-8622382.271,4512707.858,1.39099936
415,37.52618124,-77.45617399,-8622381.848,4512705.662,3.37355368
416,37.526,-77.456,-8622385.076,4512705.344,1.61355885
417,37.52609698,-77.45608843,-8622372.323,4512693.835,18.5588013
418,37.52608869,-77.45609508,-8622373.064,4512692.671,19.00912769
419,37.52623496,-77.4561053,-8622374.201,4512713.203,2.228505702
420,37.52623138,-77.4561217,-8622376.027,4512712.7,1.486062463
421,37.52622629,-77.45612907,-8622376.847,4512711.985,1.534884781
422,37.526,-77.456,-8622383.621,4512710.239,1.312715693
423,37.52621517,-77.45619729,-8622384.441,4512710.424,1.968059073
424,37.52624099,-77.4562018,-8622384.943,4512714.049,5.118439338
425,37.52624552,-77.45601736,-8622364.412,4512714.684,5.139352706
426,37.52634165,-77.45622652,-8622387.695,4512728.178,17.89102317
427,37.52640536,-77.4562106,-8622385.922,4512737.121,23.98035938
428,37.52643345,-77.45610768,-8622374.466,4512741.063,23.08832498
429,37.52635485,-77.45609912,-8622373.513,4512730.03,12.48018594
430,37.52647756,-77.45597815,-8622360.046,4512747.254,23.53253638
431,37.5264129,-77.45598171,-8622360.443,4512738.179,15.24169113
432,37.5264146,-77.45595533,-8622357.506,4512738.417,14.38120165
433,37.52642666,-77.45595271,-8622357.215,4512740.111,15.84820132
434,37.52641498,-77.45587119,-8622348.14,4512738.47,10.98017888
435,37.52640348,-77.45588093,-8622349.225,4512736.856,9.879366055
436,37.52660875,-77.45586335,-8622347.267,4512765.669,35.94516327
437,37.52662251,-77.45587927,-8622349.039,4512767.601,38.39384172
438,37.52661007,-77.45588284,-8622349.436,4512765.855,36.91663474
439,37.5266112,-77.45587689,-8622348.775,4512766.013,36.82050281
440,37.52660574,-77.45587713,-8622348.801,4512765.246,36.11691955
441,37.52655597,-77.45602711,-8622365.497,4512758.261,35.77299394
442,37.52654259,-77.45600667,-8622363.221,4512756.383,33.18831934
443,37.52655126,-77.45575734,-8622335.466,4512757.6,24.09594334
444,37.5265703,-77.45575734,-8622335.466,4512760.272,26.58033214
445,37.52656728,-77.45573476,-8622332.953,4512759.849,25.29407
446,37.52676256,-77.45562163,-8622320.359,4512787.26,46.63956659
447,37.52676897,-77.45557314,-8622314.961,4512788.159,45.61234341
448,37.52667548,-77.45544955,-8622301.203,4512775.036,28.53331682
449,37.52665418,-77.45545668,-8622301.996,4512772.046,26.00407139
450,37.5266489,-77.45553986,-8622311.257,4512771.305,28.51932219
451,37.52675502,-77.45547831,-8622304.404,4512786.201,40.116295
452,37.52675107,-77.45544242,-8622300.409,4512785.646,38.21011555
453,37.52673806,-77.455436,-8622299.695,4512783.82,36.25006594
454,37.52673674,-77.45541271,-8622297.102,4512783.635,35.17752069
455,37.5268046,-77.45543861,-8622299.986,4512793.16,45.11162276
456,37.52680008,-77.45538252,-8622293.741,4512792.525,42.35147927
457,37.52681063,-77.45519285,-8622272.628,4512794.006,36.42220814
458,37.52672694,-77.45525631,-8622279.692,4512782.259,27.85199083
459,37.52686058,-77.45517336,-8622270.458,4512801.018,42.24677155
460,37.52693466,-77.45522827,-8622276.57,4512811.416,54.11891651
461,37.527047,-77.45517716,-8622270.881,4512827.185,66.93838758
462,37.52698626,-77.454973,-8622248.154,4512818.659,49.91560111
463,37.52691063,-77.4550339,-8622254.934,4512808.043,43.16224034
464,37.52698054,-77.45472925,-8622221.019,4512817.856,37.71316675
465,37.5269822,-77.45474246,-8622222.49,4512818.089,38.54623431
466,37.52655057,-77.45646297,-8622414.016,4512757.503,57.22563707
467,37.52644501,-77.45662399,-8622431.942,4512742.687,56.78081168
468,37.52644172,-77.45663885,-8622433.595,4512742.224,57.44736927
469,37.52643936,-77.45665192,-8622435.051,4512741.893,58.09397898
470,37.52638752,-77.45644752,-8622412.296,4512734.617,38.23941435
471,37.52656141,-77.45648673,-8622416.662,4512759.025,60.06295763
472,37.52656165,-77.4565215,-8622420.532,4512759.058,62.496626
473,37.52652088,-77.45650955,-8622419.202,4512753.336,57.19028812
474,37.52631804,-77.45612784,-8622376.71,4512724.864,8.854421718
475,37.52634231,-77.45610585,-8622374.262,4512728.27,11.11985014
476,37.52629848,-77.45622707,-8622387.756,4512722.118,13.18546171
477,37.52531069,-77.45711754,-8622486.883,4512583.468,51.28274692
478,37.52551134,-77.45705612,-8622480.046,4512611.633,29.14885998
479,37.52551417,-77.45706563,-8622481.104,4512612.03,28.32053051
480,37.526,-77.457,-8622495.074,4512622.872,12.37494646
481,37.52556936,-77.45722107,-8622498.408,4512619.777,13.65294623
482,37.52560631,-77.45716331,-8622491.978,4512624.963,11.8898113
483,37.52575918,-77.4571897,-8622494.915,4512646.42,8.615911898
484,37.52577709,-77.45719659,-8622495.683,4512648.934,11.20729082
485,37.52572827,-77.45710889,-8622485.919,4512642.081,0.71176584
486,37.52635267,-77.4570478,-8622479.12,4512729.725,74.76490874
487,37.52634683,-77.45705992,-8622480.469,4512728.904,74.89981671
488,37.5265042,-77.45684007,-8622455.995,4512750.994,78.25151283
489,37.52642109,-77.45678707,-8622450.095,4512739.329,65.37645602
490,37.526403,-77.45677661,-8622448.931,4512736.789,62.63918634
491,37.52640356,-77.4567942,-8622450.889,4512736.868,63.85942412
492,37.52639715,-77.45683389,-8622455.307,4512735.969,65.74258823
493,37.52641299,-77.45682082,-8622453.852,4512738.191,66.67690288
494,37.52640507,-77.45682082,-8622453.852,4512737.08,65.78013081
495,37.52635503,-77.456827,-8622454.54,4512730.055,60.5171969
496,37.52635182,-77.4568163,-8622453.349,4512729.606,59.45113343
497,37.52631978,-77.45699028,-8622472.717,4512725.108,67.25795388
498,37.52631883,-77.45695724,-8622469.039,4512724.975,64.97940598
499,37.52633957,-77.45700835,-8622474.728,4512727.886,70.68736232
500,37.52605281,-77.45688,-8622460.44,4512687.635,29.76651225
501,37.52600361,-77.45687406,-8622459.779,4512680.729,23.58881964
502,37.5260087,-77.45685956,-8622458.165,4512681.443,23.42632069
503,37.5260332,-77.45686859,-8622459.17,4512684.883,26.79593994
504,37.52601662,-77.45683603,-8622455.545,4512682.555,22.77636984
505,37.52600606,-77.45686574,-8622458.853,4512681.073,23.48238223
506,37.526,-77.457,-8622461.419,4512670.479,15.15455361
507,37.52573272,-77.45696438,-8622469.833,4512642.706,5.923863809
508,37.5256012,-77.45678065,-8622449.38,4512624.246,31.58163162
509,37.526,-77.457,-8622450.889,4512622.155,32.77671919
510,37.52557444,-77.45697887,-8622471.447,4512620.489,25.07363283
511,37.52547219,-77.45677637,-8622448.904,4512606.137,47.99101204
512,37.52532448,-77.45691256,-8622464.065,4512585.405,59.75490774
514,37.52529432,-77.4567633,-8622447.449,4512581.171,70.97215025
515,37.52523306,-77.45680965,-8622452.608,4512572.572,76.35597095
516,37.52522079,-77.45696699,-8622470.124,4512570.85,70.06339783
517,37.52562137,-77.45657515,-8622426.504,4512627.077,39.35941697
518,37.52621633,-77.45655447,-8622424.203,4512710.587,26.83718281
519,37.52621218,-77.45660557,-8622429.891,4512710.005,29.78083248
520,37.52626213,-77.45656707,-8622425.605,4512717.017,32.74284022
521,37.5263885,-77.45670611,-8622441.083,4512734.754,56.25948083
522,37.5262798,-77.45642113,-8622409.359,4512719.496,24.57487357
523,37.52626528,-77.45641733,-8622408.936,4512717.458,22.71663161
524,37.52623192,-77.45651217,-8622419.493,4512712.775,25.61955856
525,37.52603858,-77.45646487,-8622414.228,4512685.637,0.865561925
526,37.52613584,-77.45628067,-8622393.723,4512699.29,0.972978923
527,37.52565287,-77.45635791,-8622402.322,4512631.498,49.85706272
528,37.52570282,-77.45632939,-8622399.147,4512638.509,46.07343911
529,37.52567907,-77.45631537,-8622397.585,4512635.176,49.68576193
530,37.52567587,-77.45632773,-8622398.961,4512634.726,49.23628141
531,37.52553021,-77.45630134,-8622396.024,4512614.281,67.46980059
532,37.52540987,-77.45641567,-8622408.751,4512597.39,73.94807562
533,37.52546712,-77.45606742,-8622369.984,4512605.426,89.99365547
534,37.52548352,-77.45604579,-8622367.576,4512607.728,89.55772342
535,37.52553996,-77.45608406,-8622371.836,4512615.649,80.64929757
536,37.52604336,-77.45605126,-8622368.185,4512686.309,27.02503512
537,37.52638752,-77.45620575,-8622385.383,4512734.617,21.57560746
538,37.52651845,-77.45612375,-8622376.255,4512752.995,34.83984553
539,37.52649753,-77.45607027,-8622370.302,4512750.058,29.91652139
540,37.52659457,-77.4562944,-8622395.252,4512763.679,51.8512694
541,37.52629063,-77.45587889,-8622348.997,4512721.017,4.929816547
542,37.52628046,-77.45588626,-8622349.818,4512719.588,5.955977405
543,37.52626933,-77.45586867,-8622347.86,4512718.027,8.128466478
544,37.52629686,-77.45591954,-8622353.522,4512721.89,2.45148756
545,37.5263272,-77.45597254,-8622359.422,4512726.15,3.682189435
546,37.52625614,-77.4560177,-8622364.449,4512716.175,3.739400982
547,37.52621341,-77.45596208,-8622358.258,4512710.177,11.59633771
548,37.52624394,-77.45592358,-8622353.971,4512714.463,9.190451788
549,37.52622868,-77.45602269,-8622365.005,4512712.32,7.118624915
550,37.52607045,-77.45601865,-8622364.555,4512690.111,26.30754836
551,37.52605575,-77.456036,-8622366.486,4512688.047,26.72125902
552,37.52607667,-77.45603053,-8622365.878,4512690.984,24.80082045
553,37.52600485,-77.45592381,-8622353.998,4512680.904,40.08436192
554,37.52602521,-77.45587984,-8622349.103,4512683.761,39.52712679
555,37.52602446,-77.45588959,-8622350.188,4512683.655,39.22588642
556,37.52603388,-77.45588341,-8622349.5,4512684.978,38.24940754
557,37.52595873,-77.45592001,-8622353.575,4512674.429,45.4160535
558,37.52548916,-77.45599916,-8622362.385,4512608.519,91.98467836
559,37.52549632,-77.45599322,-8622361.724,4512609.524,91.56391248
560,37.52560216,-77.45577712,-8622337.668,4512624.381,94.4931945
561,37.52563232,-77.45577617,-8622337.562,4512628.614,91.24516387
562,37.52577869,-77.45573338,-8622332.799,4512649.159,77.70185188
563,37.52583317,-77.45565115,-8622323.645,4512656.805,73.96535297
564,37.52589149,-77.45562572,-8622320.814,4512664.992,67.39753549
565,37.52612003,-77.45574693,-8622334.308,4512697.07,32.60452176
566,37.52612116,-77.45570344,-8622329.466,4512697.228,34.24043062
567,37.52613857,-77.45568846,-8622327.799,4512699.673,32.5816625
568,37.52616911,-77.45564758,-8622323.248,4512703.959,30.27315259
569,37.52619022,-77.45578282,-8622338.303,4512706.923,21.97255089
570,37.52625331,-77.45575216,-8622334.89,4512715.778,14.99695856
571,37.52695993,-77.45542055,-8622297.975,4512814.963,64.86593158
572,37.52687699,-77.4554814,-8622304.748,4512803.321,56.29404429
573,37.52689075,-77.45547807,-8622304.378,4512805.253,57.97738166
574,37.52689641,-77.4554215,-8622298.081,4512806.046,56.53897857
575,37.52664369,-77.45551158,-8622308.109,4512770.574,26.74182113
576,37.52669383,-77.45547379,-8622303.902,4512777.612,31.88510524
577,37.52665312,-77.45555127,-8622312.527,4512771.897,29.51446074
578,37.52657696,-77.45547379,-8622303.902,4512761.207,16.49805472
579,37.52662522,-77.45543576,-8622299.668,4512767.981,21.38386545
580,37.52650092,-77.45546476,-8622302.896,4512750.534,6.138035419
581,37.52653711,-77.45544123,-8622300.277,4512755.614,9.99503296
582,37.52652411,-77.4555672,-8622314.3,4512753.788,13.14357383
583,37.52651035,-77.4555634,-8622313.876,4512751.857,11.18519419
584,37.52651845,-77.45554866,-8622312.236,4512752.995,11.68370604
585,37.52649263,-77.4555527,-8622312.686,4512749.37,8.439586471
586,37.52636394,-77.4555016,-8622306.997,4512731.307,10.47545614
587,37.52644707,-77.45545169,-8622301.441,4512742.975,1.456932808
589,37.52629985,-77.45551134,-8622308.082,4512722.311,18.53751563
590,37.52638656,-77.45541889,-8622297.79,4512734.482,10.68910278
591,37.52638072,-77.45549162,-8622305.886,4512733.662,8.651898617
592,37.52622839,-77.45553416,-8622310.622,4512712.281,27.0654855
593,37.52628155,-77.45555745,-8622313.215,4512719.742,19.16799796
594,37.52625403,-77.45546951,-8622303.425,4512715.879,26.18494152
595,37.52633226,-77.45563423,-8622321.761,4512726.859,9.529504092
596,37.52617152,-77.45561806,-8622319.962,4512704.298,31.16884157
597,37.52611045,-77.45557148,-8622314.776,4512695.726,41.0487986
598,37.52598872,-77.45561355,-8622319.459,4512678.639,55.20900337
599,37.52622717,-77.45594402,-8622356.247,4512712.109,10.54139936
600,37.52621925,-77.45588555,-8622349.738,4512710.997,13.97212223
601,37.52587777,-77.45526126,-8622280.243,4512663.065,83.76012796
602,37.52587079,-77.45526981,-8622281.195,4512662.086,84.34824057
603,37.52587984,-77.45532591,-8622287.439,4512663.356,80.99243587
604,37.52582951,-77.45535324,-8622290.482,4512656.292,86.56405291
605,37.52593162,-77.4552218,-8622275.85,4512670.624,78.19225445
606,37.52596781,-77.45524961,-8622278.946,4512675.705,72.35405865
607,37.52602794,-77.45522204,-8622275.877,4512684.145,65.5011349
608,37.52593068,-77.45528716,-8622283.126,4512670.492,75.7940323
609,37.52611648,-77.45540791,-8622296.567,4512696.572,46.67184663
610,37.52614626,-77.45538747,-8622294.292,4512700.753,43.53942142
611,37.52615418,-77.45540909,-8622296.7,4512701.864,41.66239898
612,37.52619301,-77.45537938,-8622293.392,4512707.314,37.69642874
613,37.52618057,-77.45538937,-8622294.504,4512705.568,38.94921657
614,37.52628607,-77.45525223,-8622279.237,4512720.377,30.35077402
615,37.52627684,-77.45524914,-8622278.893,4512719.08,31.68613156
616,37.52625987,-77.4552672,-8622280.904,4512716.699,33.22264051
617,37.5263249,-77.45527576,-8622281.856,4512725.827,24.3303482
618,37.5263085,-77.45530024,-8622284.582,4512723.525,25.5447928
619,37.52629418,-77.45529929,-8622284.476,4512721.515,27.46762251
620,37.5264551,-77.45524605,-8622278.549,4512744.102,8.33516041
621,37.52639252,-77.45538604,-8622294.133,4512735.318,11.17249952
622,37.52640119,-77.45532923,-8622287.81,4512736.535,12.22290727
623,37.52639874,-77.45534492,-8622289.556,4512736.191,11.94016347
624,37.52639195,-77.45530856,-8622285.508,4512735.239,14.23687695
625,37.52655187,-77.45537107,-8622292.466,4512757.686,9.230766891
626,37.52652605,-77.45533803,-8622288.789,4512754.061,4.55581499
627,37.52661238,-77.45527053,-8622281.274,4512766.179,13.31757702
628,37.52658,-77.45544807,-8622301.039,4512761.633,15.90525093
629,37.52664427,-77.45523797,-8622277.65,4512770.656,16.26025438
630,37.52672195,-77.45540434,-8622296.17,4512781.559,32.90791253
631,37.52668652,-77.45524652,-8622278.602,4512776.585,22.15208966
632,37.52687716,-77.45532947,-8622287.836,4512803.345,50.45375531
633,37.52687829,-77.45534516,-8622289.582,4512803.504,51.20806365
634,37.52697889,-77.45537725,-8622293.154,4512817.625,65.69149633
635,37.52705833,-77.45517874,-8622271.056,4512828.774,68.48945537
636,37.52677211,-77.45503375,-8622254.917,4512788.6,25.21120101
637,37.52662269,-77.45513239,-8622265.897,4512767.626,9.344457654
638,37.52672674,-77.45503446,-8622254.996,4512782.231,19.2651066
639,37.52670978,-77.45501497,-8622252.826,4512779.85,16.2794622
640,37.52664437,-77.45514689,-8622267.511,4512770.669,12.75798675
641,37.52663381,-77.45515687,-8622268.622,4512769.187,11.75339228
642,37.52670899,-77.45504706,-8622256.398,4512779.739,17.41335615
643,37.52637499,-77.45508723,-8622260.87,4512732.857,25.01131951
644,37.52642777,-77.45499715,-8622250.842,4512740.266,21.53838221
645,37.52634294,-77.45506608,-8622258.515,4512728.359,30.04658191
646,37.52636688,-77.45512573,-8622265.156,4512731.72,24.59263026
647,37.52626911,-77.45509745,-8622262.007,4512717.996,38.5570951
648,37.5262529,-77.45517184,-8622270.289,4512715.72,37.82066106
649,37.52621305,-77.45503898,-8622255.499,4512710.127,48.19416815
650,37.52616272,-77.45509579,-8622261.822,4512703.062,52.62846138
651,37.5261156,-77.45518254,-8622271.48,4512696.448,55.48521772
652,37.52596321,-77.45508913,-8622261.081,4512675.059,79.15242527
653,37.52595398,-77.45507416,-8622259.414,4512673.762,80.94636603
654,37.52594776,-77.45508081,-8622260.155,4512672.889,81.50849614
655,37.52595718,-77.4551148,-8622263.939,4512674.212,78.95607305
656,37.52594229,-77.45501854,-8622253.223,4512672.122,84.63123148
657,37.52597848,-77.45500404,-8622251.609,4512677.202,80.42571208
658,37.52590753,-77.45502781,-8622254.255,4512667.243,88.84990511
659,37.5258966,-77.45516424,-8622269.442,4512665.709,85.02474415
660,37.52593939,-77.45519656,-8622273.041,4512671.715,78.14379825
661,37.52601136,-77.45497262,-8622248.111,4512681.816,77.31003593
662,37.52595669,-77.45482835,-8622232.051,4512674.143,90.07444196
663,37.52611931,-77.45489894,-8622239.909,4512696.969,65.94004934
664,37.52609292,-77.45488539,-8622238.401,4512693.265,69.93735162
665,37.5261768,-77.45491653,-8622241.867,4512705.039,57.69191483
666,37.52619904,-77.45488658,-8622238.534,4512708.161,55.91902891
667,37.52611705,-77.45486566,-8622236.205,4512696.652,67.52192335
668,37.52616248,-77.45491867,-8622242.105,4512703.028,59.49555609
669,37.5263676,-77.45478414,-8622227.13,4512731.82,37.70606081
670,37.52640304,-77.45481076,-8622230.093,4512736.794,31.9888911
671,37.52638475,-77.45491558,-8622241.761,4512734.228,30.34956069
672,37.52633329,-77.45498973,-8622250.016,4512727.005,34.26328774
673,37.52640059,-77.45498427,-8622249.408,4512736.45,25.61420893
674,37.52634724,-77.45497452,-8622248.323,4512728.963,33.01377053
675,37.52647738,-77.45498641,-8622249.646,4512747.229,15.4209343
676,37.52646117,-77.45498141,-8622249.09,4512744.954,17.74784586
677,37.52648134,-77.45486875,-8622236.549,4512747.785,19.43982423
678,37.52647097,-77.45477487,-8622226.098,4512746.33,24.95488179
679,37.52645721,-77.45478889,-8622227.659,4512744.398,26.04491502
680,37.52655958,-77.45494909,-8622245.492,4512758.768,6.037867841
681,37.52659276,-77.45494933,-8622245.519,4512763.425,1.660722304
682,37.52669796,-77.45498902,-8622249.937,4512778.191,13.72175351
683,37.52671549,-77.45498284,-8622249.249,4512780.652,15.79132246
684,37.52673377,-77.45491059,-8622241.206,4512783.218,14.86154072
685,37.52687599,-77.45468522,-8622216.118,4512803.181,22.34224253
686,37.52690653,-77.45467191,-8622214.636,4512807.467,25.59977422
687,37.5268956,-77.45468332,-8622215.906,4512805.933,24.74621204
688,37.5267252,-77.4547173,-8622219.69,4512782.014,4.671853484
689,37.52671464,-77.4546498,-8622212.176,4512780.533,0.151509348
690,37.52657332,-77.45467928,-8622215.457,4512760.697,16.43599173
691,37.52667756,-77.45467809,-8622215.324,4512775.328,3.233127608
692,37.52669302,-77.4547097,-8622218.843,4512777.498,0.221021427
693,37.52651866,-77.45469068,-8622216.727,4512753.024,22.8519751
694,37.52648266,-77.45470162,-8622217.944,4512747.97,26.91676485
695,37.52650207,-77.45458159,-8622204.582,4512750.696,30.09754226
696,37.52641593,-77.45473299,-8622221.436,4512738.604,33.92732227
697,37.52649057,-77.45468973,-8622216.621,4512749.082,26.46920278
698,37.52636786,-77.45468427,-8622216.012,4512731.857,42.33498227
699,37.52631169,-77.45475129,-8622223.473,4512723.973,46.35651636
700,37.52614856,-77.45475628,-8622224.029,4512701.075,67.59326741
701,37.52617062,-77.45469401,-8622217.097,4512704.171,67.10382534
702,37.52595511,-77.45475486,-8622223.87,4512673.921,93.11880758
703,37.52605445,-77.45470756,-8622218.605,4512687.865,81.8650616
704,37.52678574,-77.45442173,-8622186.786,4512790.513,2.534323491
705,37.52683437,-77.45440651,-8622185.093,4512797.339,2.617820015
706,37.52688093,-77.45435422,-8622179.272,4512803.874,5.516317101
707,37.52690005,-77.45439724,-8622184.061,4512806.557,10.18295654
708,37.52696187,-77.4543913,-8622183.4,4512815.235,17.45516782
709,37.52700937,-77.45437585,-8622181.68,4512821.903,22.45559234
710,37.52696394,-77.45437443,-8622181.521,4512815.526,16.79992612
711,37.52713331,-77.4542708,-8622169.985,4512839.299,32.01170602
712,37.52695541,-77.45421637,-8622163.926,4512814.328,7.229927104
713,37.5270095,-77.45422611,-8622165.011,4512821.921,14.39881484
714,37.52700875,-77.45431002,-8622174.351,4512821.816,18.82966374
715,37.52702477,-77.45421494,-8622163.767,4512824.065,15.67163939
716,37.5268379,-77.45426557,-8622169.403,4512797.834,4.548188158
717,37.52657461,-77.45422207,-8622164.561,4512760.877,39.22671448
718,37.52657291,-77.45424299,-8622166.89,4512760.639,38.30734568
719,37.52657762,-77.45425725,-8622168.477,4512761.3,36.95975248
720,37.52659798,-77.45423158,-8622165.62,4512764.158,35.84367735
721,37.52649902,-77.45410514,-8622151.544,4512750.267,54.81373777
722,37.52661061,-77.4540942,-8622150.327,4512765.93,41.69939543
723,37.52662116,-77.45409682,-8622150.618,4512767.412,40.26208176
724,37.52654332,-77.45419474,-8622161.518,4512756.485,44.54287333
725,37.52645853,-77.45417692,-8622159.534,4512744.584,55.91605427
726,37.52642328,-77.45428625,-8622171.705,4512739.636,54.35020461
727,37.52646658,-77.45404153,-8622144.463,4512745.713,62.22666532
728,37.52648222,-77.45406934,-8622147.559,4512747.909,58.80601584
729,37.52645074,-77.45407077,-8622147.718,4512743.491,62.59495828
730,37.52651992,-77.45397403,-8622136.949,4512753.201,59.31483683
731,37.52653236,-77.45407077,-8622147.718,4512754.947,52.57174365
732,37.52667236,-77.45400232,-8622140.098,4512774.598,39.06996498
733,37.52655549,-77.4540779,-8622148.512,4512758.194,49.3469528
734,37.52679948,-77.453965,-8622135.944,4512792.442,24.17600549
735,37.527,-77.454,-8622136.764,4512791.436,24.95944177
736,37.52694444,-77.45384117,-8622122.159,4512812.788,7.657392794
737,37.52692992,-77.45405936,-8622146.448,4512810.751,3.905057265
738,37.52708085,-77.45394052,-8622133.219,4512831.936,13.55968534
739,37.52710309,-77.4538868,-8622127.239,4512835.058,15.18242865
740,37.52716707,-77.45403916,-8622144.199,4512844.038,27.91124288
741,37.52700639,-77.45374477,-8622111.427,4512821.485,1.738752016
742,37.52696964,-77.45372052,-8622108.729,4512816.326,7.389327518
743,37.52703109,-77.45368226,-8622104.469,4512824.951,0.012863878
744,37.52680883,-77.45365421,-8622101.347,4512793.754,31.06556908
745,37.52671994,-77.45348793,-8622082.837,4512781.276,47.55917642
746,37.52680546,-77.45349601,-8622083.736,4512793.28,35.68186798
747,37.52682318,-77.45347961,-8622081.91,4512795.767,33.69585581
748,37.52683279,-77.45349791,-8622083.948,4512797.117,31.90377418
749,37.52684806,-77.4535098,-8622085.271,4512799.26,29.50900803
750,37.52690385,-77.45339666,-8622072.676,4512807.092,24.87072061
751,37.52691479,-77.45336339,-8622068.972,4512808.626,24.25362466
752,37.52686898,-77.45348674,-8622082.704,4512802.197,27.26072779
753,37.52708634,-77.45352667,-8622087.149,4512832.706,3.435708742
1814,37.52616854,-77.45624857,-8622390.15,4512703.88,0.397356447
1815,37.52588177,-77.45514813,-8622267.649,4512663.627,87.598817
0,0,0,-8622105.678,4512827.306,2.561192071
0,0,0,-8622281.846,4512793.678,39.30932895
