"Pool_ID","lat","long","Depth_cm","Pct_Shaded","Temp_Predicted_C","Temp_StdErr","Temp_Zscore"
"1",37.52519811,-77.45640303,12.08333333,0.71,29.8773955909555,2.31513507651765,-0.678722396176626
"2",37.52521135,-77.456398,6.9,0.58,30.0958384515606,3.03084230246937,-0.614132116962919
"3",37.52522095,-77.45638146,23.6875,0.42,27.6917111452076,2.81525106632977,-1.32499652128572
"4",37.52523002,-77.45637803,16.41666667,0.43,26.889921561512,2.30411410884204,-1.56207368159241
"5",37.52523329,-77.45638291,17.09375,0.58,27.054624488674,2.76947806118363,-1.51337349508489
"6",37.52528941,-77.45647507,9.125,0.06,34.6859912697003,2.29610514433627,0.743107260583747
"8",37.52532728,-77.45645595,8.25,0.27,33.7771696991302,3.11882793006848,0.474382346269993
"10",37.5255603,-77.4566013,15.0625,0,35.309294161787,2.29571338839043,0.927408581867756
"11",37.52555263,-77.45662282,26,0,31.2193306622209,2.29036662903701,-0.281932312492569
"12",37.52537433,-77.4564894,7.8125,0.03,36.2955544204613,3.12724295301326,1.21903095537398
"13",37.52520521,-77.45638018,22.75,0.23,27.3872930406732,2.31330112969332,-1.41500839127822
"14",37.52522482,-77.45637103,17.9,0.91,26.7570458543119,2.30914674160833,-1.60136303627766
"15",37.52536445,-77.45656074,11.625,0,37.7478481044227,2.14173099501372,1.64845242645118
"16",37.5253277,-77.45656179,21.1996348,0,32.2304598455193,2.13608706936169,0.0170434292160398
"18",37.52536918,-77.45664537,21,0,33.2459754296759,2.29466823535772,0.317316163902093
"22",37.52551164,-77.45677258,14.25,0,36.7554202770671,2.07232397826189,1.35500639534364
"23",37.52574749,-77.45662479,14.75,0,38.6339715651828,2.1481846392177,1.91046584996045
"24",37.52579633,-77.45660976,9.75,0,40.2817848143948,2.32445855967038,2.39769952545713
"25",37.52581622,-77.45655845,15.75,0,34.0722180081082,3.11423411980575,0.561623708178674
"26",37.52582803,-77.45654113,17.875,0.59,29.8529840338445,3.14639016927917,-0.685940527661784
"28",37.52585763,-77.45654034,39.04166602,1,27.6656445531958,3.41863805485733,-1.33270402178048
"30",37.52581369,-77.45642692,15.75,0.01,33.8581730172021,3.10653954011189,0.498333813106713
"31",37.52585458,-77.45635773,5.625,0.2,35.6338877120968,3.13762647042983,1.02338602872686
"32",37.52597424,-77.45638878,32.70833333,0,30.1602703799847,2.13816644154386,-0.595080561624096
"33",37.52589122,-77.45656788,14.875,0.92,27.7669936706038,3.21740635682758,-1.30273660708306
"40",37.52599484,-77.45653859,9,0,36.0052065052599,3.13018657711399,1.13317942944163
"41",37.5259972,-77.45650891,10.65,0,35.367920909869,3.12247993849984,0.944743632404627
"42",37.52607973,-77.45643671,51.325,0.18,27.7759572614691,2.14038424987729,-1.30008620763697
"43",37.52608789,-77.4564114,13.50625,0,34.2578944607117,3.09514099400923,0.616525451746085
"45",37.52605128,-77.45627357,95,0,30.1231742896416,2.31265939129166,-0.606049319432698
"46",37.52600845,-77.45630723,21.83333333,0,30.6508304796666,2.30369651128558,-0.450029294112848
"47",37.52608648,-77.45620768,29.4703125,0,34.5717090859512,2.30751911163545,0.709315732048271
"48",37.52609316,-77.45620782,31.41057692,0,33.2948827569066,2.82453864503034,0.331777327396645
"49",37.5260275,-77.45653779,76.3911091,0,27.6074553977087,3.13628214263159,-1.34990968274695
"50",37.52604542,-77.4565691,36.8125,0,29.4204484573138,2.03319683481409,-0.813834813520246
"51",37.52606396,-77.45651344,23.875,0.03,29.5248089483633,2.14163138111554,-0.78297698078041
"52",37.52620182,-77.45657427,5.75,0.57,31.4984111000525,3.1581090079875,-0.199412410708203
"54",37.52624456,-77.45656391,8.125,0.48,29.9011889560398,2.30525862733774,-0.671687054806464
"55",37.52623919,-77.45653763,22.25,0.01,32.2740518772403,3.07423966066326,0.0299329395097253
"57",37.52623761,-77.45646715,20.27940949,0.18,31.9478538390827,3.10236552713673,-0.0665189303531596
"58",37.5262834,-77.45655489,19.57291667,0.86,27.9794484233531,3.19116481528226,-1.23991692159487
"60",37.52632209,-77.45658059,27.26640625,0.98,27.5593143967528,3.28925523976039,-1.36414425505001
"61",37.5266243,-77.45644559,44.8921875,1,27.5903242262843,3.3427292629326,-1.35497511332454
"62",37.52661582,-77.45647236,37.35789463,0.9,26.5520561681881,2.31045300365358,-1.66197541347316
"63",37.52660466,-77.45646139,35.24107143,0.5,29.3812155090408,2.06867106517768,-0.825435408185189
"64",37.52659723,-77.45654802,49.96875,0.98,27.7922056760497,3.50522299017346,-1.29528179502474
"65",37.52656916,-77.4565392,19.875,0.89,27.9599725621176,3.21119151013702,-1.24567564180041
"67",37.5264475,-77.45675386,19.375,1,27.6124261317814,3.28952391618936,-1.34843991119771
"68",37.52642193,-77.4568002,25.06899991,0.55,30.1101973336018,2.14734558230154,-0.609886410796686
"69",37.52641706,-77.45677744,14.75,0.84,31.0913945554604,3.25104178648043,-0.319761101377144
"70",37.52637806,-77.45668183,24.8125,0.34,30.5907853625645,3.11666443230565,-0.467783735106252
"71",37.52638345,-77.45674169,28.8125,0.95,28.2767060236994,3.40330284401752,-1.15202230534796
"72",37.52626653,-77.4563651,31.875,0,31.2349520558407,3.10576957671409,-0.277313300578799
"73",37.52617713,-77.45619043,24.52142857,0.06,33.5176415410492,2.13941894629961,0.397643760500548
"74",37.52631161,-77.45620655,49.9333787,0.18,29.7968532350461,3.10318792367836,-0.702537563412133
"75",37.52633245,-77.45621727,47.94955849,0.27,31.7718626382031,2.07299402883265,-0.118556890176964
"76",37.52632871,-77.45623354,17.828125,0.38,32.0260439316735,3.04620363815012,-0.0433992921182592
"77",37.52635334,-77.45616278,32.53571429,0,31.0651340978901,3.05104399544614,-0.327525925011317
"78",37.52633582,-77.45614881,33.75892857,0,30.5248784253794,2.13745655727599,-0.487271428423919
"79",37.52636411,-77.45614973,64.19999848,0,28.4179984094445,3.09926618103107,-1.11024426499101
"80",37.52642296,-77.45615742,14,0.06,32.501602195191,2.29878478971848,0.0972161573310516
"81",37.52639816,-77.45612193,29.11363636,0,31.3503999481197,3.1037573105611,-0.243177089506144
"82",37.52638273,-77.45612127,32.73859315,0.12,30.3990954180383,3.0720766148119,-0.524463578087182
"83",37.5263805,-77.45611551,53.05995263,0,28.891156705706,3.03970314890641,-0.970338449881507
"84",37.52636922,-77.45610247,36.23125,0,29.7094066549891,2.29500882683112,-0.728394206227204
"85",37.5263315,-77.45605059,20.125,0.01,32.9196909321448,3.10295381608319,0.220838729298583
"86",37.52633844,-77.45600797,43.41203592,0,30.0688666581053,3.11356309977876,-0.622107271954687
"87",37.52635542,-77.45600477,38.23875,0,30.5619996277264,3.11006022847538,-0.476295245372193
"88",37.52637766,-77.45599856,55,0,29.235516572657,3.12637939656952,-0.86851639950759
"89",37.52639464,-77.4559552,44.98214286,0,30.8507640660486,3.11994625961373,-0.390911929815216
"91",37.52639089,-77.45586096,47.30807332,0,28.8219563805615,2.2905867181562,-0.990799948647745
"92",37.52637726,-77.45586468,17.54166667,0,34.5794351934278,2.13646761252649,0.711600226207371
"93",37.52636611,-77.4558607,8.104166667,0,36.94433284305,2.93196532349414,1.4108650091249
"94",37.52635863,-77.45586433,12,0.19,33.800228058952,3.03003741794812,0.481200357602453
"95",37.52637395,-77.45584877,42.52142857,0,30.3224401746896,2.98384285004721,-0.547129384410058
"96",37.52642333,-77.45606241,30.5625,0,30.2241660632323,2.29741928737387,-0.576187565945118
"97",37.5264447,-77.45607314,22.78125,0,32.2486723746297,3.07442005263971,0.0224286010507902
"98",37.52645455,-77.45608373,20.75,0,32.7528254612125,3.10131312946948,0.171499111016756
"101",37.52653204,-77.45607928,90.8133305,0.05,27.2781053127382,3.14392841581244,-1.44729356560023
"103",37.52646891,-77.45605444,19.53125,0,33.0413307946639,3.10313890435169,0.256805813147678
"104",37.52648671,-77.45602474,10.90171252,0.07,34.744201888382,3.11301243366153,0.760319267895115
"105",37.52650414,-77.45596328,33.33790708,0,31.0741250316412,3.10561660559043,-0.324867440683813
"107",37.52654906,-77.45594674,5.625,0,37.7066983880691,3.01734662272872,1.636285072199
"108",37.52656203,-77.45594956,30.25,0,30.7059126543897,2.30014095590253,-0.433742320781678
"109",37.52653193,-77.45590113,19,0,33.8006680557423,2.29554942160619,0.481330458057382
"110",37.52656387,-77.45590876,25.375,0,35.5426538714778,2.27449539191993,0.996409549738292
"111",37.52657308,-77.45590719,21.375,0,37.1918433300335,2.28686909040421,1.48405014970719
"113",37.52659883,-77.45588803,22.66666667,0,33.0317740153225,2.30082286297873,0.253980016761687
"114",37.52631254,-77.45578242,13.825,0.32,32.0905101463205,3.10855435233934,-0.0243375988572972
"116",37.52631815,-77.45574314,12.88324034,0.26,32.5166626887171,3.10166422777841,0.101669319495523
"117",37.526293,-77.45572032,26.25,0,29.9215986600898,2.29780309823664,-0.665652211279861
"118",37.52628721,-77.45573459,8.666666667,0,35.6085306096347,2.94474800480817,1.01588831365601
"119",37.52627874,-77.45574849,38.4375,0,30.6949380858973,2.35359367721346,-0.4369873361656
"120",37.52626683,-77.45573787,10.25,0,35.7442021066052,2.29103054894155,1.05600434146482
"121",37.52621102,-77.45575926,39.88636364,0,29.8318401075975,3.01763540280944,-0.692192469685336
"122",37.52620962,-77.45577503,45.09375,0,28.4553251189829,2.29984521820924,-1.09920731654356
"123",37.526189,-77.45576516,32.35357143,0,30.7928456707371,3.07670947728481,-0.408037531056741
"124",37.52618312,-77.45575289,30.44886364,0,31.1517187379542,3.10259531426414,-0.301924144930855
"125",37.5261937,-77.45579486,89.60676891,0,26.9907604122577,3.11677205462169,-1.53225714509767
"126",37.52617939,-77.45580419,41.51726191,0,30.1163500610169,3.10883268251803,-0.608067141535327
"127",37.52619883,-77.45586908,62.375,0,28.6903499720706,3.12824161467152,-1.02971399073266
"128",37.52619572,-77.45587467,197.6166609,0,24.2979663924336,3.21952396110961,-2.32847596920396
"129",37.5262,-77.45589471,32.75,0,31.2272622154554,3.10564971906737,-0.279587071102688
"130",37.52620518,-77.45593877,48.74675811,0,31.1320186015399,2.2986056832052,-0.307749179944695
"131",37.52619136,-77.45594101,10.625,0,36.057694007932,3.01010261652696,1.14869919714396
"133",37.52617537,-77.45594204,28.02083334,0,31.9605756674009,3.09203768780605,-0.06275727643183
"134",37.52612564,-77.45596283,20.67142857,0,33.2108754061084,2.29383326716893,0.306937613116072
"135",37.52613326,-77.45597043,28.01166667,0,31.8272823117517,2.90920731115064,-0.10217012350251
"136",37.52617632,-77.45599794,19.16666667,0,32.9452404807384,3.09722475417439,0.228393347805538
"137",37.52615996,-77.45602583,51.75972154,0,27.2506006511918,2.3038291108102,-1.45542628169832
"138",37.52614429,-77.456016,44.79166667,0,29.1732399481729,3.06624334464564,-0.886930663781419
"139",37.52609957,-77.45598969,28.79166667,0,30.8012365741328,2.13780354131806,-0.405556466710295
"140",37.52610775,-77.45603394,31.0625,0,29.9550318758313,2.29323591863174,-0.655766510580938
"141",37.52608719,-77.45604906,56.8125,0,28.6649699269693,2.29238082658417,-1.03721848959798
"142",37.52612904,-77.45607716,64.51157264,0,28.4126686927023,3.1229385439884,-1.11182018233415
"143",37.52595899,-77.45600506,31.51336781,0.03,31.1654184295734,3.10445610046455,-0.297873351490531
"144",37.5261574,-77.45571863,73.625,0,27.0358270448456,2.06984281882567,-1.5189316174333
"145",37.52614218,-77.45572504,31.4375,0,29.7944409079626,2.28572471307231,-0.70325085236763
"146",37.52611235,-77.45566974,23.04166667,0.97,26.6608453229301,2.31218145417465,-1.62980809126936
"151",37.52583854,-77.45529367,21.38984375,0.08,29.6062164697671,2.29193509245937,-0.758905997077862
"152",37.52584581,-77.45530736,35.65263158,0,29.3245095172552,2.13419504459154,-0.8422025198792
"153",37.52583825,-77.45532202,24.09264706,0.13,31.3473684152649,2.9812666873244,-0.244073468325732
"154",37.52586873,-77.45535693,18.875,0,33.3956008338232,3.10066207073789,0.361558152880661
"155",37.52586518,-77.45528938,28.65,0.22,30.1708432994891,3.08502712333742,-0.591954307824825
"156",37.52586015,-77.45526561,11.04166667,0.43,31.4425383759454,3.13179996713953,-0.21593313764117
"157",37.52587128,-77.45524634,19.63333333,0.67,29.1551659353368,3.15633173058168,-0.892274878430349
"158",37.52587806,-77.45522641,4.5,0.56,31.9343579959251,3.26127799263242,-0.070509448859259
"159",37.52583587,-77.45525887,12.625,1,26.8249550542861,3.24649813980316,-1.5812833038691
"160",37.52589629,-77.45521362,7.625,0.16,35.118684041777,3.12313100229077,0.871048026808666
"161",37.5258957,-77.45520177,17.73099276,0.74,28.8898353726526,3.169938004225,-0.970729148257351
"162",37.52590577,-77.45515638,17.58333333,0.47,30.5711299767736,3.12337036092034,-0.473595538031595
"163",37.52595872,-77.4550682,15.29166667,0.17,33.5667216985558,2.28911322497455,0.412156027316776
"164",37.52597169,-77.45507087,34.83333333,0,34.2498616580893,2.29256891177843,0.61415027243002
"165",37.52597766,-77.45506136,40.70625,0,31.7052371836876,2.27565983464691,-0.138257038297958
"166",37.5259903,-77.45504276,16.125,0.02,33.9062433891835,3.05287045608638,0.512547501480789
"167",37.52598136,-77.45508013,38.08333333,0,31.9028761741131,2.9710018240951,-0.0798181516264631
"168",37.52600042,-77.45506867,35.6875,0,31.1626695053451,3.0462236859142,-0.298686167175837
"169",37.52602762,-77.45506508,24.14583333,0,31.7133437955592,2.29463126869529,-0.135860034693376
"170",37.52596949,-77.45501747,27.42045455,0,31.7815878094669,3.08965016704564,-0.115681302823858
"171",37.52594526,-77.45501058,16.75,0.17,32.6029236671497,3.10109952973661,0.127175397683541
"173",37.52600264,-77.45500595,18.5,0.03,32.1581680748577,2.29114925271374,-0.00433216364586648
"175",37.52605903,-77.45505362,55.59999827,0.06,29.4845249631616,2.29566382436583,-0.794888351309112
"176",37.52611069,-77.45502481,41.475,0,30.2345842922804,3.11055872069552,-0.57310705179483
"177",37.52613285,-77.45499047,65.4375,0,28.4882222095583,3.13029694289353,-1.08948014001923
"178",37.52615042,-77.45498524,34.5625,0,30.9241221657045,3.10716837734698,-0.369221039454982
"179",37.52619888,-77.45495539,6,0,37.5854374532718,3.15155154641683,1.60043003159672
"180",37.52596497,-77.45539042,25.85971743,0,31.3232393100634,2.88772792038558,-0.251208083015471
"181",37.52596644,-77.455381,17.375,0,32.2578792660984,2.29774468885885,0.0251509408379813
"182",37.52607579,-77.45544442,26.09611077,0.08,31.6411406829232,3.10192451919312,-0.157209412706189
"183",37.52607978,-77.45548649,9.875,0,35.708027654656,3.12166365163117,1.04530809831303
"184",37.52612036,-77.45552329,30.375,0,31.4194537761051,3.1050506484555,-0.222758907753732
"185",37.52612479,-77.45554608,15.625,0.06,33.55168194362,3.10474362102351,0.407708997242572
"186",37.52592822,-77.45535857,32,0,31.141604611778,3.10398082266038,-0.304914740420735
"187",37.52597343,-77.45528051,25.5,0,32.1222885182432,3.10314394826654,-0.0149412106679148
"188",37.52599721,-77.4551933,6.75,0,36.9895707570664,3.15175084795771,1.42424118214001
"189",37.52599894,-77.45514765,16.25,0.04,29.1559227729814,2.15140458133949,-0.892051092884543
"190",37.52603904,-77.45517656,21,0.01,32.7664529538452,3.09626639379215,0.175528556299102
"191",37.52603321,-77.45519508,335.3481615,0,22.3365173608608,3.27317875205784,-2.90844704384461
"192",37.52601805,-77.45524024,46.125,0.02,31.5071722394236,2.30001080245707,-0.196821873134023
"193",37.52603866,-77.45524306,144.1863052,0,25.9563673532628,3.15034428815366,-1.838111666102
"194",37.52606433,-77.45522214,25.25,0,32.3322308727882,3.11038927040909,0.047135596334506
"195",37.5260622,-77.45519785,63.5,0,29.1110276571686,3.11637627226031,-0.905325905609714
"196",37.52608963,-77.45520231,27.71875,0,32.2204709115888,3.07792242597976,0.0140898511964729
"197",37.52608034,-77.45517997,83.25,0,30.0252124876004,2.31681798478753,-0.635015155755266
"198",37.52605745,-77.45516873,74.0625,0,28.3469057016581,3.09986993154236,-1.13126531293582
"199",37.52609676,-77.45516434,12.75,0,32.9121498234574,2.30782903780864,0.218608936508124
"200",37.5261223,-77.45523144,4.75,0.13,36.9838547950478,3.14722650517002,1.42255105785883
"201",37.52616821,-77.45516618,83,0,27.5657436611511,3.14378754526214,-1.36224321794826
"202",37.52616021,-77.45508639,36.125,0.02,30.6915633731498,3.10718713338023,-0.437985188134858
"203",37.52618172,-77.45508622,64.25,0,28.5587982981054,3.12952870475044,-1.06861184863887
"204",37.52622346,-77.45508127,21.625,0,32.7152017894578,3.10330728187759,0.160374355293685
"205",37.52629129,-77.45501983,10.5,0,35.5353957425647,3.09394410837057,0.994263429824979
"206",37.52630166,-77.4550306,183.1324943,0.06,24.8533270176727,3.12174430884244,-2.16426415770725
"207",37.52631996,-77.4550361,78.24536863,0,27.2346377614206,2.93853692401248,-1.46014626890471
"208",37.52631868,-77.45502358,21.375,0.01,33.0692922291808,2.2938177208717,0.2650735901657
"209",37.52632951,-77.45502615,21.875,0.05,29.7727396733241,2.30156032275739,-0.709667582128008
"210",37.52635808,-77.45501011,81.10416667,0,27.2152600600452,3.15337094271313,-1.46587596471115
"211",37.52635579,-77.45503688,63.625,0,27.8873315083726,3.15118493874879,-1.26715451243401
"212",37.52637738,-77.45501726,21.375,0,32.2073744033048,3.11979740935752,0.0102174100260581
"213",37.52637494,-77.45500425,86.4375,0,27.1231598139463,3.14738006669133,-1.49310862681189
"214",37.52638944,-77.45504145,40.79166667,0,27.9153183093644,2.30418161619214,-1.25887923492962
"215",37.52639383,-77.45506021,55.31166571,0,28.3226160919971,3.09276301982315,-1.13844738638814
"216",37.52640888,-77.45509082,53.59027778,0,28.9610129556198,3.11392519991025,-0.949683003993954
"217",37.52640726,-77.45500941,75.35,0,27.6690808937032,3.11962178075544,-1.33168794740648
"218",37.52643335,-77.45507249,41.325,0,28.7577270411843,2.29688753718913,-1.00979160144239
"219",37.52644561,-77.45507196,50.69444444,0,28.750801305514,2.96898705255247,-1.01183943765671
"220",37.52644834,-77.45511487,75.40104167,0,27.873528794548,3.11661838461284,-1.27123576799608
"221",37.52646688,-77.45512169,62.75986111,0,28.7210885058186,3.02903412001101,-1.02062506710339
"222",37.52648025,-77.45512289,79.51388889,0,27.7114225448058,2.85628390850084,-1.31916815591725
"223",37.52648874,-77.45511368,85.98611111,0,26.0494534970694,2.30052242991354,-1.81058748882863
"224",37.52648146,-77.45513709,30.02437452,0,33.0973089444073,2.27207497926762,0.27335771286086
"225",37.52649053,-77.45513642,59.82291667,0,29.3365382082553,2.26350224901762,-0.838645816272028
"226",37.52650106,-77.45513498,38.16666667,0,30.6203464580737,2.88966321173948,-0.459042962313263
"227",37.52647307,-77.45515627,127.3541667,0,26.2321541311706,2.2941256808523,-1.75656565018202
"228",37.52646119,-77.45519557,35.90277778,0,28.3086803968828,2.30382780463048,-1.14256796252403
"229",37.52642396,-77.45516516,50.5625,0,29.3671850495854,3.11477011716434,-0.82958400471616
"230",37.52636149,-77.45517055,30,0,31.4602557295839,3.10482709152221,-0.210694381770325
"231",37.5263857,-77.45516403,42.75,0,30.09608320753,3.11227468636165,-0.614059746291902
"232",37.52641929,-77.45525794,5.125,0,37.8291319821978,3.19969353232689,1.67248685058628
"233",37.52647539,-77.45523591,27.125,0,30.7676287901285,3.17485196457846,-0.415493784627561
"234",37.52650885,-77.45517722,90.76071429,0,27.1887306188397,3.13297103949216,-1.47372032277395
"235",37.5265364,-77.45509767,73.04166667,0,27.290275765373,3.09182134887154,-1.44369494520283
"236",37.52654779,-77.45508682,22.375,0,31.0099604540948,2.87356407408944,-0.343839944375932
"237",37.52652327,-77.45507861,104.375,0,25.9926164906402,3.11724597003179,-1.82739333958872
"238",37.52653089,-77.45508063,63.875,0,27.4887692477136,2.98207517696099,-1.38500339808171
"239",37.52654228,-77.45508035,27.125,0,29.6970816875731,2.29728558774161,-0.732038514329055
"240",37.52651191,-77.45511336,81.29166667,0,27.2728764377471,3.08799300434805,-1.44883966554926
"241",37.52656252,-77.4550735,38.75,0.64,25.9752347480459,2.30951669065517,-1.83253286030491
"242",37.52654724,-77.45505129,65.5,0,27.8190056101316,3.13621858187231,-1.28735745627335
"243",37.52657266,-77.45505016,82.53125,0,27.0375247999105,3.14643480057933,-1.5184296167116
"244",37.5265307,-77.45506457,33.5625,0,30.2779942629383,3.08522761009469,-0.560271374228228
"245",37.52653507,-77.45502726,35.26875,0,30.7139488147058,3.11309315515811,-0.431366148645909
"246",37.52647519,-77.45502346,55.16666667,0,29.0931195627285,3.12180588252418,-0.910621060676196
"247",37.52648991,-77.45505887,78.54861111,0,27.6459475989979,3.14140783930374,-1.33852811586062
"248",37.52649787,-77.45498113,33,0,31.0964551792243,3.1060239774476,-0.318264750793744
"249",37.52651125,-77.45497112,28.875,0,31.6088315893101,3.10301643164846,-0.166762727343392
"250",37.52654966,-77.45497484,53.625,0,29.2471094972506,3.09782296804167,-0.8650885454943
"251",37.52657999,-77.45497038,25.0625,0,32.152077153765,3.08396981101263,-0.0061331577042414
"252",37.52661894,-77.45492651,21,0,32.8273032941784,3.10287319855059,0.193521089730895
"253",37.52638961,-77.45535265,21.5,0,32.7193216845261,3.09888472144439,0.161592546504213
"254",37.52637068,-77.45539005,26.5,0,31.7335514293549,2.29503843341406,-0.12988494031174
"256",37.5263427,-77.45544442,36.25902746,0,28.9511357621559,2.24814882807367,-0.952603542032647
"257",37.52634829,-77.45544549,38.58333333,0,28.8030421182226,2.24792194398438,-0.996392612478484
"258",37.52632622,-77.45543887,56.30749857,0,28.4642010402374,3.04349596798049,-1.09658283968715
"259",37.52628243,-77.45546775,19.5625,0,33.0694670624662,3.10419658724761,0.265125285747277
"260",37.52626142,-77.45546545,24.4375,0,32.244635432827,3.10263852322449,0.0212349378773507
"261",37.52623117,-77.4554081,19.5,0,33.2770369927834,2.13747085639569,0.326500602470464
"262",37.52626244,-77.45535897,18.25,0.34,33.560790493447,2.30406512223506,0.41040225888054
"263",37.52620201,-77.45540385,21.75,0,32.7934352811158,3.0813981069712,0.183506825982146
"264",37.52626611,-77.45529455,63.82735177,0,28.3001463662881,3.08408494687324,-1.14509134743762
"265",37.52629291,-77.45527045,32.79687453,0,32.5008142771534,2.1408769507211,0.0969831817789644
"266",37.5263691,-77.45548283,37.859375,0,30.4549056292359,3.1075418106362,-0.507961335284452
"269",37.5265227,-77.45542695,5,0.19,34.0524867430464,2.30516006730168,0.555789468890436
"270",37.52653288,-77.455432,23.13749951,0.11,30.8521056935318,2.96296005199141,-0.390515230680712
"272",37.52650861,-77.45547896,12.75,0,32.2258947128445,2.30335154068912,0.0156935879198075
"273",37.52651179,-77.45548561,15.13555508,0,32.5054278803716,2.8358242635683,0.0983473550882786
"275",37.52653593,-77.45548156,66.25,0.03,27.9601567514083,3.12661592608652,-1.24562117978834
"276",37.52657142,-77.45555387,26.8,0.13,36.0589434806615,2.14910528906384,1.14906864749926
"278",37.52659511,-77.45550935,16.125,0.01,33.9068799233207,3.10745772908943,0.512735715082925
"279",37.52663019,-77.45545455,22.90625,0,31.4370147081929,3.07553578309634,-0.217566403390516
"280",37.52664073,-77.45546869,26.7979166,0,30.3707103697808,2.29117699590437,-0.532856611337931
"281",37.52664883,-77.45547987,38.87999331,0.04,27.9971440882842,2.13449856288807,-1.23468457874965
"282",37.52657683,-77.45535282,14,0.72,29.1625924052633,3.165601432744,-0.890078982602945
"284",37.52660779,-77.45529791,29.875,0.25,29.3420228978676,2.29809552974121,-0.837024075774413
"285",37.52659026,-77.45528685,15.75,0,33.6114154768995,3.06426248531096,0.425371307570572
"286",37.52659033,-77.45526727,75,0,27.8422294095001,3.12498946861023,-1.28049052694703
"287",37.52661932,-77.45526515,26.05,0,31.9617482366464,3.03122756492227,-0.0624105652838627
"288",37.52663891,-77.4552688,29.5625,0,31.3549091651992,2.29238575223507,-0.241843781613207
"289",37.52663567,-77.455253,9.2,0,36.6505961966379,2.98633009545277,1.32401148617387
"290",37.52663558,-77.45523914,5.125,0,39.5264351308827,3.08583244265138,2.17435394745619
"291",37.5266514,-77.45523818,78.94134048,0,31.9247665623085,2.31397507987208,-0.0733454919949262
"292",37.5266542,-77.45524854,36.56773778,0,32.0341792039778,2.28405726180341,-0.0409938140533668
"293",37.5266366,-77.45530179,26.5,0,31.7406984454254,3.07806942827482,-0.127771674800307
"294",37.52665133,-77.45531415,91.0999974,0,27.1597861591069,3.143599989334,-1.48227876561182
"298",37.52674316,-77.45550478,46,0.93,27.9785599416862,3.40678007720677,-1.24017963230458
"300",37.5267795,-77.45546446,63.96428571,0.21,28.547997801301,3.11447887317118,-1.07180539363415
"301",37.52679421,-77.45547534,11.125,0.11,34.411715121162,3.10406433483846,0.662007915122519
"302",37.52679004,-77.45543249,64,0.04,28.5748550984117,3.12485710875094,-1.06386409349508
"303",37.52677055,-77.45537818,25.20833333,0.95,27.7485103833079,3.23776971197583,-1.30820183805431
"304",37.52687946,-77.45545885,40.66071429,0.44,29.1472808364667,3.16118670327326,-0.894606383961052
"306",37.52696955,-77.45543975,21.04166667,0.92,27.8022736726573,3.22729049684057,-1.29230483935678
"307",37.52706373,-77.45525669,23.13541667,0.72,32.358773412709,2.14688409037878,0.0549838274910578
"308",37.52699082,-77.45518454,20.34375,0.98,27.4678996070164,3.24320414718395,-1.39117423798
"309",37.52702335,-77.45516336,24.53846154,0.92,27.8267129794983,3.24876503810919,-1.28507850269246
"310",37.52677371,-77.45520592,89.98989201,0,26.9738795706262,3.15687361056881,-1.53724855690815
"311",37.52675404,-77.45523849,17.5,0,30.2277222329352,2.31422803708039,-0.575136059874366
"313",37.52667441,-77.45528075,23.92601777,0,32.3494120166044,3.0800393383271,0.0522158029992049
"314",37.52670104,-77.45525867,24.75,0,31.7882782025023,2.2931768654809,-0.113703053898669
"315",37.52657887,-77.45521583,42.6,0,29.8646030496051,3.09276447683949,-0.682504958881512
"316",37.52660531,-77.45520645,59,0,27.313730410706,2.30570695576329,-1.43675975818542
"317",37.52665561,-77.45517482,39.8604927,0.19,31.0507809809572,3.04241094530453,-0.33176992652145
"318",37.52664733,-77.45516471,13.4375,0,37.1514662605894,2.3045598350791,1.47211125556344
"319",37.52665325,-77.45512603,165.4627266,0,25.1767998414392,3.21681632402889,-2.06861809288626
"320",37.52663043,-77.45508013,51.375,0,29.4146406769439,3.10264244495506,-0.815552087111447
"321",37.52665836,-77.45507798,4.625,0.89,28.1327156033542,2.33784462136027,-1.19459811409001
"322",37.52667766,-77.45502828,32.25,0,31.5551749451224,3.12355323114851,-0.182628192665336
"323",37.52673234,-77.45500024,19.15625,0.23,34.4754973158536,2.29877679483918,0.680867353936791
"324",37.52672716,-77.45497733,22.24833286,0,32.5571715658544,2.97124398795714,0.113647187198248
"325",37.52674133,-77.45497105,28.58333333,0,29.9808579373647,2.30683055420231,-0.648130131342859
"326",37.52684335,-77.45493599,27.375,0.01,31.7709205712064,3.10349394031018,-0.118835445265394
"327",37.52674794,-77.45491588,14.1875,0,34.2737821950337,3.11071029563205,0.621223216612768
"329",37.52704739,-77.45451204,14.64044969,0.18,35.1646138379316,2.3028644888941,0.884628779000037
"330",37.52702508,-77.45462897,11.77115385,0.19,33.5265100748374,3.1087246411523,0.400266052993917
"331",37.52694439,-77.45461961,56.58333333,0,28.6069256210016,2.13915311517656,-1.05438132073304
"332",37.52688591,-77.45464351,44,0.04,29.966970195941,3.10744969045657,-0.652236528291336
"333",37.52687922,-77.454665,28.125,0,31.8846097566235,3.07253809825422,-0.0852192574470843
"334",37.52684348,-77.45468512,12.29807692,0.65,29.8611932328887,3.16029344323638,-0.683513190568128
"335",37.52685242,-77.45456215,23.68666625,0.02,32.2834397331122,2.294154461915,0.0327087877581299
"336",37.52687266,-77.45455187,9.875,0,35.7093830662661,3.07840195619694,1.04570887320722
"337",37.52695331,-77.45441268,21.66666667,0.04,31.9224225179838,2.13545171002413,-0.0740385907622927
"338",37.5269691,-77.45440699,29,0.23,32.3043002921497,2.1362713730848,0.038876942345804
"339",37.52699186,-77.4543639,21,0.29,31.3152771854694,3.10843467706296,-0.253562363898041
"340",37.52679197,-77.4543096,33.75,0,30.9510771759091,3.10822199779539,-0.361250847018839
"341",37.52677727,-77.45429291,13.7125,0,34.4104368939393,3.11233824107281,0.661629962494634
"342",37.52677233,-77.45421937,4.75,0,38.472560588426,3.1700060700562,1.86273904383826
"343",37.52700819,-77.45373722,59.9375,0,28.8249419636732,3.1261169819658,-0.98991715647835
"344",37.52709815,-77.45381461,36.02083333,0,30.4911424584145,2.29502979625043,-0.497246648121051
"345",37.52667069,-77.45393549,7.916666667,0,36.5532412610612,3.13236562464946,1.29522509116737
"346",37.5266768,-77.45403832,21.35480769,0,34.8516589395149,2.13998839398396,0.792092707031228
"347",37.52663168,-77.45415538,12.6234375,0,34.7834295843384,3.11205726893604,0.771918309528766
"348",37.5266162,-77.4541841,13.36458333,0,34.6383560685947,3.11119632860323,0.729022245713993
"350",37.52654081,-77.45415165,20.78125,0,33.2304568116551,2.0706970966271,0.312727541192265
"351",37.52655455,-77.45422442,20,0,36.045545590444,2.29841883410487,1.14510709220913
"352",37.52656857,-77.45425373,8.175,0,37.0207103802041,3.14060281405554,1.43344870188911
"353",37.52670302,-77.45435587,45.16666667,0,28.9570265825776,2.13849013999963,-0.95086171474299
"354",37.5267174,-77.45432604,35.53125,0,32.5070815456758,2.14022203286412,0.0988363191286958
"355",37.52672254,-77.45431693,43.3254468,0,30.9363637855537,2.89005496887048,-0.365601375979145
"357",37.52646056,-77.4542761,38.75,0.38,29.4136528196875,3.14249380244203,-0.815844181693245
"358",37.52644225,-77.4541994,25.96875,0,32.0193886590977,3.1034820098298,-0.0453671564500165
"359",37.52630178,-77.45462568,20.31666667,0,35.3784689202207,2.14192967824194,0.947862520940874
"360",37.52626127,-77.4546794,22.0049999,0,32.6840561372103,3.1033813504638,0.151165052827187
"361",37.52612335,-77.45464582,14.44861111,0,33.256716800458,2.29695686493219,0.320492226218932
"362",37.52606288,-77.45470176,24.65833333,0.04,32.4082731490236,2.13773182723673,0.0696201574709322
"363",37.52618594,-77.45479087,11.75,0,35.040339860572,3.11518940535448,0.847882826880483
"364",37.5261515,-77.4548691,37.4375,0.01,30.5480346440357,3.10740201033454,-0.480424481701083
"365",37.526,-77.455,13.58333333,0,33.6466416220545,2.780120397027,0.435787150619331
"366",37.52620408,-77.45488901,39.625,0,28.9270090185656,2.07116178767522,-0.959737458429374
"367",37.52621337,-77.4548655,64.6875,0,28.2325558064491,3.09208678509188,-1.16507686273493
"368",37.52624107,-77.45486171,79.25,0,27.6771652038135,3.136131726846,-1.32929753809838
"369",37.52626998,-77.4548833,30.97222222,0,31.3213492673867,3.1049943783441,-0.25176694030141
"370",37.52623718,-77.45489221,25.94666586,0.04,31.6551960569114,3.09311016905606,-0.153053449321358
"371",37.52639427,-77.45481995,20.875,0,32.7679793629792,3.10254742110504,0.17597989259772
"372",37.52641293,-77.45482213,22.625,0,32.3459844677536,3.09146772448823,0.0512023281862578
"373",37.52643353,-77.45480039,20.625,0,31.6023088614803,2.29586080201767,-0.168691400180738
"374",37.52647085,-77.45473988,24.33333333,0,32.2938276868364,3.09750274170236,0.0357803499490281
"375",37.52657611,-77.45482383,28.8125,0.04,30.3371172515456,2.29514630117718,-0.542789592807146
"376",37.52658512,-77.45483051,13.25,0,34.0318940068201,2.94423674571413,0.549700505493119
"377",37.52658678,-77.45474515,32,0,31.2127196428384,3.10567780375546,-0.283887091818471
"378",37.52650179,-77.45469589,30.58628403,0,31.5464132236363,3.04984048398328,-0.185218902362202
"379",37.52534148,-77.45654168,2.25,0.05,38.9731518365409,2.14176500343964,2.01075637156464
"380",37.52535788,-77.456608,20.4375,0,36.2488906892484,2.30833539954059,1.20523318958825
"382",37.52553639,-77.45661869,6.625,0.2,36.2661695109391,2.2916058479845,1.21034227813615
"390",37.52560029,-77.45663509,7.125,0,36.9507483278489,3.13494040828258,1.4127619718057
"392",37.52570038,-77.45661037,9,0,34.6316233861748,2.30357880751108,0.727031492451776
"399",37.52600462,-77.45648535,18.30729167,0,33.2986871351193,3.10735359763016,0.332902225002873
"400",37.526,-77.456,9.1875,0.11,34.9864821016272,3.11683561024735,0.831957894939784
"404",37.52614656,-77.45654834,6.25,0.38,33.3977755804629,3.15175391993814,0.362201192860476
"407",37.52609604,-77.45628713,18.25625,0,33.5378752846388,3.11257460024537,0.40362657515683
"409",37.52609396,-77.45636295,8.075,0.25,34.0769188194779,3.12264279922854,0.563013667631055
"414",37.52619688,-77.4561778,12.75,0,35.0913931890811,3.0742880501773,0.862978530782455
"418",37.52608869,-77.45609508,25.125,0,31.7877180942321,2.29422251900312,-0.113868669517629
"421",37.52622629,-77.45612907,11.5,0,35.1372732066902,3.1152068143626,0.876544564204162
"422",37.526,-77.456,8.640625,0,36.2106193715745,3.12801660316231,1.19391693467569
"423",37.52621517,-77.45619729,9.944444444,0,35.8194379650018,3.11537197616737,1.07825045693526
"424",37.52624099,-77.4562018,65.83333333,0.02,28.4893653777229,3.13045343426489,-1.08914212233014
"425",37.52624552,-77.45601736,30.75,0.11,33.4206300522384,2.14099844789328,0.368958917554126
"426",37.52634165,-77.45622652,39.625,0.01,31.5270081693319,2.97507537333751,-0.19095668601969
"429",37.52635485,-77.45609912,23.4,0,31.9909901566971,2.99612017063449,-0.0537641678891944
"431",37.5264129,-77.45598171,6.925,0.28,34.8142841345341,3.14459547980107,0.781041537482447
"432",37.5264146,-77.45595533,25,0,35.4235767419555,2.3097244938607,0.961200227618496
"434",37.52641498,-77.45587119,7.125,0.17,35.09632847179,3.1020916653178,0.864437819894866
"435",37.52640348,-77.45588093,6.75,0,37.0676581769936,3.10210818360647,1.44733046160743
"436",37.52660875,-77.45586335,11,0.01,35.3245845163244,3.08982376535275,0.931929710487449
"437",37.52662251,-77.45587927,3.375,0.34,35.3914284571001,3.17094962616785,0.951694461720282
"439",37.5266112,-77.45587689,7.25,0,37.0609109075593,3.04629509748159,1.44533539518372
"441",37.52655597,-77.45602711,10.625,0,35.4217116510716,3.11894459694048,0.960648748203625
"443",37.52655126,-77.45575734,12.83333333,0.59,30.2409502618871,3.14561947314054,-0.571224730014086
"446",37.52676256,-77.45562163,5.458333333,0.02,37.7444411980177,3.15251248436792,1.64744505530001
"448",37.52667548,-77.45544955,19.925,0.15,30.9081235418655,3.15926844040153,-0.373951592689514
"449",37.52665418,-77.45545668,27.75,0,26.7642865470066,2.3251602789118,-1.59922207199275
"450",37.5266489,-77.45553986,28.75,1,27.4893748164251,3.31087403096454,-1.38482434049176
"451",37.52675502,-77.45547831,13,0.71,30.0338624628016,2.14027436789199,-0.632457487759657
"454",37.52673674,-77.45541271,41.75,0.59,28.2100760203929,2.30775269255493,-1.17172379847828
"456",37.52680008,-77.45538252,8.664772727,0.24,34.5632216405998,2.2977170158432,0.706806121692775
"457",37.52681063,-77.45519285,26,0.12,31.4324962796711,3.10244261180963,-0.218902434968851
"458",37.52672694,-77.45525631,14.25,0.03,33.6074916219725,3.1047239858243,0.424211082491003
"460",37.52693466,-77.45522827,1.5,0.94,27.1495083509838,4.27896772730951,-1.48531775939966
"465",37.5269822,-77.45474246,26.25,0.48,29.8131833699756,3.13808672991627,-0.697708987317829
"467",37.52644501,-77.45662399,6.0625,0.95,27.3291634607296,3.43407024196559,-1.43219643664959
"468",37.52644172,-77.45663885,10,0.81,28.6634563900582,3.22373904908241,-1.03766601977324
"472",37.52656165,-77.4565215,12.875,0.4,31.6625956132465,3.11793746185119,-0.150865511439513
"475",37.52634231,-77.45610585,28.25,0.11,31.0170831541935,3.07850250217885,-0.341733868732847
"483",37.52575918,-77.4571897,11.375,0,37.0804861168792,2.29989031876215,1.4511234911285
"485",37.52572827,-77.45710889,36.90625,0,30.6838924574496,3.10888853977823,-0.440253362913051
"486",37.52635267,-77.4570478,4.75,0.97,24.8803900300974,2.34872814733867,-2.15626203063369
"487",37.52634683,-77.45705992,12.83333333,0.63,30.7196698067565,2.2920640160493,-0.429674537059648
"488",37.5265042,-77.45684007,26.234375,1,27.4703000184695,3.29058898815501,-1.3904644722978
"489",37.52642109,-77.45678707,11.975,0.94,29.2414726935663,3.16420061326068,-0.866755263842673
"490",37.526403,-77.45677661,22.5,0.26,38.1509063894771,2.37487928012657,1.76763071911291
"491",37.52640356,-77.4567942,19.29166667,0.29,33.6303116763069,3.1349620168618,0.430958630463247
"492",37.52639715,-77.45683389,6.5,0.06,36.8252093611342,3.1346647566417,1.37564198129724
"495",37.52635503,-77.456827,21.6,0.08,32.3753508890389,3.10617271372499,0.0598855387296053
"496",37.52635182,-77.4568163,8.0625,0.32,33.5356611073099,3.13522035486146,0.402971876113337
"500",37.52605281,-77.45688,12.375,0,38.6241884126738,2.31994352851022,1.90757311842236
"501",37.52600361,-77.45687406,5.75,0,34.4027924285653,2.31574415531445,0.659369608681383
"502",37.5260087,-77.45685956,6.25,0,36.0082257953837,3.06244802132356,1.13407218826921
"504",37.52601662,-77.45683603,9.5,0,34.1199763577326,2.29864736713907,0.575745136219314
"508",37.5256012,-77.45678065,7,0.31,36.9780019204896,2.31099249625798,1.42082045059213
"509",37.526,-77.457,7,0.31,33.8688069953859,3.13424151702402,0.501478121042168
"510",37.52557444,-77.45697887,10.5,0.05,35.8195020292077,2.29761044678029,1.07826939976056
"511",37.52547219,-77.45677637,30.5,0,30.2994204353045,2.13959851712475,-0.553935976258337
"517",37.52562137,-77.45657515,43.875,0,30.0255906861893,3.11342425427026,-0.634903328102083
"518",37.52621633,-77.45655447,4.75,0.38,34.304120703948,2.30000280729374,0.630193858895484
"527",37.52565287,-77.45635791,7.25,0,36.8857170781731,3.13764895877042,1.39353320615713
"528",37.52570282,-77.45632939,5.25,0,38.1174317908478,3.15922258045529,1.75773278211443
"533",37.52546712,-77.45606742,14.75,0.13,33.2260402633852,3.10624302395655,0.311421634077124
"534",37.52548352,-77.45604579,28.5,0.46,29.5475938250423,3.13722083566675,-0.776239834313517
"535",37.52553996,-77.45608406,31,0,31.3333408348828,3.10540274526508,-0.248221213557876
"536",37.52604336,-77.45605126,13.71875,0,34.4180040593549,3.10848058115546,0.663867459868986
"541",37.52629063,-77.45587889,20.1875,0,33.1895032411232,2.95204416172374,0.30061818431914
"542",37.52628046,-77.45588626,11.375,0,35.6255890098065,2.29522206228593,1.02093222686509
"543",37.52626933,-77.45586867,17.5,0,33.6490713787125,3.04933968515708,0.436505593238724
"544",37.52629686,-77.45591954,19.125,0.15,32.3588152273035,3.09544841358349,0.0549961914398159
"545",37.5263272,-77.45597254,3.125,0,40.1177277248621,3.20218608894026,2.34919030345484
"548",37.52624394,-77.45592358,15.25,0,34.1818747494053,3.10558478019576,0.594047562720885
"550",37.52607045,-77.45601865,16.75,0.02,33.3912432721601,3.09565280077152,0.360269687220875
"553",37.52600485,-77.45592381,9,0,35.710626169295,2.29650426966767,1.04607644013755
"555",37.52602446,-77.45588959,6.125,0,37.4997355344761,3.13962728339947,1.57508925896248
"558",37.52548916,-77.45599916,29.6875,0.89,24.0777143857673,2.33421454752849,-2.39360118578713
"559",37.52549632,-77.45599322,19.5,0.82,26.2060730183797,2.96168846542241,-1.76427744425346
"565",37.52612003,-77.45574693,17.875,0,33.2228523342253,3.10035239297318,0.310479011214651
"567",37.52613857,-77.45568846,25.125,0.03,31.7030689959755,3.09405088694487,-0.138898138901211
"570",37.52625331,-77.45575216,77,0,27.8936381089721,3.06675031434341,-1.26528974517872
"572",37.52687699,-77.4554814,75,0.99,27.9549867977905,3.74635135489138,-1.24714985757057
"574",37.52689641,-77.4554215,27,0.05,31.6497898648936,3.10237515554942,-0.154651979257038
"576",37.52669383,-77.45547379,19,0.4,30.3916792130151,2.29786591555649,-0.526656438736557
"581",37.52653711,-77.45544123,7.3125,0,36.1789762032533,3.1221587137238,1.18456052416446
"585",37.52649263,-77.4555527,20.375,0,32.9540854671209,3.10323478645999,0.231008677684049
"586",37.52636394,-77.4555016,56.125,0,29.027564743208,3.12159251019481,-0.930004638079004
"589",37.52629985,-77.45551134,5.5,0,37.9269461098679,3.15706137284121,1.70140902181107
"590",37.52638656,-77.45541889,24.125,0,32.1816912334984,3.09200212680823,0.00262328172958394
"591",37.52638072,-77.45549162,12.75,0.15,33.5393723432447,3.10823966248948,0.404069232944278
"592",37.52622839,-77.45553416,9.75,0.06,35.2304218245775,3.11743041512365,0.90408721412662
"593",37.52628155,-77.45555745,8.125,0,36.4502371141736,3.1313298567529,1.2647683090633
"594",37.52625403,-77.45546951,22.4375,0,32.5736712617188,3.10264652513231,0.118525899919138
"597",37.52611045,-77.45557148,3.75,0,39.3995591842376,3.18736162718638,2.13683863202492
"601",37.52587777,-77.45526126,18.625,0.31,31.3141029206494,3.10999241924798,-0.253909576401963
"602",37.52587079,-77.45526981,5.75,0.24,34.8949834999955,3.14988352299011,0.804903130088786
"604",37.52582951,-77.45535324,14.1875,0.26,34.9412015496963,2.30828487174241,0.818569114532566
"605",37.52593162,-77.4552218,2.75,0.06,39.7322945382577,3.19918564505249,2.23522348818774
"606",37.52596781,-77.45524961,23,0,32.5438833560642,3.10248346996969,0.109718062766246
"607",37.52602794,-77.45522204,6.958333333,0.02,37.3147562238332,3.09804689665393,1.52039364982204
"608",37.52593068,-77.45528716,20.5,0.18,31.909271735927,3.10230328120367,-0.0779270798736973
"609",37.52611648,-77.45540791,11.375,0,35.29167316082,3.10767206268271,0.922198316037482
"610",37.52614626,-77.45538747,4.9375,0,38.6671090397176,3.11107807605348,1.92026410441797
"611",37.52615418,-77.45540909,6,0.11,37.7541946154209,2.29914888905396,1.65032899461308
"612",37.52619301,-77.45537938,12.125,0,35.0133782413797,3.10889246892197,0.839910680265768
"613",37.52618057,-77.45538937,3.5,0,39.8454631958797,3.16862127597752,2.26868576374024
"614",37.52628607,-77.45525223,13.625,0,34.8624310055708,3.02983458238564,0.795277845480385
"615",37.52627684,-77.45524914,5.125,0,38.4263728504736,3.10576832177418,1.84908202212407
"616",37.52625987,-77.4552672,26.25,0,31.9244340923967,2.29258386710832,-0.0734437983638123
"617",37.5263249,-77.45527576,9.5,0.08,35.1286703115349,3.0987507004218,0.874000817072334
"618",37.5263085,-77.45530024,9.75,0,34.7948328449007,3.01673807507139,0.775290082731274
"619",37.52629418,-77.45529929,15,0,31.4751835113731,2.31155862953731,-0.206280460476962
"620",37.5264551,-77.45524605,7.05,0,33.0433249520767,2.32035428120601,0.257395455600316
"621",37.52639252,-77.45538604,18.75,0,33.2012750257017,3.05892376095273,0.304098924548681
"622",37.52640119,-77.45532923,26.10227273,0,31.9848501933234,3.10339255410416,-0.0555796630148805
"623",37.52639874,-77.45534492,17.9375,0,33.4168380188884,3.10382419894218,0.367837670138738
"624",37.52639195,-77.45530856,7.125,0,36.9325279147072,3.14035988847834,1.40737446878109
"627",37.52661238,-77.45527053,50.6875,0,29.2950719104865,3.06813824570076,-0.85090677890283
"629",37.52664427,-77.45523797,2.5625,0,43.3662172282792,2.98779221625365,3.30971995165326
"630",37.52672195,-77.45540434,29.75,0.97,27.4542506585572,3.15628636085689,-1.39521002742861
"631",37.52668652,-77.45524652,26.5,0.25,30.9983795314799,3.03723554515558,-0.347264249584057
"638",37.52672674,-77.45503446,25.625,0.15,33.5477751568358,2.1389379320767,0.406553818956966
"639",37.52670978,-77.45501497,10,0,38.5843465936116,2.30107387937038,1.89579248979259
"643",37.52637499,-77.45508723,43.1375,0,29.9167248828521,3.11873973756743,-0.667093314146452
"644",37.52642777,-77.45499715,7.625,0,36.6044171171554,3.11637555992084,1.31035702463944
"645",37.52634294,-77.45506608,28.75,0,31.3818240962222,3.11692745797224,-0.233885439990238
"646",37.52636688,-77.45512573,92.4375,0,27.1520242271794,3.15026900899458,-1.48457385252399
"650",37.52616272,-77.45509579,26.25,0.13,31.3854776466642,3.10226493543731,-0.232805139894734
"652",37.52596321,-77.45508913,24.97916667,0,32.9289445939872,3.03574929878981,0.223574898384123
"653",37.52595398,-77.45507416,9.8125,0,36.3513306953443,2.82691833597372,1.23552316371721
"654",37.52594776,-77.45508081,12.25,0,35.2779312291383,3.02208751974482,0.918135032843866
"655",37.52595718,-77.4551148,7.125,0,36.9513509264792,3.13447898731143,1.41294015118715
"656",37.52594229,-77.45501854,4,0.19,36.7954437228212,3.15509377201693,1.36684072826344
"657",37.52597848,-77.45500404,9.375,0,35.705172837209,3.09331780980969,1.0444639715904
"658",37.52590753,-77.45502781,8.25,0.38,32.8086044718386,3.13377025145537,0.187992128278226
"659",37.5258966,-77.45516424,15.4375,0.66,29.522089940928,3.15304086376723,-0.783780950518523
"660",37.52593939,-77.45519656,19.5,0,33.0820031818276,3.10493476012082,0.268832028314046
"661",37.52601136,-77.45497262,1,0,43.9112347835851,3.37330810847765,3.47087347242322
"662",37.52595669,-77.45482835,6.25,0.31,34.1511688901325,3.14099028487709,0.584968300444113
"663",37.52611931,-77.45489894,10.25,0,35.5569850864454,3.12071815164377,1.0006470751656
"664",37.52609292,-77.45488539,28.625,0,31.6432433092947,3.10429451332145,-0.156587697608528
"665",37.5261768,-77.45491653,34.5,0,30.8035515615476,3.10190279178758,-0.404871959635589
"666",37.52619904,-77.45488658,39.625,0,29.3650984438909,2.6454067701886,-0.830200982739813
"667",37.52611705,-77.45486566,29.75,0.15,30.8971430172829,3.10419128887064,-0.377198369200041
"668",37.52616248,-77.45491867,32.5,0,31.1011541479496,3.10490977811061,-0.316875336183709
"669",37.5263676,-77.45478414,6.25,0,37.4340908058839,3.14793535241743,1.55567909679501
"670",37.52640304,-77.45481076,5.5,0,37.7691138685974,3.15201165433585,1.65474039412351
"672",37.52633329,-77.45498973,6,0,37.4367549827855,3.14894173302572,1.55646685396623
"673",37.52640059,-77.45498427,7.0625,0,36.8110880487783,2.29813879261741,1.37146652092555
"674",37.52634724,-77.45497452,22.875,0,32.4248138493106,3.10362156518021,0.0745109945848821
"675",37.52647738,-77.45498641,26.5,0,31.9294834433998,3.10357072758555,-0.0719507809667909
"676",37.52646117,-77.45498141,18.25,0,33.3493025164775,3.1041980685967,0.347868434497539
"677",37.52648134,-77.45486875,10,0,35.6501808996605,3.12170589593844,1.02820368003901
"678",37.52647097,-77.45477487,9.6875,0,35.7090847593159,3.12257678951552,1.04562066831395
"679",37.52645721,-77.45478889,30.75,0,31.1259819011016,3.08362061434486,-0.309534141768397
"680",37.52655958,-77.45494909,18.375,0,33.3575040618177,2.29378806109407,0.350293508505655
"681",37.52659276,-77.45494933,18.20833333,0.21,32.098381294767,3.0914356913077,-0.0220102182577155
"682",37.52669796,-77.45498902,17.25,0,34.1394401610566,3.106568263264,0.581500291081217
"684",37.52673377,-77.45491059,7.6875,0,36.6279059590969,3.13604336875701,1.31730232308136
"686",37.52690653,-77.45467191,9.5,0,36.1506502787639,3.01953403846162,1.17618497292561
"687",37.5268956,-77.45468332,18.16666667,0,34.1983969256436,2.29479911128239,0.598932922551339
"688",37.5267252,-77.4547173,9,0,36.060605461639,3.1260747220712,1.14956007035964
"689",37.52671464,-77.4546498,9.25,0,35.9560537197682,3.12477401342787,1.11864568761898
"693",37.52651866,-77.45469068,8.875,0,36.1646205814947,3.11579989106248,1.18031578201492
"694",37.52648266,-77.45470162,9.125,0.05,36.0980089900921,2.29624084000856,1.16061973300859
"696",37.52641593,-77.45473299,8.75,0,36.157264497461,3.12722854299897,1.17814069824088
"697",37.52649057,-77.45468973,8.5,0.06,35.9393985977508,2.99088760957052,1.11372101771462
"698",37.52636786,-77.45468427,6.75,0,37.1678873728993,3.14117304048978,1.47696673230532
"699",37.52631169,-77.45475129,10.25,0.13,34.455772248359,3.11267376298925,0.675034947176237
"703",37.52605445,-77.45470756,3.75,0,39.6036527042895,2.95614259831371,2.19718602634736
"706",37.52688093,-77.45435422,14.71354167,0,34.1756693393306,3.10891788517193,0.592212715986839
"707",37.52690005,-77.45439724,19.25,0,33.1451637016931,3.10302715414421,0.287507647201712
"708",37.52696187,-77.4543913,18,0.01,33.7569842936283,2.99331041790097,0.468413824461602
"709",37.52700937,-77.45437585,18.0625,0.03,33.285770317895,3.10290039299101,0.329082915785068
"710",37.52696394,-77.45437443,6.375,0.58,31.4066944743444,3.2013751796676,-0.226531642010226
"711",37.52713331,-77.4542708,10.3125,0.66,29.9276325197737,3.17503738894081,-0.663868089424648
"712",37.52695541,-77.45421637,17.25,0,33.5765169420312,3.10550372414326,0.415052333972417
"713",37.5270095,-77.45422611,10.75,0,35.3825094194804,3.11832176534662,0.949057236001018
"715",37.52702477,-77.45421494,7.25,0,36.8856997373,3.13765181470888,1.39352807872091
"716",37.5268379,-77.45426557,23.5,0,28.1080177032257,2.32256859242472,-1.20190091291289
"717",37.52657461,-77.45422207,15.5,0,36.7697057039272,2.13976690903246,1.359230381914
"718",37.52657291,-77.45424299,5.9375,0,38.6812808442652,3.11993982893445,1.9244544945738
"719",37.52657762,-77.45425725,23.5,0,32.821928156113,3.1230312661138,0.191931741983405
"720",37.52659798,-77.45423158,8.125,0,37.0340170713965,3.11845375305541,1.43738329099469
"721",37.52649902,-77.45410514,4,0,39.1519860892938,3.17080115542838,2.06363497920731
"722",37.52661061,-77.4540942,18.5,0,33.3218775432275,3.10421238562046,0.339759281034078
"724",37.52654332,-77.45419474,4.125,0,39.5449937072466,3.17805360600375,2.1798414402762
"725",37.52645853,-77.45417692,5.5625,0,37.9018520469385,3.15428369329061,1.69398908358683
"726",37.52642328,-77.45428625,11.25,0,35.2094170696652,3.11655398149743,0.897876422980398
"727",37.52646658,-77.45404153,6.5625,0.72,29.7327323678931,3.24964350331852,-0.72149714259621
"728",37.52648222,-77.45406934,12.375,0.14,33.6383868391536,2.13768240601679,0.433346335062613
"729",37.52645074,-77.45407077,13.58333333,0,34.4726471650864,3.092051745911,0.680024607081413
"730",37.52651992,-77.45397403,6.1875,0.12,36.2073694348051,3.13362518873491,1.19295597709263
"731",37.52653236,-77.45407077,5.625,0,37.851160387068,3.15074344135245,1.67900031967955
"732",37.52667236,-77.45400232,5.5,0,38.153443850583,3.14701054697733,1.76838100832294
"733",37.52655549,-77.4540779,12.25,0,34.8869194370748,3.11286890772283,0.802518707571137
"736",37.52694444,-77.45384117,11.25,0,35.2090628846493,3.11658727611225,0.897771695780768
"742",37.52696964,-77.45372052,12.25,0.06,34.4179856586068,3.11008284135353,0.663862019043625
"744",37.52680883,-77.45365421,10.15625,0,35.5993778898188,3.12062470120835,1.01318199161448
"745",37.52671994,-77.45348793,8.75,0.38,32.6689388769763,3.13103482810026,0.146695105598194
"746",37.52680546,-77.45349601,4.3125,0,38.8680852887803,3.17485547654835,1.97968976843978
"747",37.52682318,-77.45347961,8.5,0.23,34.1322770467218,3.11938441684776,0.579382265554341
"748",37.52683279,-77.45349791,14.6875,0.04,33.9119305808187,3.10659946698449,0.514229118790888
"749",37.52684806,-77.4535098,8.75,0,36.1681029782494,3.12745144415413,1.18134547453083
"752",37.52686898,-77.45348674,8.75,0.01,36.0760197124277,3.12633327881312,1.15411783324352
"754",37.52704787,-77.45369312,26.75,0,31.9036852134518,3.10370547874262,-0.0795789308222987
"755",37.52680829,-77.45527566,3.75,0.81,28.953640529296,3.51350056548054,-0.951862919938186
"756",37.52633291,-77.45536333,18.125,0,33.3722820550926,3.10177782931974,0.354663139580777
"765",37.52602124,-77.45499622,34.25,0,28.3867266235988,2.29797947020544,-1.11949086327164
"766",37.52598323,-77.45507209,33.5,0,32.5562017147145,2.87086175581964,0.113360416755169
"767",37.52610597,-77.45520073,9.5,0.01,35.9133272556909,3.10813268479217,1.10601211270183
"772",37.5264121,-77.45534239,22.125,0,32.6179441880619,3.10293015941981,0.131616740545304
"773",37.52651012,-77.45495828,33,0.38,29.7606188772604,3.13077443123635,-0.713251519821719
"774",37.5265297,-77.4549571,16,0,33.8659905781953,3.08990439831018,0.500645348699691
"775",37.52652663,-77.45494712,5.375,0.96,27.1873436607549,3.48689878141812,-1.47413042548779
"776",37.52627875,-77.45574911,38.5,0,30.7089140619328,2.28816777423092,-0.432854849565123
"777",37.5262723,-77.45574546,16.3125,0.32,31.8327382124805,2.69447986897805,-0.100556895446157
"781",37.52588177,-77.45514813,3.25,0.97,26.903088281967,3.78328828930925,-1.55818047973561
