PoolID,Date,MinWTemp_C,MaxWTemp_C,MeanWTemp_C,cvWTemp_C,sdWTemp_C,MinATemp_C,MaxATemp_C,MeanATemp_C,MaxRTemp_C,Area_m2,Volume_m3,Depth_cm,Depth_m,PctShaded,ShadeCat
4,5/20/2021,19.246,23.064,20.458,0.055503651,1.135493697,12.8,32.8,22.8,23.9,0.03137207,0.006195984,19.75,0.1975,0.428,2
13,5/20/2021,19.413,23.905,20.62234375,0.061797558,1.274410493,12.8,32.8,22.8,23.9,0.142211914,0.029686737,20.875,0.20875,0.2304,1
15,5/20/2021,20.519,38.268,28.1509375,0.250193167,7.043172209,12.8,32.8,22.8,23.9,0.21887207,0.025443878,11.625,0.11625,0.0016,1
22,5/20/2021,15.78,35.05,28.20787879,0.198371544,5.595640467,12.8,32.8,22.8,23.9,0.053588867,0.007636414,14.25,0.1425,0.0016,1
24,5/20/2021,20.234,39.843,30.74166667,0.223489996,6.870454973,12.8,32.8,22.8,23.9,0.067871094,0.006617432,9.75,0.0975,0.0016,1
42,5/20/2021,20.519,25.902,22.91687879,0.07600783,1.741862218,12.8,32.8,22.8,23.9,0.650756836,0.364694977,56.04166667,0.560416667,0.1784,1
46,5/20/2021,19.47,27.84,23.27454545,0.115014067,2.676900132,12.8,32.8,22.8,23.9,0.852539063,0.186137695,21.83333333,0.218333333,0.0016,1
47,5/20/2021,21.473,33.639,27.71645455,0.160903374,4.459671065,12.8,32.8,22.8,23.9,0.227416992,0.071843464,31.59107143,0.315910714,0.0016,1
50,5/20/2021,21.664,26.683,24.08112121,0.073599366,1.772355261,12.8,32.8,22.8,23.9,0.338134766,0.123334656,36.475,0.36475,0.0016,1
54,5/20/2021,21.75,27.11,24.24363636,0.079773902,1.934009466,12.8,32.8,22.8,23.9,0.200073242,0.016255951,8.125,0.08125,0.48,2
63,5/20/2021,23.388,25.902,24.22430303,0.034378216,0.832788332,12.8,32.8,22.8,23.9,0.680053711,0.2233855,32.84821429,0.328482143,0.5008,3
68,5/20/2021,21.79,27.67,23.86212121,0.085373374,2.037189789,12.8,32.8,22.8,23.9,0.198364258,0.049727936,25.06899991,0.250689999,0.5528,3
75,5/20/2021,22.43,29.64,25.54878788,0.099614478,2.545029172,12.8,32.8,22.8,23.9,0.3046875,0.1501891,49.29283296,0.49292833,0.272,2
78,5/20/2021,22.812,26,24.14351515,0.04466055,1.078262669,12.8,32.8,22.8,23.9,0.321777344,0.102486084,31.85,0.3185,0.0016,1
91,5/20/2021,22.717,26.195,24.09212121,0.053519814,1.289405841,12.8,32.8,22.8,23.9,0.305175781,0.142919091,46.83172777,0.468317278,0.0016,1
111,5/20/2021,20.805,36.511,28.71130303,0.198419814,5.696891408,12.8,32.8,22.8,23.9,0.163085938,0.028683283,17.58783334,0.175878333,0.0016,1
113,5/20/2021,21.473,30.963,25.55933333,0.121846711,3.114320709,12.8,32.8,22.8,23.9,0.401977539,0.097479553,24.25,0.2425,0.0016,1
130,5/20/2021,22.717,29.652,25.92336364,0.101609093,2.634049459,12.8,32.8,22.8,23.9,0.152587891,0.07438165,48.74675811,0.487467581,0.0016,1
137,5/20/2021,21.92,24.45,22.51909091,0.032384295,0.729264885,12.8,32.8,22.8,23.9,0.126098633,0.065268301,51.75972154,0.517597215,0.0016,1
139,5/20/2021,22.525,27.961,24.87027273,0.075065765,1.866906051,12.8,32.8,22.8,23.9,0.441894531,0.1272288,28.79166667,0.287916667,0.0016,1
144,5/20/2021,22.525,23.004,22.76309091,0.007140298,0.162535258,12.8,32.8,22.8,23.9,0.305175781,0.224685669,73.625,0.73625,0.0016,1
151,5/20/2021,22.154,26.646,23.42060606,0.058755151,1.376081255,12.8,32.8,22.8,23.9,0.090332031,0.018831809,20.84732143,0.208473214,0.0848,1
181,5/20/2021,21.282,29.752,24.48827273,0.121082249,2.965095143,12.8,32.8,22.8,23.9,0.093261719,0.016204224,17.375,0.17375,0.0016,1
189,5/20/2021,20.46,26.04,22.71181818,0.098182908,2.22991235,12.8,32.8,22.8,23.9,0.465820313,0.060556641,13,0.13,0.0432,1
209,5/20/2021,20.996,26.39,23.52771875,0.078917651,1.856752302,12.8,32.8,22.8,23.9,0.192993164,0.05392229,27.94,0.2794,0.0536,1
214,5/20/2021,22.99,25.05,23.84121212,0.030275764,0.721810907,12.8,32.8,22.8,23.9,0.110839844,0.04521342,40.79166667,0.407916667,0.0016,1
223,5/20/2021,22.13,23.38,22.79666667,0.017221154,0.392584917,12.8,32.8,22.8,23.9,0.633300781,0.544550713,85.98611111,0.859861111,0.0016,1
224,5/20/2021,21.473,31.88,25.80990909,0.145449602,3.754040992,12.8,32.8,22.8,23.9,0.149169922,0.044787336,30.02437452,0.300243745,0.0016,1
228,5/20/2021,22.333,25.416,23.35548485,0.043625574,1.018896435,12.8,32.8,22.8,23.9,0.434692383,0.166472776,38.29668571,0.382966857,0.0016,1
256,5/20/2021,23.388,26.488,24.62072727,0.044290884,1.090473787,12.8,32.8,22.8,23.9,0.141479492,0.055777306,39.42430493,0.394243049,0.0016,1
276,5/20/2021,20.519,35.971,27.90554545,0.198523481,5.539906018,12.8,32.8,22.8,23.9,0.092285156,0.024732422,26.8,0.268,0.1264,1
281,5/20/2021,23.1,24.062,23.51951515,0.013285334,0.31246461,12.8,32.8,22.8,23.9,0.185791016,0.070427554,37.90686719,0.379068672,0.0432,1
288,5/20/2021,21.187,29.152,24.38984848,0.117428367,2.864060078,12.8,32.8,22.8,23.9,0.363037109,0.109364929,30.125,0.30125,0.0016,1
307,5/20/2021,20.996,31.778,25.08939394,0.15985164,4.010580755,12.8,32.8,22.8,23.9,0.369506836,0.086792117,23.48863636,0.234886364,0.7192,3
316,5/20/2021,22.333,24.641,23.18863636,0.033890868,0.785883015,12.8,32.8,22.8,23.9,0.947021484,0.558742676,59,0.59,0.0016,1
318,5/20/2021,20.138,36.079,24.77778788,0.233407949,5.783332656,12.8,32.8,22.8,23.9,0.15234375,0.020566406,13.5,0.135,0.0016,1
325,5/20/2021,22.525,27.173,24.29624242,0.065525384,1.592020611,12.8,32.8,22.8,23.9,0.73059082,0.208827209,28.58333333,0.285833333,0.0016,1
331,5/20/2021,22.812,26.683,24.44148485,0.05994423,1.465125978,12.8,32.8,22.8,23.9,0.731933594,0.418117066,57.125,0.57125,0.0016,1
338,5/20/2021,21.473,33.743,28.141,0.162411445,4.570420461,12.8,32.8,22.8,23.9,0.296386719,0.085952149,29,0.29,0.2304,1
344,5/20/2021,22.238,28.357,24.5950303,0.088793244,2.183872528,12.8,32.8,22.8,23.9,2.561889648,1.008744049,39.375,0.39375,0.0016,1
350,5/20/2021,21.091,32.394,26.37881818,0.163873039,4.322777113,12.8,32.8,22.8,23.9,0.703979492,0.158395386,22.5,0.225,0.0016,1
353,5/20/2021,20.71,27.272,23.64545455,0.101645307,2.403449475,12.8,32.8,22.8,23.9,3.641479492,1.644734904,45.16666667,0.451666667,0.0016,1
366,5/20/2021,21.187,26.097,23.04881818,0.079574146,1.834090024,12.8,32.8,22.8,23.9,0.557983398,0.221100921,39.625,0.39625,0.0016,1
380,5/20/2021,15.91,35.39,27.10606061,0.230531206,6.248792853,12.8,32.8,22.8,23.9,1.281005859,0.393909302,30.75,0.3075,0.0016,1
392,5/20/2021,21.1,32,25.6990625,0.151667244,3.897705991,12.8,32.8,22.8,23.9,0.142700195,0.012843018,9,0.09,0.0016,1
432,5/20/2021,19.853,34.585,26.51351515,0.222531923,5.900103522,12.8,32.8,22.8,23.9,0.935180664,0.233795166,25,0.25,0.0016,1
449,5/20/2021,20.5,22.95,21.3630303,0.036787345,0.785889165,12.8,32.8,22.8,23.9,0.449829102,0.124827576,27.75,0.2775,0.0016,1
451,5/20/2021,18.045,30.054,23.27321212,0.195708566,4.554766979,12.8,32.8,22.8,23.9,1.005859375,0.130761719,13,0.13,0.7088,3
487,5/20/2021,20.805,29.452,24.11645455,0.1247414,3.008320307,12.8,32.8,22.8,23.9,0.506713867,0.071573334,14.125,0.14125,0.6256,3
500,5/20/2021,18.711,38.046,28.42681818,0.239490753,6.807960104,12.8,32.8,22.8,23.9,1.031005859,0.127586975,12.375,0.12375,0.0016,1
508,5/20/2021,19,36.08,29.7703125,0.207106107,6.165613532,12.8,32.8,22.8,23.9,0.438232422,0.03067627,7,0.07,0.3136,2
511,5/20/2021,21.92,27.37,23.8725,0.081013776,1.934001368,12.8,32.8,22.8,23.9,0.189941406,0.057932129,30.5,0.305,0.0016,1
518,5/20/2021,20.424,32.497,25.74,0.169869671,4.372445326,12.8,32.8,22.8,23.9,0.462646484,0.021975708,4.75,0.0475,0.376,2
553,5/20/2021,19.95,33.55,26.58666667,0.187445895,4.983561519,12.8,32.8,22.8,23.9,0.232543945,0.020928955,9,0.09,0.0016,1
611,5/20/2021,18.92,36.21,27.30121212,0.240790374,6.573869084,12.8,32.8,22.8,23.9,0.07043457,0.004226074,6,0.06,0.1056,1
619,5/20/2021,19.758,28.357,22.71557576,0.128052789,2.908792823,12.8,32.8,22.8,23.9,1.019897461,0.172745132,16.9375,0.169375,0.0016,1
717,5/20/2021,20.901,36.403,28.14024242,0.202775541,5.706152874,12.8,32.8,22.8,23.9,0.369018555,0.057197876,15.5,0.155,0.0016,1
14,6/8/2021,26.195,28.555,26.97639394,0.02999296,0.809101892,22.8,32.8,27.8,29,0.31262207,0.061352081,19.625,0.19625,0.9064,4
16,6/8/2021,27.272,32.291,28.90093939,0.063200028,1.826540171,22.8,32.8,27.8,29,0.078491211,0.01663985,21.1996348,0.211996348,0.0016,1
22,6/8/2021,27.93,38.18,31.75121212,0.119396933,3.79099736,22.8,32.8,27.8,29,0.053588867,0.007636414,14.25,0.1425,0.0016,1
23,6/8/2021,28.06,40.53,32.92112121,0.137872613,4.538921009,22.8,32.8,27.8,29,0.098632813,0.01454834,14.75,0.1475,0.0016,1
32,6/8/2021,28.655,31.166,29.41909091,0.030051088,0.884075695,22.8,32.8,27.8,29,0.432617188,0.141501872,32.70833333,0.327083333,0.0016,1
42,6/8/2021,26.097,27.961,26.74993939,0.024855252,0.664876489,22.8,32.8,27.8,29,0.650756836,0.364694977,56.04166667,0.560416667,0.1784,1
45,6/8/2021,27.075,32.086,28.97860606,0.061685254,1.787552673,22.8,32.8,27.8,29,0.092163086,0.087554932,95,0.95,0.0016,1
50,6/8/2021,26.85,29.6,27.85515152,0.035923231,1.000647044,22.8,32.8,27.8,29,0.338134766,0.123334656,36.475,0.36475,0.0016,1
51,6/8/2021,27.764,30.356,28.664,0.032312715,0.926211673,22.8,32.8,27.8,29,0.092773438,0.022149658,23.875,0.23875,0.0328,1
62,6/8/2021,26.12,26.77,26.38,0.009016988,0.237868136,22.8,32.8,27.8,29,0.143188477,0.050716563,35.41944433,0.354194443,0.896,4
75,6/8/2021,28.258,32.188,29.51872727,0.048182443,1.422284392,22.8,32.8,27.8,29,0.3046875,0.1501891,49.29283296,0.49292833,0.272,2
80,6/8/2021,27.961,32.807,29.5470303,0.058051673,1.715254545,22.8,32.8,27.8,29,0.777587891,0.108862305,14,0.14,0.064,1
96,6/8/2021,27.41,30.63,28.37666667,0.038296254,1.086720027,22.8,32.8,27.8,29,0.300292969,0.084881561,28.26625,0.2826625,0.0016,1
108,6/8/2021,27.28,31.14,28.57515152,0.048518335,1.386418771,22.8,32.8,27.8,29,1.058837891,0.352334191,33.27555556,0.332755556,0.0016,1
109,6/8/2021,29.652,34.691,31.03815152,0.053216922,1.651754883,22.8,32.8,27.8,29,0.09362793,0.017789307,19,0.19,0.0016,1
122,6/8/2021,27.961,28.754,28.24918182,0.010279616,0.290390734,22.8,32.8,27.8,29,0.373901367,0.185081177,49.5,0.495,0.0016,1
144,6/8/2021,27.862,28.754,28.33915152,0.010020171,0.283963149,22.8,32.8,27.8,29,0.305175781,0.224685669,73.625,0.73625,0.0016,1
145,6/8/2021,28.258,30.154,29.00030303,0.024407716,0.707831172,22.8,32.8,27.8,29,0.645507813,0.202931519,31.4375,0.314375,0.0016,1
146,6/8/2021,25.708,27.173,26.28433333,0.020693517,0.543915301,22.8,32.8,27.8,29,0.558959961,0.133870911,23.95,0.2395,0.9688,4
163,6/8/2021,29.053,34.058,30.6599697,0.059684349,1.829920345,22.8,32.8,27.8,29,0.108764648,0.016631927,15.29166667,0.152916667,0.168,1
164,6/8/2021,28.4,36.51,31.00212121,0.094935219,2.943193161,22.8,32.8,27.8,29,0.057983398,0.020195618,34.83,0.3483,0.0016,1
169,6/8/2021,27.468,32.291,29.09057576,0.061375208,1.785440142,22.8,32.8,27.8,29,1.112792969,0.268739502,24.15,0.2415,0.0016,1
175,6/8/2021,28.048,30.52,28.86954545,0.028757337,0.830211234,22.8,32.8,27.8,29,0.162475586,0.038994141,24,0.24,0.064,1
189,6/8/2021,26.683,29.452,27.50806061,0.038389491,1.056020447,22.8,32.8,27.8,29,0.465820313,0.060556641,13,0.13,0.0432,1
199,6/8/2021,27.862,32.807,29.48075758,0.059361813,1.750031232,22.8,32.8,27.8,29,0.186035156,0.023719482,12.75,0.1275,0.0016,1
227,6/8/2021,25.61,27.075,26.08615152,0.02001263,0.522052507,22.8,32.8,27.8,29,1.063232422,1.354070791,127.3541667,1.273541667,0.0016,1
239,6/8/2021,25.21,29.966,27.0239697,0.062893796,1.699640026,22.8,32.8,27.8,29,0.094482422,0.025628357,27.125,0.27125,0.0016,1
261,6/8/2021,26.585,33.848,29.21193939,0.092898981,2.713759396,22.8,32.8,27.8,29,0.830932617,0.16203186,19.5,0.195,0.0016,1
269,6/8/2021,27.468,34.163,29.83160606,0.086152303,2.570061562,22.8,32.8,27.8,29,0.067016602,0.00335083,5,0.05,0.1888,1
276,6/8/2021,26.51,36.68,30.08757576,0.121716643,3.662158713,22.8,32.8,27.8,29,0.092285156,0.024732422,26.8,0.268,0.1264,1
281,6/8/2021,28.456,30.154,29.05115152,0.021164473,0.614852326,22.8,32.8,27.8,29,0.185791016,0.070427554,37.90686719,0.379068672,0.0432,1
284,6/8/2021,27.075,29.752,27.87493939,0.034925776,0.973553894,22.8,32.8,27.8,29,0.375,0.11203125,29.875,0.29875,0.2512,2
291,6/8/2021,26.47,34.49,29.13030303,0.097575723,2.842410382,22.8,32.8,27.8,29,0.486206055,0.544502821,111.9901357,1.119901357,0.0016,1
292,6/8/2021,28.31,32.52,29.72636364,0.05304143,1.576728849,22.8,32.8,27.8,29,0.141845703,0.051869765,36.56773778,0.365677378,0.0016,1
311,6/8/2021,28.258,29.853,28.76393939,0.016954652,0.48768259,22.8,32.8,27.8,29,1.705444336,0.298452759,17.5,0.175,0.0016,1
331,6/8/2021,28.196,29.165,28.51324242,0.011784051,0.336001491,22.8,32.8,27.8,29,0.731933594,0.418117066,57.125,0.57125,0.0016,1
335,6/8/2021,27.468,33.118,29.27193939,0.072302221,2.116426217,22.8,32.8,27.8,29,0.152954102,0.03675487,24.02999937,0.240299994,0.0224,1
337,6/8/2021,27.11,33.67,29.20151515,0.08445037,2.466078772,22.8,32.8,27.8,29,0.094360352,0.019874649,21.0625,0.210625,0.0432,1
346,6/8/2021,27.272,35.971,30.16175758,0.100453228,3.029845912,22.8,32.8,27.8,29,0.367797852,0.080566886,21.90520833,0.219052083,0.0016,1
350,6/8/2021,27.468,34.479,29.97527273,0.086115421,2.581333234,22.8,32.8,27.8,29,0.703979492,0.158395386,22.5,0.225,0.0016,1
361,6/8/2021,28.83,33.72,30.25666667,0.057849273,1.75032616,22.8,32.8,27.8,29,0.159423828,0.021598607,13.54791667,0.135479167,0.0224,1
366,6/8/2021,27.961,30.154,28.68433333,0.02818896,0.808581538,22.8,32.8,27.8,29,0.557983398,0.221100921,39.625,0.39625,0.0016,1
418,6/8/2021,26.879,32.497,28.75663636,0.071241523,2.048666561,22.8,32.8,27.8,29,0.733398438,0.184266358,25.125,0.25125,0.0016,1
425,6/8/2021,26.08,33.25,28.54727273,0.093065343,2.656761742,22.8,32.8,27.8,29,0.232055664,0.092242126,39.75,0.3975,0.1056,1
454,6/8/2021,26.879,28.853,27.43087879,0.023289468,0.638850567,22.8,32.8,27.8,29,4.2734375,1.784160156,41.75,0.4175,0.5944,3
483,6/8/2021,25.39,38.61,30.25757576,0.16195417,4.900340569,22.8,32.8,27.8,29,0.542236328,0.061679382,11.375,0.11375,0.0016,1
542,6/8/2021,26.977,36.62,30.39648485,0.117133551,3.560448217,22.8,32.8,27.8,29,0.138916016,0.015801697,11.375,0.11375,0.0016,1
576,6/8/2021,25.22,31.19,27.45515152,0.078947937,2.167527568,22.8,32.8,27.8,29,0.111206055,0.02112915,19,0.19,0.3968,2
616,6/8/2021,28.06,32.704,29.40278788,0.054379912,1.598921018,22.8,32.8,27.8,29,0.110229492,0.028935242,26.25,0.2625,0.0016,1
638,6/8/2021,26.488,34.796,29.41606061,0.108366568,3.187717541,22.8,32.8,27.8,29,0.413696289,0.106009674,25.625,0.25625,0.1472,1
673,6/8/2021,28.754,37.604,32.00157576,0.103545699,3.313625535,22.8,32.8,27.8,29,0.033691406,0.002147827,6.375,0.06375,0.0016,1
687,6/8/2021,28.655,35.328,30.85966667,0.0737966,2.277338464,22.8,32.8,27.8,29,0.184570313,0.033776367,18.3,0.183,0.0016,1
728,6/8/2021,27.764,35.435,30.29709091,0.0938096,2.842157987,22.8,32.8,27.8,29,0.163696289,0.020257416,12.375,0.12375,0.1368,1
6,6/24/2021,19.52,33.33,25.60575758,0.203516685,5.211198897,12.8,26.1,19.4,26.1,0.100952148,0.009969025,9.875,0.09875,0.064,1
18,6/24/2021,25.74,32.22,28.73666667,0.075735491,2.176385574,12.8,26.1,19.4,26.1,0.057861328,0.012150879,21,0.21,0.0016,1
22,6/24/2021,22.01,35.69,29.4030303,0.153709485,4.519524646,12.8,26.1,19.4,26.1,0.053588867,0.007636414,14.25,0.1425,0.0016,1
32,6/24/2021,23.292,28.555,25.49772727,0.076425805,1.948684336,12.8,26.1,19.4,26.1,0.432617188,0.141501872,32.70833333,0.327083333,0.0016,1
50,6/24/2021,22.52,29.3,25.52545455,0.09119112,2.327694797,12.8,26.1,19.4,26.1,0.338134766,0.123334656,36.475,0.36475,0.0016,1
63,6/24/2021,23.016,27.727,24.50769697,0.066037906,1.618436987,12.8,26.1,19.4,26.1,0.680053711,0.2233855,32.84821429,0.328482143,0.5008,3
68,6/24/2021,23.12,29.26,25.36212121,0.087179502,2.211057097,12.8,26.1,19.4,26.1,0.198364258,0.049727936,25.06899991,0.250689999,0.5528,3
73,6/24/2021,21.28,31.96,25.83666667,0.148468968,3.835943224,12.8,26.1,19.4,26.1,0.751953125,0.191748047,25.5,0.255,0.064,1
75,6/24/2021,24.02,32.17,27.57515152,0.099260503,2.7371234,12.8,26.1,19.4,26.1,0.3046875,0.1501891,49.29283296,0.49292833,0.272,2
84,6/24/2021,23.81,28.27,25.82606061,0.058840067,1.519607144,12.8,26.1,19.4,26.1,0.372558594,0.134625378,36.13535714,0.361353571,0.0016,1
92,6/24/2021,22.05,33.72,27.58818182,0.148679836,4.101806351,12.8,26.1,19.4,26.1,0.360473633,0.063233083,17.54166667,0.175416667,0.0016,1
110,6/24/2021,22.01,35,27.95030303,0.161266578,4.507449726,12.8,26.1,19.4,26.1,0.93762207,0.2379216,25.375,0.25375,0.0016,1
117,6/24/2021,21.855,28.06,24.80078788,0.090976262,2.256282988,12.8,26.1,19.4,26.1,1.020507813,0.267883301,26.25,0.2625,0.0016,1
134,6/24/2021,22.142,32.291,26.66909091,0.133334312,3.55590489,12.8,26.1,19.4,26.1,0.323852539,0.069702512,21.52291667,0.215229167,0.0016,1
139,6/24/2021,22.908,30.255,26.32178788,0.096995843,2.553104015,12.8,26.1,19.4,26.1,0.441894531,0.1272288,28.79166667,0.287916667,0.0016,1
141,6/24/2021,23.869,27.567,25.51809091,0.050372571,1.285411835,12.8,26.1,19.4,26.1,0.666625977,0.378726883,56.8125,0.568125,0.0016,1
144,6/24/2021,24.835,26.879,25.67669697,0.028247787,0.725309868,12.8,26.1,19.4,26.1,0.305175781,0.224685669,73.625,0.73625,0.0016,1
152,6/24/2021,24.351,28.754,26.12839394,0.059761959,1.561484008,12.8,26.1,19.4,26.1,0.515136719,0.183440186,35.61,0.3561,0.0224,1
165,6/24/2021,24.835,30.558,27.27448485,0.074863868,2.041873437,12.8,26.1,19.4,26.1,0.367431641,0.149544678,40.7,0.407,0.0016,1
173,6/24/2021,23.004,30.963,26.80942424,0.108865586,2.91862367,12.8,26.1,19.4,26.1,0.276489258,0.051150513,18.5,0.185,0.0328,1
192,6/24/2021,23.966,31.064,26.99915152,0.093211271,2.516625234,12.8,26.1,19.4,26.1,0.091186523,0.042059784,46.125,0.46125,0.0224,1
208,6/24/2021,22.621,32.807,26.64284848,0.131907651,3.514395548,12.8,26.1,19.4,26.1,0.333984375,0.07138916,21.375,0.21375,0.012,1
218,6/24/2021,23.196,27.173,24.86569697,0.053987813,1.34244461,12.8,26.1,19.4,26.1,1.15625,0.453613393,39.23142857,0.392314286,0.0016,1
225,6/24/2021,24.545,28.159,25.99609091,0.050125328,1.303062579,12.8,26.1,19.4,26.1,0.282836914,0.169201291,59.82291667,0.598229167,0.0016,1
241,6/24/2021,22.525,24.062,23.15915152,0.025812701,0.597800245,12.8,26.1,19.4,26.1,0.413574219,0.102359619,24.75,0.2475,0.636,3
261,6/24/2021,21.569,32.497,27.3189697,0.140637398,3.842068823,12.8,26.1,19.4,26.1,0.830932617,0.16203186,19.5,0.195,0.0016,1
262,6/24/2021,24.738,33.326,28.29984848,0.106105071,3.002757442,12.8,26.1,19.4,26.1,0.318603516,0.058145142,18.25,0.1825,0.3448,2
265,6/24/2021,24.738,31.88,27.48254545,0.091170313,2.505592284,12.8,26.1,19.4,26.1,0.167236328,0.057748793,34.53124905,0.345312491,0.0016,1
272,6/24/2021,23.196,30.255,26.17563636,0.101435102,2.655128349,12.8,26.1,19.4,26.1,0.133300781,0.01699585,12.75,0.1275,0.0016,1
280,6/24/2021,23.581,29.552,26.75490909,0.08092826,2.165228226,12.8,26.1,19.4,26.1,0.295654297,0.083211902,28.14499992,0.281449999,0.0016,1
314,6/24/2021,22.238,30.558,25.87063636,0.115727781,2.993951338,12.8,26.1,19.4,26.1,2.85559082,0.55684021,19.5,0.195,0.0016,1
323,6/24/2021,21.378,34.268,27.31090909,0.168253982,4.595169219,12.8,26.1,19.4,26.1,0.60559082,0.112538961,18.58333333,0.185833333,0.2304,1
329,6/24/2021,23.1,34.903,28.78030303,0.142641732,4.105272269,12.8,26.1,19.4,26.1,0.050048828,0.007339089,14.66385797,0.14663858,0.1784,1
337,6/24/2021,22.812,29.452,25.30460606,0.089696034,2.269722807,12.8,26.1,19.4,26.1,0.094360352,0.019874649,21.0625,0.210625,0.0432,1
350,6/24/2021,22.525,30.659,26.69442424,0.106099618,2.832268206,12.8,26.1,19.4,26.1,0.703979492,0.158395386,22.5,0.225,0.0016,1
351,6/24/2021,20.424,35.864,27.82678788,0.200519181,5.579804728,12.8,26.1,19.4,26.1,0.78918457,0.157836914,20,0.2,0.0016,1
354,6/24/2021,24.158,31.88,27.33872727,0.102444616,2.800705428,12.8,26.1,19.4,26.1,0.161743164,0.057469368,35.53125,0.3553125,0.0016,1
359,6/24/2021,22.525,34.691,28.49224242,0.147309806,4.197186707,12.8,26.1,19.4,26.1,0.147583008,0.024889259,16.86458333,0.168645833,0.0016,1
362,6/24/2021,22.333,31.472,25.98360606,0.126870056,3.296541568,12.8,26.1,19.4,26.1,0.623535156,0.159845835,25.63541667,0.256354167,0.0432,1
373,6/24/2021,24.931,30.054,27.08636364,0.066599084,1.803927015,12.8,26.1,19.4,26.1,0.021606445,0.004456329,20.625,0.20625,0.0016,1
375,6/24/2021,23.484,28.853,25.07363636,0.074921736,1.878560367,12.8,26.1,19.4,26.1,0.310058594,0.089335632,28.8125,0.288125,0.0432,1
379,6/24/2021,21.32,37.58,29.8030303,0.189167368,5.637760795,12.8,26.1,19.4,26.1,0.053955078,0.001213989,2.25,0.0225,0.0536,1
382,6/24/2021,21.45,35.73,28.75030303,0.167120608,4.80476813,12.8,26.1,19.4,26.1,0.035766602,0.002369537,6.625,0.06625,0.1992,1
451,6/24/2021,21.378,27.173,23.34236364,0.088477192,2.065266778,12.8,26.1,19.4,26.1,1.005859375,0.130761719,13,0.13,0.7088,3
486,6/24/2021,19.17,22.69,20.73818182,0.058018463,1.203197445,12.8,26.1,19.4,26.1,0.166259766,0.007897339,4.75,0.0475,0.9688,4
490,6/24/2021,20.68,39.64,28.93909091,0.249754386,7.227664891,12.8,26.1,19.4,26.1,0.562133789,0.126480103,22.5,0.225,0.2616,2
504,6/24/2021,20.63,32.47,26.08181818,0.158614604,4.136957256,12.8,26.1,19.4,26.1,1.938354492,0.184143677,9.5,0.095,0.0016,1
511,6/24/2021,23.93,29.64,26.03230303,0.08188708,2.131709268,12.8,26.1,19.4,26.1,0.189941406,0.057932129,30.5,0.305,0.0016,1
558,6/24/2021,20.674,21.581,21.00372727,0.013525685,0.284089805,12.8,26.1,19.4,26.1,0.681396484,0.191216888,28.0625,0.280625,0.8856,4
620,6/24/2021,22.333,30.558,25.23727273,0.11295408,2.850652933,12.8,26.1,19.4,26.1,0.129150391,0.009105103,7.05,0.0705,0.0016,1
638,6/24/2021,22.046,32.6,26.80912121,0.147098101,3.943570826,12.8,26.1,19.4,26.1,0.413696289,0.106009674,25.625,0.25625,0.1472,1
680,6/24/2021,23.388,32.291,27.16881818,0.118784523,3.227235112,12.8,26.1,19.4,26.1,0.23425293,0.043043976,18.375,0.18375,0.0016,1
694,6/24/2021,20.329,35.222,26.97748485,0.205666166,5.548355878,12.8,26.1,19.4,26.1,0.634887695,0.057933502,9.125,0.09125,0.0536,1
717,6/24/2021,22.525,34.796,28.02206061,0.158600496,4.4443127,12.8,26.1,19.4,26.1,0.369018555,0.057197876,15.5,0.155,0.0016,1
1,7/21/2021,25.39,32.73,27.65454545,0.080241518,2.219042714,21.1,33.9,27.8,29.9,0.062744141,0.008548889,13.625,0.13625,0.7088,3
10,7/21/2021,27.11,38.09,31.64454545,0.134424658,4.253807185,21.1,33.9,27.8,29.9,0.087646484,0.013913879,15.875,0.15875,0.0016,1
11,7/21/2021,27.67,32.9,29.69393939,0.06303257,1.871685302,21.1,33.9,27.8,29.9,0.1796875,0.04671875,26,0.26,0.0016,1
15,7/21/2021,25.57,38.52,31.21393939,0.159137574,4.967310602,21.1,33.9,27.8,29.9,0.21887207,0.025443878,11.625,0.11625,0.0016,1
16,7/21/2021,27.32,35.09,30.28454545,0.090562861,2.742655067,21.1,33.9,27.8,29.9,0.078491211,0.01663985,21.1996348,0.211996348,0.0016,1
23,7/21/2021,27.54,41.44,34.78424242,0.145969677,5.077444627,21.1,33.9,27.8,29.9,0.098632813,0.01454834,14.75,0.1475,0.0016,1
50,7/21/2021,27.32,31.66,29.16969697,0.050301647,1.46728381,21.1,33.9,27.8,29.9,0.338134766,0.123334656,36.475,0.36475,0.0016,1
51,7/21/2021,27.58,30.84,28.7569697,0.040480796,1.164105034,21.1,33.9,27.8,29.9,0.092773438,0.022149658,23.875,0.23875,0.0328,1
63,7/21/2021,26.72,33.97,29.35727273,0.085056771,2.497034832,21.1,33.9,27.8,29.9,0.680053711,0.2233855,32.84821429,0.328482143,0.5008,3
73,7/21/2021,26.25,36.85,30.50181818,0.121913981,3.718598068,21.1,33.9,27.8,29.9,0.751953125,0.191748047,25.5,0.255,0.064,1
78,7/21/2021,28.754,35.115,31.33566667,0.070670107,2.214494929,21.1,33.9,27.8,29.9,0.321777344,0.102486084,31.85,0.3185,0.0016,1
92,7/21/2021,27.173,37.274,31.62163636,0.114010497,3.605198493,21.1,33.9,27.8,29.9,0.360473633,0.063233083,17.54166667,0.175416667,0.0016,1
120,7/21/2021,27.862,38.157,33.00481818,0.118885422,3.923791736,21.1,33.9,27.8,29.9,0.055908203,0.005730591,10.25,0.1025,0.0016,1
140,7/21/2021,27.764,31.778,29.67681818,0.049099039,1.457103258,21.1,33.9,27.8,29.9,1.841064453,0.571880646,31.0625,0.310625,0.0016,1
152,7/21/2021,28.06,30.862,28.95936364,0.030776783,0.891276045,21.1,33.9,27.8,29.9,0.515136719,0.183440186,35.61,0.3561,0.0224,1
197,7/21/2021,27.272,33.43,29.56578788,0.071239282,2.106245486,21.1,33.9,27.8,29.9,1.904907227,1.410821915,74.0625,0.740625,0.0016,1
254,7/21/2021,27.961,33.953,30.54081818,0.066628017,2.034874158,21.1,33.9,27.8,29.9,0.382324219,0.097492676,25.5,0.255,0.0016,1
257,7/21/2021,28.06,30.76,29.07663636,0.028648937,0.833014736,21.1,33.9,27.8,29.9,0.054199219,0.020911865,38.58333333,0.385833333,0.0016,1
265,7/21/2021,28.456,35.009,30.79745455,0.07327431,2.256662221,21.1,33.9,27.8,29.9,0.167236328,0.057748793,34.53124905,0.345312491,0.0016,1
307,7/21/2021,26.39,34.479,29.33339394,0.101090902,2.96533924,21.1,33.9,27.8,29.9,0.369506836,0.086792117,23.48863636,0.234886364,0.7192,3
321,7/21/2021,27.173,30.457,28.91733333,0.043932415,1.270408292,21.1,33.9,27.8,29.9,0.266967773,0.01234726,4.625,0.04625,0.8856,4
338,7/21/2021,27.37,31.88,29.66678788,0.054725748,1.623537145,21.1,33.9,27.8,29.9,0.296386719,0.085952149,29,0.29,0.2304,1
346,7/21/2021,26.488,37.604,31.048,0.130564132,4.053755157,21.1,33.9,27.8,29.9,0.367797852,0.080566886,21.90520833,0.219052083,0.0016,1
353,7/21/2021,27.567,30.457,28.68269697,0.034212485,0.981306351,21.1,33.9,27.8,29.9,3.641479492,1.644734904,45.16666667,0.451666667,0.0016,1
354,7/21/2021,28.655,35.009,30.99012121,0.071002493,2.200375874,21.1,33.9,27.8,29.9,0.161743164,0.057469368,35.53125,0.3553125,0.0016,1
359,7/21/2021,26.781,38.157,32.12669697,0.131581123,4.227266858,21.1,33.9,27.8,29.9,0.147583008,0.024889259,16.86458333,0.168645833,0.0016,1
362,7/21/2021,26.879,34.691,29.85654545,0.091504237,2.732000413,21.1,33.9,27.8,29.9,0.623535156,0.159845835,25.63541667,0.256354167,0.0432,1
366,7/21/2021,28.655,31.064,29.57666667,0.029435556,0.870605632,21.1,33.9,27.8,29.9,0.557983398,0.221100921,39.625,0.39625,0.0016,1
379,7/21/2021,25.95,40.84,33.05030303,0.169060452,5.587499153,21.1,33.9,27.8,29.9,0.053955078,0.001213989,2.25,0.0225,0.0536,1
425,7/21/2021,26.488,37.604,31.63718182,0.140606929,4.448406993,21.1,33.9,27.8,29.9,0.232055664,0.092242126,39.75,0.3975,0.1056,1
456,7/21/2021,25.319,37.055,30.15887879,0.115002001,3.468331396,21.1,33.9,27.8,29.9,0.436401367,0.038103294,8.73125,0.0873125,0.2408,1
501,7/21/2021,26.6,35.43,30.01363636,0.105970135,3.180549106,21.1,33.9,27.8,29.9,0.087036133,0.005004578,5.75,0.0575,0.0016,1
510,7/21/2021,25.61,38.379,31.16081818,0.157753049,4.915714085,21.1,33.9,27.8,29.9,1.527954102,0.160435181,10.5,0.105,0.0536,1
604,7/21/2021,26.879,38.157,31.57127273,0.132338213,4.178085808,21.1,33.9,27.8,29.9,0.033935547,0.004814606,14.1875,0.141875,0.2616,2
639,7/21/2021,24.545,41.692,33.49166667,0.186215174,6.236656524,21.1,33.9,27.8,29.9,0.705444336,0.070544434,10,0.1,0.0016,1
716,7/21/2021,26.158,28.816,27.26857576,0.036038708,0.982724244,21.1,33.9,27.8,29.9,0.656616211,0.15430481,23.5,0.235,0.0016,1
728,7/21/2021,27.665,34.903,30.24145455,0.093786177,2.836230411,21.1,33.9,27.8,29.9,0.163696289,0.020257416,12.375,0.12375,0.1368,1
765,7/21/2021,28.159,29.752,28.60154545,0.018241251,0.521727964,21.1,33.9,27.8,29.9,1.144042969,0.391834717,34.25,0.3425,0.0016,1
776,7/21/2021,27.93,33.12,30.05242424,0.061025221,1.833955817,21.1,33.9,27.8,29.9,0.463256836,0.178353882,38.5,0.385,0.0016,1
