Pool_ID,lat,long,DistRC_m,Depth_cm,SurfArea_cm2,Volume_cm3,Pct_Shaded,Notes
1,37.52519811,-77.45640303,100.986416,12.08333333,744.0338818,8915.839436,71,-
2,37.52521135,-77.456398,99.57518957,6.9,4576.2006,31084.802,58,-
3,37.52522095,-77.45638146,99.19268909,23.6875,3033.6005,71422.145,42,-
4,37.52523002,-77.45637803,98.2257691,16.41666667,870.2211587,14125.77944,43,-
5,37.52523329,-77.45638291,97.57185322,17.09375,1917.353465,32403.5396,58,-
6,37.52528941,-77.45647507,85.93776715,9.125,925.98445,7897.964,6,-
7,37.52531939,-77.45649374,81.24511019,-,-,-,18,-
8,37.52532728,-77.45645595,82.13582796,8.25,848.23,6785.84,27,-
9,37.52538003,-77.45641617,77.55864792,-,-,-,0,-
10,37.5255603,-77.4566013,45.64570306,15.0625,1810.539,27149.2525,0,-
11,37.52555263,-77.45662282,45.53671558,26,1789.92241,46537.9828,0,-
12,37.52537433,-77.4564894,74.56374131,7.8125,758.6946058,5038.721937,3,-
13,37.52520521,-77.45638018,101.232877,22.75,2399.195173,55227.43182,23,-
14,37.52522482,-77.45637103,99.22618612,17.9,3235.05523,54963.22413,91,-
15,37.52536445,-77.45656074,72.2525817,11.625,2865.1325,31516.4575,0,-
16,37.5253277,-77.45656179,76.8139801,21.1996348,1138.127495,26868.94311,0,-
17,37.52533994,-77.45659913,73.41761474,-,-,-,0,-
18,37.52536918,-77.45664537,67.44520974,21,827.0242661,17367.50959,0,-
19,37.52536988,-77.45663597,67.82552075,-,-,-,0,-
20,37.525,-77.457,60.22917573,-,-,-,16,-
21,37.52537837,-77.45712197,42.56440952,-,-,-,0,-
22,37.52551164,-77.45677258,43.22774168,14.25,725.7079,10159.91,0,-
23,37.52574749,-77.45662479,21.59512379,14.75,1148.252115,16936.71869,0,-
24,37.52579633,-77.45660976,17.05037605,9.75,678.71094,6617.432,0,-
25,37.52581622,-77.45655845,18.17108161,15.75,2097.013096,33027.95627,0,-
26,37.52582803,-77.45654113,17.97164681,17.875,8340.928,141795.8,59,-
27,37.526,-77.457,16.34595123,-,-,-,100,-
28,37.52585763,-77.45654034,14.67008979,39.04166602,2572.214926,108102.8493,100,-
29,37.52583093,-77.45647077,22.26793602,-,-,-,0,-
30,37.52581369,-77.45642692,27.10394331,15.75,1432.566,21488.49,1,-
31,37.52585458,-77.45635773,27.01934332,5.625,2643.650218,14870.53248,20,-
32,37.52597424,-77.45638878,11.42343927,32.70833333,4847.21558,163650.9502,0,-
33,37.52589122,-77.45656788,9.055432204,14.875,3699.2255,53485.615,92,-
34,37.52589244,-77.45655304,9.892377827,-,-,-,74,Channel feature
35,37.52596534,-77.45660758,1.950896477,-,-,-,0,Underwater below 4ft
37,37.52595131,-77.45654449,3.786465355,-,-,-,0,Underwater below 4ft
38,37.52595355,-77.45655147,3.073452077,-,-,-,0,Underwater below 4ft
39,37.52595617,-77.45656161,2.10997791,-,-,-,0,Underwater below 4ft
40,37.52599484,-77.45653859,0.757384865,9,1253.495469,11281.45922,0,-
41,37.5259972,-77.45650891,0.92567306,10.65,1153.592841,13168.73135,0,-
42,37.52607973,-77.45643671,3.670865039,51.325,13239.77049,670126.3621,18,-
43,37.52608789,-77.4564114,2.813587906,13.50625,10816.1091,145029.873,0,-
44,37.52608757,-77.45637042,0.059737968,-,-,-,1,-
45,37.52605128,-77.45627357,10.75597683,95,1624.203402,154299.3232,0,-
46,37.52600845,-77.45630723,13.13035751,21.83333333,6879.564313,155366.1557,0,-
47,37.52608648,-77.45620768,11.45191077,29.4703125,2798.913571,85782.56365,0,-
48,37.52609316,-77.45620782,10.70869624,31.41057692,2289.435588,73687.06775,0,-
49,37.5260275,-77.45653779,4.404492574,76.3911091,5452.314263,465191.494,0,-
50,37.52604542,-77.4565691,8.492870864,36.8125,4410.665033,162829.2699,0,-
51,37.52606396,-77.45651344,6.933817909,23.875,927.73438,22149.658,3,-
52,37.52620182,-77.45657427,26.54857949,5.75,1606.925,8034.623,57,-
53,37.52619577,-77.45656593,25.31555721,-,-,-,90,-
54,37.52624456,-77.45656391,30.59352242,8.125,2596.526,20772.21,48,-
55,37.52623919,-77.45653763,28.18224454,22.25,1801.703,39637.47,1,-
56,37.52620703,-77.45651083,22.79278533,-,-,-,79,Filled in
57,37.52623761,-77.45646715,23.12692384,20.27940949,2525.003272,57790.54185,18,-
58,37.5262834,-77.45655489,34.23627495,19.57291667,12002.78199,232210.9865,86,-
59,37.52628371,-77.45653017,32.55708141,-,-,-,36,Frequently dry
60,37.52632209,-77.45658059,40.26699702,27.26640625,2373.129585,65153.6006,98,-
61,37.5266243,-77.45644559,64.1455964,44.8921875,5779.941433,261438.6587,100,-
62,37.52661582,-77.45647236,65.04583773,37.35789463,1465.116777,55873.09819,90,-
63,37.52660466,-77.45646139,63.05989341,35.24107143,5738.932447,202222.8702,50,-
64,37.52659723,-77.45654802,68.24370504,49.96875,10430.87349,496198.0533,98,-
65,37.52656916,-77.4565392,64.54886922,19.875,49145.5045,980101.531,89,-
66,37.52656117,-77.45649786,60.80725572,-,-,-,16,Part of pool supercomplex below ladder
67,37.5264475,-77.45675386,66.04968947,19.375,1555.088,29546.68,100,-
68,37.52642193,-77.4568002,66.33426918,25.06899991,2006.975519,51959.9947,55,-
69,37.52641706,-77.45677744,64.28671901,14.75,6936.637,97112.91,84,-
70,37.52637806,-77.45668183,53.42981389,24.8125,3769.125971,91512.43521,34,-
71,37.52638345,-77.45674169,58.12886109,28.8125,21939.3125,799766.15,95,-
72,37.52626653,-77.4563651,19.23635501,31.875,1075.210086,34272.32148,0,-
73,37.52617713,-77.45619043,2.686676847,24.52142857,7625.991758,185009.9463,6,-
74,37.52631161,-77.45620655,13.2072971,49.9333787,4600.66678,219855.7724,18,-
75,37.52633245,-77.45621727,16.23945478,47.94955849,3685.560128,177283.4411,27,-
76,37.52632871,-77.45623354,16.95518167,17.828125,1170.439644,23570.44928,38,-
77,37.52635334,-77.45616278,14.99585193,32.53571429,5107.640698,170583.4024,0,-
78,37.52633582,-77.45614881,12.09471574,33.75892857,4747.844162,160224.8321,0,-
79,37.52636411,-77.45614973,15.76381825,64.19999848,2618.362959,337699.5267,0,-
80,37.52642296,-77.45615742,23.75970224,14,13893.69,194511.7,6,-
81,37.52639816,-77.45612193,19.06744586,29.11363636,6008.724468,179887.3583,0,-
82,37.52638273,-77.45612127,17.02729244,32.73859315,3313.700974,107622.5994,12,-
83,37.5263805,-77.45611551,16.50031082,53.05995263,2353.30228,221360.4165,0,-
84,37.52636922,-77.45610247,14.49290291,36.23125,4988.757461,205586.0433,0,-
85,37.5263315,-77.45605059,7.442961182,20.125,5084.66771,102328.9377,1,-
86,37.52633844,-77.45600797,6.601179442,43.41203592,3125.450942,126150.7045,0,-
87,37.52635542,-77.45600477,8.68554756,38.23875,4717.494015,191482.0259,0,-
88,37.52637766,-77.45599856,11.33334707,55,10126.66167,586999.2597,0,-
89,37.52639464,-77.4559552,11.7711339,44.98214286,21845.51249,990379.438,0,-
90,37.52638104,-77.4559452,9.586365151,-,-,-,0,Filled in?
91,37.52639089,-77.45586096,7.417821624,47.30807332,2387.923439,131108.7107,0,-
92,37.52637726,-77.45586468,5.791507693,17.54166667,4554.262333,79795.41333,0,-
93,37.52636611,-77.4558607,4.173316195,8.104166667,2098.845667,15444.07,0,-
94,37.52635863,-77.45586433,3.345614771,12,6209.35788,74512.2946,19,-
95,37.52637395,-77.45584877,4.707635527,42.52142857,10090.12158,430854.9064,0,-
96,37.52642333,-77.45606241,19.9116809,30.5625,5489.93332,164386.3429,0,-
97,37.5264447,-77.45607314,23.14036301,22.78125,2452.013061,58204.11663,0,-
98,37.52645455,-77.45608373,24.86035742,20.75,2695.486,53909.73,0,-
99,37.5264526,-77.45613583,26.74142943,-,-,-,5,Filled in?
100,37.52651005,-77.45610206,32.85322313,-,-,-,1,Channel feature
101,37.52653204,-77.45607928,34.78966705,90.8133305,5107.611389,463839.2012,5,-
102,37.52651304,-77.45604296,30.8201121,-,-,-,0,Channel feature
103,37.52646891,-77.45605444,25.53272946,19.53125,1856.68125,36186.33866,0,-
104,37.52648671,-77.45602474,26.63709838,10.90171252,1037.846496,16064.31996,7,-
105,37.52650414,-77.45596328,26.39216927,33.33790708,3730.482989,123990.7026,0,-
106,37.52653854,-77.45594309,30.05270087,5.1,-,-,0,-
107,37.52654906,-77.45594674,31.5755281,5.625,2902.832,14514.16,0,-
108,37.52656203,-77.45594956,33.3837537,30.25,25319.14098,750570.718,0,-
109,37.52653193,-77.45590113,27.46944252,19,1013.164,19250.11,0,-
110,37.52656387,-77.45590876,31.95030118,25.375,12944.93253,328477.6629,0,-
111,37.52657308,-77.45590719,33.08797058,21.375,4625.995,97145.9,0,-
112,37.52659146,-77.45588033,34.38542183,6.4,-,-,0,-
113,37.52659883,-77.45588803,35.66282662,22.66666667,3321.448745,75121.76207,0,-
114,37.52631254,-77.45578242,6.027977387,13.825,1631.271985,22552.3352,32,-
115,37.52631899,-77.45577217,5.605912945,-,-,-,84,Dried
116,37.52631815,-77.45574314,6.905482088,12.88324034,724.5916951,9335.088956,26,-
117,37.526293,-77.45572032,11.12407228,26.25,14631.97,380431.2,0,-
118,37.52628721,-77.45573459,11.29380924,8.666666667,1157.67703,11632.92674,0,-
119,37.52627874,-77.45574849,11.82895498,38.4375,7625.980547,293123.6273,0,-
120,37.52626683,-77.45573787,13.81929035,10.25,876.5044,8765.044,0,-
121,37.52621102,-77.45575926,20.22528836,39.88636364,5460.516446,216385.9024,0,-
122,37.52620962,-77.45577503,19.76045273,45.09375,4732.61296,210573.3006,0,-
123,37.526189,-77.45576516,22.85667808,32.35357143,4742.851215,157812.1367,0,-
124,37.52618312,-77.45575289,24.12616252,30.44886364,1576.294111,48680.83524,0,-
125,37.5261937,-77.45579486,21.02577829,89.60676891,4137.051564,330405.2897,0,-
126,37.52617939,-77.45580419,22.5093481,41.51726191,3903.036255,161562.9851,0,-
127,37.52619883,-77.45586908,17.31177963,62.375,7499.37443,467753.7481,0,-
128,37.52619572,-77.45587467,17.48827949,197.6166609,3616.372119,1199989.194,0,-
129,37.5262,-77.45589471,16.10861635,32.75,4037.732,129207.4,0,-
130,37.52620518,-77.45593877,13.62598491,48.74675811,2519.68089,131308.1759,0,-
131,37.52619136,-77.45594101,15.33762417,10.625,673.8716,6738.716,0,-
132,37.52618872,-77.45594277,15.60998606,-,-,-,0,-
133,37.52617537,-77.45594204,17.38176664,28.02083334,4560.807343,127102.8255,0,-
134,37.52612564,-77.45596283,23.01929657,20.67142857,8489.0606,185625.2277,0,-
135,37.52613326,-77.45597043,21.71239805,28.01166667,4618.114993,129541.1426,0,-
136,37.52617632,-77.45599794,14.9650843,19.16666667,371.4933393,6953.130083,0,-
137,37.52615996,-77.45602583,15.95679312,51.75972154,1204.247763,67921.29388,0,-
138,37.52614429,-77.456016,18.37694514,44.79166667,3522.510798,167878.0658,0,-
139,37.52609957,-77.45598969,25.11379597,28.79166667,5651.463598,160222.054,0,-
140,37.52610775,-77.45603394,21.14928464,31.0625,32679.63,997553.65,0,-
141,37.52608719,-77.45604906,22.36184041,56.8125,7248.047039,406481.2524,0,-
142,37.52612904,-77.45607716,15.81607683,64.51157264,2663.041699,175204.3008,0,-
143,37.52595899,-77.45600506,39.49535411,31.51336781,1707.290281,59969.76622,3,-
144,37.5261574,-77.45571863,28.88756808,73.625,3834.510195,281942.7137,0,-
145,37.52614218,-77.45572504,30.61087619,31.4375,6077.411,188399.7,0,-
146,37.52611235,-77.45566974,36.7717891,23.04166667,9255.000594,215182.0246,97,-
147,37.52594847,-77.45560039,61.0004304,-,-,-,0,-
148,37.52589345,-77.45561188,67.70868615,-,-,-,0,-
149,37.52588782,-77.45564699,67.00409478,-,-,-,15,-
150,37.52576304,-77.45574651,78.93603788,-,-,-,4,-
151,37.52583854,-77.45529367,87.67418026,21.38984375,1534.128037,33677.41855,8,-
152,37.52584581,-77.45530736,86.18896407,35.65263158,5806.266731,211637.3379,0,-
153,37.52583825,-77.45532202,86.61835999,24.09264706,2514.706241,60255.32626,13,-
154,37.52586873,-77.45535693,81.25767294,18.875,10229.0244,187252.0223,0,-
155,37.52586518,-77.45528938,84.33239098,28.65,8528.167326,251287.5336,22,-
156,37.52586015,-77.45526561,85.91220164,11.04166667,80162.96988,1111180.665,43,-
157,37.52587128,-77.45524634,85.19033686,19.63333333,34847.33166,705471.9955,67,-
158,37.52587806,-77.45522641,85.06684939,4.5,8466.592201,38099.66491,56,-
159,37.52583587,-77.45525887,89.36877672,12.625,2256.972667,27749.68667,100,-
160,37.52589629,-77.45521362,83.15948402,7.625,3917.566,30206.41,16,-
161,37.5258957,-77.45520177,83.69511126,17.73099276,2096.480242,35922.00233,74,-
162,37.52590577,-77.45515638,84.11964853,17.58333333,4217.064667,73121.61667,47,-
163,37.52595872,-77.4550682,80.55185556,15.29166667,1602.212246,34763.29344,17,-
164,37.52597169,-77.45507087,78.74145882,34.83333333,1058.323934,36800.84681,0,-
165,37.52597766,-77.45506136,78.32169174,40.70625,6100.043559,252838.9836,0,-
166,37.5259903,-77.45504276,77.37574416,16.125,18741.95595,327801.4301,2,-
167,37.52598136,-77.45508013,77.11086356,38.08333333,22450.08402,844554.3807,0,-
168,37.52600042,-77.45506867,75.04323369,35.6875,31314.74178,1130587.09,0,-
169,37.52602762,-77.45506508,71.60060593,24.14583333,17743.97719,415206.3048,0,-
170,37.52596949,-77.45501747,81.09123995,27.42045455,8146.220805,217820.802,0,-
171,37.52594526,-77.45501058,84.54670575,16.75,865.5088,13848.14,17,-
172,37.52584743,-77.45506474,95.3378187,-,-,-,94,-
173,37.52600264,-77.45500595,77.17117072,18.5,3160.442201,62769.80729,3,-
175,37.52605903,-77.45505362,67.90706648,55.59999827,2188.97631,121707.079,6,-
176,37.52611069,-77.45502481,62.21783303,41.475,12439.76469,366754.2508,0,-
177,37.52613285,-77.45499047,60.62487068,65.4375,11388.27337,810457.7646,0,-
178,37.52615042,-77.45498524,58.51320008,34.5625,3707.079343,180790.0222,0,-
179,37.52619888,-77.45495539,53.28506639,6,15239.86596,899152.0918,0,-
180,37.52596497,-77.45539042,67.29508421,25.85971743,1878.20731,46928.14101,0,-
181,37.52596644,-77.455381,67.46464893,17.375,932.61719,16204.224,0,-
182,37.52607579,-77.45544442,50.62073737,26.09611077,1156.155734,30633.97801,8,-
183,37.52607978,-77.45548649,48.47207424,9.875,871.792,7846.128,0,-
184,37.52612036,-77.45552329,41.70817794,30.375,2921.681168,88746.06547,0,-
185,37.52612479,-77.45554608,40.21912133,15.625,1985.486557,31023.22745,6,-
186,37.52592822,-77.45535857,73.36286019,32,8356.636,267412.4,0,-
187,37.52597343,-77.45528051,70.4219109,25.5,24598.67048,627266.0972,0,-
188,37.52599721,-77.4551933,70.65619739,6.75,2162.986542,14600.15916,0,-
189,37.52599894,-77.45514765,72.19086754,16.25,7793.89853,130200.5684,4,-
190,37.52603904,-77.45517656,65.79475872,21,2872.986482,60332.71612,1,-
191,37.52603321,-77.45519508,65.8484614,335.3481615,4856.134202,2542760.332,0,-
192,37.52601805,-77.45524024,66.10132137,46.125,1481.261,68138,2,-
193,37.52603866,-77.45524306,63.27981338,144.1863052,5064.66262,1472530.316,0,-
194,37.52606433,-77.45522214,60.70656343,25.25,10352.33221,258665.4009,0,-
195,37.5260622,-77.45519785,61.92526451,63.5,13471.15,848682.4,0,-
196,37.52608963,-77.45520231,58.14084192,27.71875,5983.752242,205966.2385,0,-
197,37.52608034,-77.45517997,60.2260604,83.25,27256.45786,2269100.117,0,-
198,37.52605745,-77.45516873,63.67390591,74.0625,7341.902031,543759.6192,0,-
199,37.52609676,-77.45516434,58.66732103,12.75,1511.891,18142.7,0,-
200,37.5261223,-77.45523144,52.71501305,4.75,1432.566,5730.265,13,-
201,37.52616821,-77.45516618,49.18915512,83,23792.85196,1974806.713,0,-
202,37.52616021,-77.45508639,53.32153718,36.125,16502.78621,596163.1518,2,-
203,37.52618172,-77.45508622,50.49590806,64.25,27482.65,1758890,0,-
204,37.52622346,-77.45508127,45.19172605,21.625,9144.128703,192009.9427,0,-
205,37.52629129,-77.45501983,38.63229794,10.5,447.6769531,4700.608008,0,-
206,37.52630166,-77.4550306,36.85128509,183.1324943,4241.1416,776690.8399,6,-
207,37.52631996,-77.4550361,34.22947621,78.24536863,3368.081849,409103.737,0,-
208,37.52631868,-77.45502358,34.88089274,21.375,6804.951351,145038.4944,1,-
209,37.52632951,-77.45502615,33.35577684,21.875,5065.818154,110814.7721,5,-
210,37.52635808,-77.45501011,30.2136537,81.10416667,20920.25756,1665085.637,0,-
211,37.52635579,-77.45503688,29.48192071,63.625,14916.6755,1000944.822,0,-
212,37.52637738,-77.45501726,27.39588351,21.375,1846.078383,41732.62229,0,-
213,37.52637494,-77.45500425,28.21929358,86.4375,12577.56306,1053455.525,0,-
214,37.52638944,-77.45504145,24.87506653,40.79166667,1694.758404,79860.08086,0,-
215,37.52639383,-77.45506021,23.57300205,55.31166571,2342.916706,127563.6098,0,-
216,37.52640888,-77.45509082,20.41076822,53.59027778,9623.135417,482191.267,0,-
217,37.52640726,-77.45500941,23.76558333,75.35,14922.01636,1123349.903,0,-
218,37.52643335,-77.45507249,17.89566583,41.325,18702.29297,783302.2489,0,-
219,37.52644561,-77.45507196,16.30190905,50.69444444,4064.435496,206633.3481,0,-
220,37.52644834,-77.45511487,14.28756471,75.40104167,6895.697791,518131.0534,0,-
221,37.52646688,-77.45512169,11.58266994,62.75986111,9185.043071,571259.1347,0,-
222,37.52648025,-77.45512289,9.77668377,79.51388889,8679.173514,677508.2981,0,-
223,37.52648874,-77.45511368,9.013694296,85.98611111,7414.158818,636590.6813,0,-
224,37.52648146,-77.45513709,9.06907733,30.02437452,2486.069011,77389.53392,0,-
225,37.52649053,-77.45513642,7.900841779,59.82291667,4343.742674,269315.8905,0,-
226,37.52650106,-77.45513498,6.569633735,38.16666667,4611.596249,176638.9582,0,-
227,37.52647307,-77.45515627,9.432693426,127.3541667,11866.58071,1506235.691,0,-
228,37.52646119,-77.45519557,9.481011308,35.90277778,7497.411221,262316.4875,0,-
229,37.52642396,-77.45516516,15.55561021,50.5625,35211.36326,1496324.095,0,-
230,37.52636149,-77.45517055,23.57252963,30,6181.345471,176954.159,0,-
231,37.5263857,-77.45516403,20.63722228,42.75,6793.694113,290430.4233,0,-
232,37.52641929,-77.45525794,12.59068505,5.125,1605.353846,8227.438461,0,-
233,37.52647539,-77.45523591,6.054422285,27.125,18322.93508,515617.3615,0,-
234,37.52650885,-77.45517722,3.914284287,90.76071429,22687.42224,2048104.203,0,-
235,37.5265364,-77.45509767,3.35686276,73.04166667,22918.96803,1673283.438,0,-
236,37.52654779,-77.45508682,2.275293582,22.375,5996.514978,124233.2998,0,-
237,37.52652327,-77.45507861,5.820865959,104.375,2203.042,229491,0,-
238,37.52653089,-77.45508063,4.740104585,63.875,5023.407,316474.6,0,-
239,37.52654228,-77.45508035,3.250889338,27.125,8219.191,259287.415,0,-
240,37.52651191,-77.45511336,5.97558697,81.29166667,17951.05667,1448069.667,0,-
241,37.52656252,-77.4550735,0.850436682,38.75,11928.36495,497105.9543,64,-
242,37.52654724,-77.45505129,3.718381047,65.5,17612.55,1144816,0,-
243,37.52657266,-77.45505016,0.415995771,82.53125,3687.051771,305741.5753,0,-
244,37.5265307,-77.45506457,5.384653277,33.5625,7372.5325,248301.65,0,-
245,37.52653507,-77.45502726,6.24794179,35.26875,51633.25192,1819072.449,0,-
246,37.52647519,-77.45502346,14.27921433,55.16666667,14921.78075,882309.749,0,-
247,37.52648991,-77.45505887,10.97550045,78.54861111,14017.52581,1103108.642,0,-
248,37.52649787,-77.45498113,12.92736329,33,6328.738401,208848.3672,0,-
249,37.52651125,-77.45497112,11.55086621,28.875,10503.1297,306232.2424,0,-
250,37.52654966,-77.45497484,6.350895607,53.625,16022.12,849172.5,0,-
251,37.52657999,-77.45497038,2.529401625,25.0625,5570.436444,138536.3735,0,-
252,37.52661894,-77.45492651,0.90555595,21,737.2270759,16515.48347,0,-
253,37.52638961,-77.45535265,12.84344224,21.5,9406.975577,197947.5784,0,-
254,37.52637068,-77.45539005,13.89362187,26.5,3538.218959,92298.02795,0,-
256,37.5263427,-77.45544442,15.4790522,36.25902746,2349.030473,82957.61598,0,-
257,37.52634829,-77.45544549,14.7011142,38.58333333,752.0187638,28397.68874,0,-
258,37.52632622,-77.45543887,17.86293264,56.30749857,2129.705213,150557.1528,0,-
259,37.52628243,-77.45546775,22.51372249,19.5625,427.0602564,8351.605098,0,-
260,37.52626142,-77.45546545,25.36907986,24.4375,1857.466656,45391.84142,0,-
261,37.52623117,-77.4554081,31.56426547,19.5,9589.712,182204.5,0,-
262,37.52626244,-77.45535897,29.34337453,18.25,3736.924,67264.64,34,-
263,37.52620201,-77.45540385,35.56783826,21.75,43083.01625,937055.6035,0,-
264,37.52626611,-77.45529455,31.34640123,63.82735177,9134.246767,380611.4302,0,-
265,37.52629291,-77.45527045,28.74798848,32.79687453,2288.864353,80297.81199,0,-
266,37.5263691,-77.45548283,10.52095454,37.859375,3350.704573,128329.5463,0,-
267,37.52646694,-77.45542423,0.100452876,-,-,-,0,-
268,37.52652688,-77.45542045,7.845041837,-,-,-,0,-
269,37.5265227,-77.45542695,7.545556325,5,670.16602,3350.83,19,-
270,37.52653288,-77.455432,9.08095136,23.13749951,1641.455597,35754.82749,11,-
271,37.5265208,-77.45544416,7.960023077,-,-,-,0,-
272,37.52650861,-77.45547896,7.698397191,12.75,2035.752,24429.02,0,-
273,37.52651179,-77.45548561,8.3735696,15.13555508,851.2685649,12884.42225,0,-
274,37.52653015,-77.45549166,11.02393429,-,-,-,0,-
275,37.52653593,-77.45548156,11.39610019,66.25,4398.229715,35185.83772,3,-
276,37.52657142,-77.45555387,18.85868331,26.8,34058.79136,817410.9925,13,-
277,37.52655521,-77.4555637,17.10357084,-,-,-,5,Channel feature?
278,37.52659511,-77.45550935,20.2602787,16.125,2154.739862,45918.69632,1,-
279,37.52663019,-77.45545455,22.7636183,22.90625,3076.699178,55758.18825,0,-
280,37.52664073,-77.45546869,24.69651074,26.7979166,3218.91862,86984.68074,0,-
281,37.52664883,-77.45547987,26.19454489,38.87999331,3298.927142,130484.9202,4,-
282,37.52657683,-77.45535282,11.81255457,14,7888.539153,110439.5481,72,-
283,37.52658354,-77.45533975,12.19168209,-,-,-,24,-
284,37.52660779,-77.45529791,13.77048295,29.875,6525.087942,194937.0023,25,-
285,37.52659026,-77.45528685,11.0344387,15.75,6583.207,98748.11,0,-
286,37.52659033,-77.45526727,10.28905568,75,6286.3269,471474.5175,0,-
287,37.52661932,-77.45526515,14.02337321,26.05,7130.944025,186048.0902,0,-
288,37.52663891,-77.4552688,16.74356349,29.5625,5418.069326,142871.789,0,-
289,37.52663567,-77.455253,15.70689024,9.2,8012.632014,114916.7889,0,-
290,37.52663558,-77.45523914,15.16020082,5.125,1070.498,5352.488,0,-
291,37.5266514,-77.45523818,17.20607916,78.94134048,4638.24181,669861.9673,0,-
292,37.5266542,-77.45524854,17.9756382,36.56773778,2097.016265,73405.42529,0,-
293,37.5266366,-77.45530179,17.71270071,26.5,12864.82192,340917.7808,0,-
294,37.52665133,-77.45531415,20.12929048,91.0999974,10983.50806,794083.2505,0,-
295,37.52661546,-77.45536884,17.51629117,-,-,-,0,Not a pool
296,37.52669036,-77.45539189,28.26761292,-,-,-,33,Channel feature?
297,37.52669296,-77.45546533,31.44370152,-,-,-,73,-
298,37.52674316,-77.45550478,39.57563225,46,4598.113548,210972.4766,93,-
299,37.52675857,-77.4555025,41.51703841,-,-,-,58,-
300,37.5267795,-77.45546446,42.80420238,63.96428571,4256.409192,268844.9678,21,-
301,37.52679421,-77.45547534,45.16163125,11.125,6382.931,70212.24,11,-
302,37.52679004,-77.45543249,42.95866232,64,8776.039078,561666.501,4,-
303,37.52677055,-77.45537818,38.29644932,25.20833333,7378.030667,181974.1333,95,-
304,37.52687946,-77.45545885,55.74961036,40.66071429,6937.253639,293999.506,44,-
305,37.52687988,-77.45547325,56.36022612,-,-,-,72,Frequently dry
306,37.52696955,-77.45543975,66.87303559,21.04166667,9081.035373,182604.8112,92,-
307,37.52706373,-77.45525669,72.20980909,23.13541667,5411.884128,124234.9186,72,-
308,37.52699082,-77.45518454,59.82632294,20.34375,10484.28,203423.6,98,-
309,37.52702335,-77.45516336,63.29043732,24.53846154,5677.280588,169614.1092,92,-
310,37.52677371,-77.45520592,32.06504157,89.98989201,2050.43231,276573.0694,0,-
311,37.52675404,-77.45523849,30.73205262,17.5,13391.04,227647.7,0,-
312,37.52670777,-77.45528099,26.28015399,-,-,-,0,Channel feature
313,37.52667441,-77.45528075,21.87885304,23.92601777,856.3356397,20488.70173,0,-
314,37.52670104,-77.45525867,24.53316818,24.75,39970.48335,961115.2944,0,-
315,37.52657887,-77.45521583,6.794454169,42.6,2878.170098,123399.1208,0,-
316,37.52660531,-77.45520645,9.914091792,59,2455.940057,44206.92102,0,-
317,37.52665561,-77.45517482,15.31651919,39.8604927,6469.330839,185637.7553,19,-
318,37.52664733,-77.45516471,13.83533833,13.4375,2227.782,28961.165,0,-
319,37.52665325,-77.45512603,13.1224736,165.4627266,3599.017183,1043523.017,0,-
320,37.52663043,-77.45508013,8.346414356,51.375,13782.95237,708099.178,0,-
321,37.52665836,-77.45507798,11.9414662,4.625,4069.147885,18819.80897,89,-
322,37.52667766,-77.45502828,12.56461798,32.25,3581.416,114605.3,0,-
323,37.52673234,-77.45500024,18.68202961,19.15625,25159.83674,545234.8913,23,-
324,37.52672716,-77.45497733,17.11515715,22.24833286,1679.754155,45077.72884,0,-
325,37.52674133,-77.45497105,18.66955184,28.58333333,6159.615847,180114.5162,0,-
326,37.52684335,-77.45493599,29.99509701,27.375,1714.131492,47070.13912,1,-
327,37.52674794,-77.45491588,16.91216035,14.1875,4782.289418,70169.82813,0,-
328,37.52702082,-77.45475353,43.98018442,-,-,-,90,Covered by debris?
329,37.52704739,-77.45451204,34.46641419,14.64044969,696.8407383,11154.64856,18,-
330,37.52702508,-77.45462897,38.03061837,11.77115385,2197.702674,25565.11309,19,-
331,37.52694439,-77.45461961,27.61732801,56.58333333,5995.729408,335457.6958,0,-
332,37.52688591,-77.45464351,21.63982464,44,9621.128,423329.6,4,-
333,37.52687922,-77.454665,21.80081988,28.125,260.3594912,7322.610689,0,-
334,37.52684348,-77.45468512,18.20159175,12.29807692,2036.416531,26923.71385,65,-
335,37.52685242,-77.45456215,13.22515188,23.68666625,1705.402262,40834.94957,2,-
336,37.52687266,-77.45455187,15.15663825,9.875,907.1349,8164.214,0,-
337,37.52695331,-77.45441268,17.55596461,21.66666667,1102.699025,23835.26447,4,-
338,37.5269691,-77.45440699,19.18916856,29,6311.46,183032.3,23,-
339,37.52699186,-77.4543639,19.66010076,21,22946.19274,481870.0476,29,-
340,37.52679197,-77.4543096,7.815071437,33.75,1223.650339,41298.19893,0,-
341,37.52677727,-77.45429291,10.51975685,13.7125,3732.211979,50589.61456,0,-
342,37.52677233,-77.45421937,15.0902498,4.75,1248.783,4995.132,0,-
343,37.52700819,-77.45373722,1.692181319,59.9375,3752.239785,223848.1928,0,-
344,37.52709815,-77.45381461,12.61211732,36.02083333,30808.03024,1101594.77,0,-
345,37.52667069,-77.45393549,42.51832599,7.916666667,2024.756331,15746.18477,0,-
346,37.5266768,-77.45403832,36.58407032,21.35480769,6084.298241,130329.6646,0,-
347,37.52663168,-77.45415538,35.81281445,12.6234375,11729.92033,147264.8962,0,-
348,37.5266162,-77.4541841,36.16562961,13.36458333,6015.757353,76902.91496,0,-
349,37.52707459,-77.45346155,0.123202364,-,-,-,0,-
350,37.52654081,-77.45415165,47.17328307,20.78125,7464.947683,154254.9113,0,-
351,37.52655455,-77.45422442,41.56283106,20,17278.75959,345575.1919,0,-
352,37.52656857,-77.45425373,38.26063121,8.175,1151.590057,9414.248717,0,-
353,37.52670302,-77.45435587,16.24254858,45.16666667,52337.36419,2425941.551,0,-
354,37.5267174,-77.45432604,16.08545483,35.53125,2926.786154,103439.3018,0,-
355,37.52672254,-77.45431693,15.94584987,43.3254468,1981.664001,115383.903,0,-
356,37.527,-77.455,7.753940775,-,-,-,0,Not a pool
357,37.52646056,-77.4542761,50.31956341,38.75,129348.8,4915254,38,-
358,37.52644225,-77.4541994,56.70346788,25.96875,100835.6986,2540706.552,0,-
359,37.52630178,-77.45462568,53.49829074,20.31666667,8975.37306,565604.3299,0,-
360,37.52626127,-77.4546794,56.1217309,22.0049999,7046.885879,450579.6921,0,-
361,37.52612335,-77.45464582,75.28004348,14.44861111,2221.891443,28869.29924,0,-
362,37.52606288,-77.45470176,80.97858929,24.65833333,7502.123318,173217.3194,4,-
363,37.52618594,-77.45479087,61.33832079,11.75,395.8406744,4651.127924,0,-
364,37.5261515,-77.4548691,62.85329608,37.4375,33245.11726,1367277.764,1,-
365,37.526,-77.455,62.41839854,13.58333333,481.710867,6804.952942,0,-
366,37.52620408,-77.45488901,55.16235487,39.625,5579.83398,221100.921,0,-
367,37.52621337,-77.4548655,54.84637247,64.6875,22361.85548,1541724.167,0,-
368,37.52624107,-77.45486171,51.34519346,79.25,1748.296312,22727.85205,0,-
369,37.52626998,-77.4548833,46.70599315,30.97222222,2517.201188,77996.66913,0,-
370,37.52623718,-77.45489221,50.68075759,25.94666586,2553.805695,66262.74302,4,-
371,37.52639427,-77.45481995,32.78655797,20.875,3534.291735,73778.33997,0,-
372,37.52641293,-77.45482213,30.24591204,22.625,52354.64,1151802,0,-
373,37.52643353,-77.45480039,28.51585622,20.625,657.3782628,13558.42667,0,-
374,37.52647085,-77.45473988,26.61774371,24.33333333,24190.26343,588629.7435,0,-
375,37.52657611,-77.45482383,9.276440808,28.8125,5026.548,141346.55,4,-
376,37.52658512,-77.45483051,7.816331932,13.25,1841.758667,25974.16267,0,-
377,37.52658678,-77.45474515,11.62363346,32,23131.54671,740209.4947,0,-
378,37.52650179,-77.45469589,24.75306716,30.58628403,2727.48244,83014.97404,0,-
379,37.52534148,-77.45654168,76.0852472,2.25,539.55078,1213.989,5,-
380,37.52535788,-77.456608,70.72507599,20.4375,20097.5552,390869.102,0,-
381,37.52535825,-77.45663153,69.50632815,-,-,-,0,Not a pool
382,37.52553639,-77.45661869,47.78177221,6.625,357.66602,2369.537,20,-
383,37.52549812,-77.45674585,46.25537877,-,-,-,0,Not a pool
384,37.52558163,-77.45669974,38.0672613,-,-,-,0,Not a pool
385,37.52559463,-77.45664103,39.35702916,-,-,-,0,Not a pool
386,37.5255886,-77.45663604,40.36272316,-,-,-,0,Not a pool
387,37.52555316,-77.45665862,43.68770894,-,-,-,0,Not a pool
388,37.52555316,-77.45665078,44.07817158,-,-,-,0,Not a pool
389,37.526,-77.457,43.22627492,-,-,-,0,Not a pool
390,37.52560029,-77.45663509,38.94282047,7.125,4354.247,30479.73,0,-
391,37.52568191,-77.45660586,30.32517328,-,-,-,0,-
392,37.52570038,-77.45661037,27.88887454,9,1072.068,9648.616,0,-
393,37.52583968,-77.45654905,16.13096221,-,-,-,100,Not a pool
394,37.52584345,-77.45662749,10.54796156,-,-,-,0,-
395,37.52589284,-77.45673135,1.87410729,-,-,-,0,-
396,37.52594618,-77.45664222,2.057926615,-,-,-,0,Puddle?
397,37.52596842,-77.45660087,1.859024895,-,-,-,0,Channel feature?
398,37.52589981,-77.45651483,11.56922757,-,-,-,0,Puddle?
399,37.52600462,-77.45648535,1.634511531,18.30729167,1101.651898,21568.25204,0,-
400,37.526,-77.456,11.02135686,9.1875,4337.62313,46617.90237,11,-
401,37.52606211,-77.45653741,8.299712896,-,-,-,0,-
402,37.52615372,-77.45641619,10.37885926,-,-,-,21,Channel feature
403,37.52613166,-77.45644447,9.914686251,-,-,-,6,-
404,37.52614656,-77.45654834,18.58447562,6.25,3242.124,19452.74,38,-
405,37.52616559,-77.45640644,11.00873734,-,-,-,0,-
406,37.52602705,-77.4561614,21.18869477,-,-,-,0,-
407,37.52609604,-77.45628713,4.898830407,18.25625,1261.820714,22632.58297,0,-
408,37.526,-77.456,11.91390647,-,-,-,0,-
409,37.52609396,-77.45636295,0.12523139,8.075,3010.666805,24512.78665,25,-
410,37.52601103,-77.45626003,16.11690154,-,-,-,11,-
411,37.52601687,-77.45624601,16.4461526,-,-,-,11,Channel feature
412,37.52616503,-77.45613145,8.101799608,-,-,-,0,Dried
413,37.52616918,-77.45627429,2.248494099,-,-,-,16,Puddle
414,37.52619688,-77.4561778,1.39099936,12.75,4418.650067,56337.78836,0,-
415,37.52618124,-77.45617399,3.37355368,-,-,-,0,Filled in
416,37.526,-77.456,1.61355885,-,-,-,22,Filled in
417,37.52609698,-77.45608843,18.5588013,-,-,-,2,Dries frequently
418,37.52608869,-77.45609508,19.00912769,25.125,9151.851966,229965.2662,0,-
419,37.52623496,-77.4561053,2.228505702,-,-,-,0,-
420,37.52623138,-77.4561217,1.486062463,-,-,-,46,Channel feature
421,37.52622629,-77.45612907,1.534884781,11.5,3848.451,42332.96,0,-
422,37.526,-77.456,1.312715693,8.640625,1295.514337,10654.62533,0,-
423,37.52621517,-77.45619729,1.968059073,9.944444444,680.8093074,6690.954161,0,-
424,37.52624099,-77.4562018,5.118439338,65.83333333,30699.9048,2175275.046,2,-
425,37.52624552,-77.45601736,5.139352706,30.75,8387.790552,259743.2897,11,-
426,37.52634165,-77.45622652,17.89102317,39.625,6470.895,252364.9,1,-
427,37.52640536,-77.4562106,23.98035938,-,-,-,28,-
428,37.52643345,-77.45610768,23.08832498,-,-,-,0,Puddle?
429,37.52635485,-77.45609912,12.48018594,23.4,7092.538116,154021.5575,0,-
430,37.52647756,-77.45597815,23.53253638,-,-,-,0,-
431,37.5264129,-77.45598171,15.24169113,6.925,1974.255363,13671.71839,28,-
432,37.5264146,-77.45595533,14.38120165,25,5084.66771,127116.693,0,-
433,37.52642666,-77.45595271,15.84820132,-,-,-,0,-
434,37.52641498,-77.45587119,10.98017888,7.125,4976.283,34833.98,17,-
435,37.52640348,-77.45588093,9.879366055,6.75,5497.787,32986.72,0,-
436,37.52660875,-77.45586335,35.94516327,11,3628.54,39913.93,1,-
437,37.52662251,-77.45587927,38.39384172,3.375,5382.33361,16147.0008,34,-
438,37.52661007,-77.45588284,36.91663474,-,-,-,5,-
439,37.5266112,-77.45587689,36.82050281,7.25,871.792,6102.544,0,-
440,37.52660574,-77.45587713,36.11691955,-,-,-,0,-
441,37.52655597,-77.45602711,35.77299394,10.625,2667.998,26679.98,0,-
442,37.52654259,-77.45600667,33.18831934,-,-,-,10,-
443,37.52655126,-77.45575734,24.09594334,12.83333333,2039.941036,25787.37098,59,-
444,37.5265703,-77.45575734,26.58033214,-,-,-,31,-
445,37.52656728,-77.45573476,25.29407,-,-,-,33,Filled in
446,37.52676256,-77.45562163,46.63956659,5.458333333,2944.719587,15412.65443,2,-
447,37.52676897,-77.45557314,45.61234341,-,-,-,24,-
448,37.52667548,-77.45544955,28.53331682,19.925,12337.03435,245815.4094,15,-
449,37.52665418,-77.45545668,26.00407139,27.75,4498.29102,124827.576,0,-
450,37.5266489,-77.45553986,28.51932219,28.75,6635.044,185781.2,100,-
451,37.52675502,-77.45547831,40.116295,13,5538.628,72002.16,71,-
452,37.52675107,-77.45544242,38.21011555,-,-,-,1,-
453,37.52673806,-77.455436,36.25006594,-,-,-,13,Filled in
454,37.52673674,-77.45541271,35.17752069,41.75,4273.4375,178416.0156,59,-
455,37.5268046,-77.45543861,45.11162276,-,-,-,1,-
456,37.52680008,-77.45538252,42.35147927,8.664772727,3056.876967,28636.26834,24,-
457,37.52681063,-77.45519285,36.42220814,26,1914.800722,49784.81878,12,-
458,37.52672694,-77.45525631,27.85199083,14.25,3166.725,44334.16,3,-
459,37.52686058,-77.45517336,42.24677155,-,-,-,25,-
460,37.52693466,-77.45522827,54.11891651,1.5,6484.247237,9726.370856,94,-
461,37.527047,-77.45517716,66.93838758,-,-,-,72,Dried
462,37.52698626,-77.454973,49.91560111,-,-,-,46,-
463,37.52691063,-77.4550339,43.16224034,-,-,-,88,-
464,37.52698054,-77.45472925,37.71316675,-,-,-,60,-
465,37.5269822,-77.45474246,38.54623431,26.25,1193.805208,31337.38672,48,-
466,37.52655057,-77.45646297,57.22563707,-,-,-,49,-
467,37.52644501,-77.45662399,56.78081168,6.0625,6569.8555,35236.89,95,-
468,37.52644172,-77.45663885,57.44736927,10,1521.316333,14195.28667,81,-
469,37.52643936,-77.45665192,58.09397898,-,-,-,80,-
470,37.52638752,-77.45644752,38.23941435,-,-,-,-,Not a pool
471,37.52656141,-77.45648673,60.06295763,-,-,-,88,-
472,37.52656165,-77.4565215,62.496626,12.875,9610.1319,97656.4075,40,-
473,37.52652088,-77.45650955,57.19028812,-,-,-,91,Filled in
474,37.52631804,-77.45612784,8.854421718,-,-,-,1,-
475,37.52634231,-77.45610585,11.11985014,28.25,2093.8715,58628.4021,11,-
476,37.52629848,-77.45622707,13.18546171,-,-,-,95,-
477,37.52531069,-77.45711754,51.28274692,-,-,-,0,Dry fissure
478,37.52551134,-77.45705612,29.14885998,-,-,-,16,-
479,37.52551417,-77.45706563,28.32053051,-,-,-,27,-
480,37.526,-77.457,12.37494646,-,-,-,0,-
481,37.52556936,-77.45722107,13.65294623,-,-,-,3,-
482,37.52560631,-77.45716331,11.8898113,-,-,-,0,-
483,37.52575918,-77.4571897,8.615911898,11.375,5422.36328,61679.382,0,-
484,37.52577709,-77.45719659,11.20729082,-,-,-,6,-
485,37.52572827,-77.45710889,0.71176584,36.90625,1623.221563,59067.71145,0,-
486,37.52635267,-77.4570478,74.76490874,4.75,1662.59766,7897.339,97,-
487,37.52634683,-77.45705992,74.89981671,12.83333333,6480.05833,81409.41047,63,-
488,37.5265042,-77.45684007,78.25151283,26.234375,6820.790373,181430.3227,100,-
489,37.52642109,-77.45678707,65.37645602,11.975,3172.85137,46262.70337,94,-
490,37.526403,-77.45677661,62.63918634,22.5,6822.754,150100.6,26,-
491,37.52640356,-77.4567942,63.85942412,19.29166667,2847.592,54361.85667,29,-
492,37.52639715,-77.45683389,65.74258823,6.5,1583.363,9500.176,6,-
493,37.52641299,-77.45682082,66.67690288,-,-,-,19,Channel feature
494,37.52640507,-77.45682082,65.78013081,-,-,-,19,Channel feature
495,37.52635503,-77.456827,60.5171969,21.6,3872.012946,83635.47962,8,-
496,37.52635182,-77.4568163,59.45113343,8.0625,954.2587685,7693.711321,32,-
497,37.52631978,-77.45699028,67.25795388,-,-,-,57,-
498,37.52631883,-77.45695724,64.97940598,-,-,-,25,-
499,37.52633957,-77.45700835,70.68736232,-,-,-,60,-
500,37.52605281,-77.45688,29.76651225,12.375,10310.05859,127586.975,0,-
501,37.52600361,-77.45687406,23.58881964,5.75,1041.438,5207.19,0,-
502,37.5260087,-77.45685956,23.42632069,6.25,1138.827,6832.964,0,-
503,37.5260332,-77.45686859,26.79593994,-,-,-,6,-
504,37.52601662,-77.45683603,22.77636984,9.5,19383.54492,184143.677,0,-
505,37.52600606,-77.45686574,23.48238223,-,-,-,7,-
506,37.526,-77.457,15.15455361,-,-,-,0,Filled in
507,37.52573272,-77.45696438,5.923863809,-,-,-,4,-
508,37.5256012,-77.45678065,31.58163162,7,4382.32422,30676.27,31,-
509,37.526,-77.457,32.77671919,7,30784.47,215491.3,31,-
510,37.52557444,-77.45697887,25.07363283,10.5,15279.54102,160435.181,5,-
511,37.52547219,-77.45677637,47.99101204,30.5,2043.606,62304.065,0,-
512,37.52532448,-77.45691256,59.75490774,-,-,-,0,-
514,37.52529432,-77.4567633,70.97215025,-,-,-,5,-
515,37.52523306,-77.45680965,76.35597095,-,-,-,5,-
516,37.52522079,-77.45696699,70.06339783,-,-,-,2,-
517,37.52562137,-77.45657515,39.35941697,43.875,26612.43,1144335,0,-
518,37.52621633,-77.45655447,26.83718281,4.75,955.0442,3820.177,38,-
519,37.52621218,-77.45660557,29.78083248,-,-,-,6,-
520,37.52626213,-77.45656707,32.74284022,-,-,-,96,Channel feature
521,37.5263885,-77.45670611,56.25948083,-,-,-,100,Under woody debris
522,37.5262798,-77.45642113,24.57487357,-,-,-,47,-
523,37.52626528,-77.45641733,22.71663161,-,-,-,1,-
524,37.52623192,-77.45651217,25.61955856,-,-,-,6,Filled in
525,37.52603858,-77.45646487,0.865561925,-,-,-,0,Channel feature
526,37.52613584,-77.45628067,0.972978923,-,-,-,100,Filled in
527,37.52565287,-77.45635791,49.85706272,7.25,1182.024236,8569.67571,0,-
528,37.52570282,-77.45632939,46.07343911,5.25,6647.61005,33238.0503,0,-
529,37.52567907,-77.45631537,49.68576193,-,-,-,1,-
530,37.52567587,-77.45632773,49.23628141,-,-,-,0,-
531,37.52553021,-77.45630134,67.46980059,-,-,-,0,Not a pool
532,37.52540987,-77.45641567,73.94807562,-,-,-,15,-
533,37.52546712,-77.45606742,89.99365547,14.75,4652.306,67470.805,13,-
534,37.52548352,-77.45604579,89.55772342,28.5,6715.154297,191381.8975,46,-
535,37.52553996,-77.45608406,80.64929757,31,2657.3945,83324.86,0,-
536,37.52604336,-77.45605126,27.02503512,13.71875,14021.712,169737.89,0,-
537,37.52638752,-77.45620575,21.57560746,-,-,-,96,-
538,37.52651845,-77.45612375,34.83984553,-,-,-,4,-
539,37.52649753,-77.45607027,29.91652139,-,-,-,1,-
540,37.52659457,-77.4562944,51.8512694,-,-,-,0,-
541,37.52629063,-77.45587889,4.929816547,20.1875,2764.6015,53840.615,0,-
542,37.52628046,-77.45588626,5.955977405,11.375,1389.16016,15801.697,0,-
543,37.52626933,-77.45586867,8.128466478,17.5,30201.70098,528529.7671,0,-
544,37.52629686,-77.45591954,2.45148756,19.125,3023.783,57451.88,15,-
545,37.5263272,-77.45597254,3.682189435,3.125,1343.03086,4029.09258,0,-
546,37.52625614,-77.4560177,3.739400982,-,-,-,2,-
547,37.52621341,-77.45596208,11.59633771,-,-,-,0,-
548,37.52624394,-77.45592358,9.190451788,15.25,2161.416,32421.24,0,-
549,37.52622868,-77.45602269,7.118624915,-,-,-,0,-
550,37.52607045,-77.45601865,26.30754836,16.75,2332.632545,39071.59513,2,-
551,37.52605575,-77.456036,26.72125902,-,-,-,44,-
552,37.52607667,-77.45603053,24.80082045,-,-,-,2,-
553,37.52600485,-77.45592381,40.08436192,9,2325.43945,20928.955,0,-
554,37.52602521,-77.45587984,39.52712679,-,-,-,0,-
555,37.52602446,-77.45588959,39.22588642,6.125,483.8053,2902.832,0,-
556,37.52603388,-77.45588341,38.24940754,-,-,-,0,-
557,37.52595873,-77.45592001,45.4160535,-,-,-,0,-
558,37.52548916,-77.45599916,91.98467836,29.6875,7767.588,229893.9,89,-
559,37.52549632,-77.45599322,91.56391248,19.5,4644.844473,90066.32007,82,-
560,37.52560216,-77.45577712,94.4931945,-,-,-,12,-
561,37.52563232,-77.45577617,91.24516387,-,-,-,0,-
562,37.52577869,-77.45573338,77.70185188,-,-,-,2,-
563,37.52583317,-77.45565115,73.96535297,-,-,-,36,-
564,37.52589149,-77.45562572,67.39753549,-,-,-,7,-
565,37.52612003,-77.45574693,32.60452176,17.875,3325.375824,59441.09285,0,-
566,37.52612116,-77.45570344,34.24043062,-,-,-,95,-
567,37.52613857,-77.45568846,32.5816625,25.125,6104.115,152602.9,3,-
568,37.52616911,-77.45564758,30.27315259,-,-,-,0,-
569,37.52619022,-77.45578282,21.97255089,-,-,-,0,-
570,37.52625331,-77.45575216,14.99695856,77,8821.592,679262.6,0,-
571,37.52695993,-77.45542055,64.86593158,-,-,-,57,Channel feature
572,37.52687699,-77.4554814,56.29404429,75,706.8583,53014.38,99,-
573,37.52689075,-77.45547807,57.97738166,-,-,-,81,Dries frequently
574,37.52689641,-77.4554215,56.53897857,27,24127.43,651440.7,5,-
575,37.52664369,-77.45551158,26.74182113,-,-,-,4,-
576,37.52669383,-77.45547379,31.88510524,19,1112.06055,21129.15,40,-
577,37.52665312,-77.45555127,29.51446074,-,-,-,100,-
578,37.52657696,-77.45547379,16.49805472,-,-,-,0,-
579,37.52662522,-77.45543576,21.38386545,-,-,-,0,-
580,37.52650092,-77.45546476,6.138035419,-,-,-,0,-
581,37.52653711,-77.45544123,9.99503296,7.3125,2463.009,17241.06,0,-
582,37.52652411,-77.4555672,13.14357383,-,-,-,88,-
583,37.52651035,-77.4555634,11.18519419,-,-,-,93,-
584,37.52651845,-77.45554866,11.68370604,-,-,-,1,-
585,37.52649263,-77.4555527,8.439586471,20.375,4860.82929,98245.0847,0,-
586,37.52636394,-77.4555016,10.47545614,56.125,1278.628,71603.18,0,-
587,37.52644707,-77.45545169,1.456932808,-,-,-,0,-
589,37.52629985,-77.45551134,18.53751563,5.5,1017.090622,5593.998419,0,-
590,37.52638656,-77.45541889,10.68910278,24.125,5843.362336,140971.1163,0,-
591,37.52638072,-77.45549162,8.651898617,12.75,5739.689778,73181.04467,15,-
592,37.52622839,-77.45553416,27.0654855,9.75,5554.336,49989.02,6,-
593,37.52628155,-77.45555745,19.16799796,8.125,466.5265091,3790.527886,0,-
594,37.52625403,-77.45546951,26.18494152,22.4375,644.026494,14450.34446,0,-
595,37.52633226,-77.45563423,9.529504092,-,-,-,42,-
596,37.52617152,-77.45561806,31.16884157,-,-,-,100,-
597,37.52611045,-77.45557148,41.0487986,3.75,518.3627878,1943.860454,0,-
598,37.52598872,-77.45561355,55.20900337,-,-,-,27,-
599,37.52622717,-77.45594402,10.54139936,-,-,-,0,-
600,37.52621925,-77.45588555,13.97212223,9.25,5969.026042,55213.49089,-,-
601,37.52587777,-77.45526126,83.76012796,18.625,6673.52827,123113.7129,31,-
602,37.52587079,-77.45526981,84.34824057,5.75,980.1769079,5636.017221,24,-
603,37.52587984,-77.45532591,80.99243587,-,-,-,0,-
604,37.52582951,-77.45535324,86.56405291,14.1875,785.3982,10995.57,26,-
605,37.52593162,-77.4552218,78.19225445,2.75,4665.265091,12829.479,6,-
606,37.52596781,-77.45524961,72.35405865,23,21441.36986,493151.5068,0,-
607,37.52602794,-77.45522204,65.5011349,6.958333333,3279.822667,22347.19667,2,-
608,37.52593068,-77.45528716,75.7940323,20.5,397.4114707,8146.935149,18,-
609,37.52611648,-77.45540791,46.67184663,11.375,1960.353816,22299.02466,0,-
610,37.52614626,-77.45538747,43.53942142,4.9375,173.5729941,857.0166584,0,-
611,37.52615418,-77.45540909,41.66239898,6,565.4866776,3392.920066,11,-
612,37.52619301,-77.45537938,37.69642874,12.125,2078.16354,25197.73293,0,-
613,37.52618057,-77.45538937,38.94921657,3.5,414.6902303,1451.415806,0,-
614,37.52628607,-77.45525223,30.35077402,13.625,1753.008701,23884.74355,0,-
615,37.52627684,-77.45524914,31.68613156,5.125,988.0308896,5063.658309,0,-
616,37.52625987,-77.4552672,33.22264051,26.25,1919.513,49907.34,0,-
617,37.5263249,-77.45527576,24.3303482,9.5,2348.340509,22309.23483,8,-
618,37.5263085,-77.45530024,25.5447928,9.75,1382.300768,13477.43248,0,-
619,37.52629418,-77.45529929,27.46762251,15,14297.91148,203885.4923,0,-
620,37.5264551,-77.45524605,8.33516041,7.05,1193.805,8356.636,0,-
621,37.52639252,-77.45538604,11.17249952,18.75,2144.136986,40202.56849,0,-
622,37.52640119,-77.45532923,12.22290727,26.10227273,2441.731488,69267.60146,0,-
623,37.52639874,-77.45534492,11.94016347,17.9375,979.39151,16649.6557,0,-
624,37.52639195,-77.45530856,14.23687695,7.125,794.822941,5563.76059,0,-
625,37.52655187,-77.45537107,9.230766891,-,-,-,15,-
626,37.52652605,-77.45533803,4.55581499,-,-,-,92,-
627,37.52661238,-77.45527053,13.31757702,50.6875,7810.78473,390539.237,0,-
628,37.52658,-77.45544807,15.90525093,-,-,-,0,-
629,37.52664427,-77.45523797,16.26025438,2.5625,433.5398,867.0796,0,-
630,37.52672195,-77.45540434,32.90791253,29.75,4338.539441,132035.6151,97,-
631,37.52668652,-77.45524652,22.15208966,26.5,12957.4989,343373.7208,25,-
632,37.52687716,-77.45532947,50.45375531,-,-,-,91,-
633,37.52687829,-77.45534516,51.20806365,-,-,-,13,-
634,37.52697889,-77.45537725,65.69149633,-,-,-,95,-
635,37.52705833,-77.45517874,68.48945537,-,-,-,62,Dried
636,37.52677211,-77.45503375,25.21120101,-,-,-,0,Puddle?
637,37.52662269,-77.45513239,9.344457654,-,-,-,0,Dried
638,37.52672674,-77.45503446,19.2651066,25.625,5211.902212,133554.9942,15,-
639,37.52670978,-77.45501497,16.2794622,10,8510.574,85105.74,0,-
640,37.52664437,-77.45514689,12.75798675,-,-,-,0,Dried
641,37.52663381,-77.45515687,11.75339228,-,-,-,0,Dried
642,37.52670899,-77.45504706,17.41335615,-,-,-,0,Dried
643,37.52637499,-77.45508723,25.01131951,43.1375,9454.625455,398142.045,0,-
644,37.52642777,-77.45499715,21.53838221,7.625,1544.956727,11780.29505,0,-
645,37.52634294,-77.45506608,30.04658191,28.75,9650.971,270227.25,0,-
646,37.52636688,-77.45512573,24.59263026,92.4375,7628.177,893527.6,0,-
647,37.52626911,-77.45509745,38.5570951,-,-,-,0,-
648,37.5262529,-77.45517184,37.82066106,-,-,-,0,-
649,37.52621305,-77.45503898,48.19416815,-,-,-,0,Dried
650,37.52616272,-77.45509579,52.62846138,26.25,13273.23,345104,13,-
651,37.5261156,-77.45518254,55.48521772,-,-,-,22,Dried
652,37.52596321,-77.45508913,79.15242527,24.97916667,1180.453317,32106.29037,0,-
653,37.52595398,-77.45507416,80.94636603,9.8125,879.6459,7916.813,0,-
654,37.52594776,-77.45508081,81.50849614,12.25,824.6680716,10102.18388,0,-
655,37.52595718,-77.4551148,78.95607305,7.125,989.6016859,7050.912012,0,-
656,37.52594229,-77.45501854,84.63123148,4,346.3605901,1385.44236,19,-
657,37.52597848,-77.45500404,80.42571208,9.375,1958.783,17629.05,0,-
658,37.52590753,-77.45502781,88.84990511,8.25,1482.046334,12226.88226,38,-
659,37.5258966,-77.45516424,85.02474415,15.4375,3227.9865,49809.95,66,-
660,37.52593939,-77.45519656,78.14379825,19.5,3473.030679,67724.09823,0,-
661,37.52601136,-77.45497262,77.31003593,1,1005.309649,1005.309649,0,-
662,37.52595669,-77.45482835,90.07444196,6.25,27755.97109,173474.8193,31,-
663,37.52611931,-77.45489894,65.94004934,10.25,2193.61707,22484.57497,0,-
664,37.52609292,-77.45488539,69.93735162,28.625,17804.97639,506354.0499,0,-
665,37.5261768,-77.45491653,57.69191483,34.5,3369.358121,116242.8552,0,-
666,37.52619904,-77.45488658,55.91902891,39.625,8618.959,336139.4,0,-
667,37.52611705,-77.45486566,67.52192335,29.75,99018.29,2871530,15,-
668,37.52616248,-77.45491867,59.49555609,32.5,31214.86461,1014483.1,0,-
669,37.5263676,-77.45478414,37.70606081,6.25,1006.48785,6038.9265,0,-
670,37.52640304,-77.45481076,31.9888911,5.5,4008.67223,20043.3611,0,-
671,37.52638475,-77.45491558,30.34956069,-,-,-,4,-
672,37.52633329,-77.45498973,34.26328774,6,311.0176727,1866.106036,0,-
673,37.52640059,-77.45498427,25.61420893,7.0625,296.8805,1943.8605,0,-
674,37.52634724,-77.45497452,33.01377053,22.875,7835.132078,179228.6463,0,-
675,37.52647738,-77.45498641,15.4209343,26.5,8017.344,208451,0,-
676,37.52646117,-77.45498141,17.74784586,18.25,6573.783,118328.1,0,-
677,37.52648134,-77.45486875,19.43982423,10,1182.02424,11820.2424,0,-
678,37.52647097,-77.45477487,24.95488179,9.6875,962.1127502,9320.467267,0,-
679,37.52645721,-77.45478889,26.04491502,30.75,3242.123619,99695.30127,0,-
680,37.52655958,-77.45494909,6.037867841,18.375,2459.867,44277.61,0,-
681,37.52659276,-77.45494933,1.660722304,18.20833333,3628.277715,58095.37855,21,-
682,37.52669796,-77.45498902,13.72175351,17.25,25434.33,432383.7,0,-
683,37.52671549,-77.45498284,15.79132246,-,-,-,0,Dried
684,37.52673377,-77.45491059,14.86154072,7.6875,2031.432,15719.35,0,-
685,37.52687599,-77.45468522,22.34224253,-,-,-,-,-
686,37.52690653,-77.45467191,25.59977422,9.5,12582.08,113238.7,0,-
687,37.5268956,-77.45468332,24.74621204,18.16666667,2271.764173,43404.85737,0,-
688,37.5267252,-77.4547173,4.671853484,9,745.735558,6814.11458,0,-
689,37.52671464,-77.4546498,0.151509348,9.25,753.9822369,6974.335691,0,-
690,37.52657332,-77.45467928,16.43599173,-,-,-,0,-
691,37.52667756,-77.45467809,3.233127608,-,-,-,0,-
692,37.52669302,-77.4547097,0.221021427,-,-,-,0,-
693,37.52651866,-77.45469068,22.8519751,8.875,2048.318638,21458.84571,0,-
694,37.52648266,-77.45470162,26.91676485,9.125,5780.530483,52747.34065,5,-
695,37.52650207,-77.45458159,30.09754226,-,-,-,0,-
696,37.52641593,-77.45473299,33.92732227,8.75,346.3605901,3030.655163,0,-
697,37.52649057,-77.45468973,26.46920278,8.5,1756.150293,14927.27749,6,-
698,37.52636786,-77.45468427,42.33498227,6.75,723.74445,4342.4665,0,-
699,37.52631169,-77.45475129,46.35651636,10.25,3122.743098,32008.11675,13,-
700,37.52614856,-77.45475628,67.59326741,-,-,-,0,Puddle?
701,37.52617062,-77.45469401,67.10382534,-,-,-,0,Puddle?
702,37.52595511,-77.45475486,93.11880758,-,-,-,4,Puddle?
703,37.52605445,-77.45470756,81.8650616,3.75,1898.045551,6739.10893,0,-
704,37.52678574,-77.45442173,2.534323491,-,-,-,17,Dried
705,37.52683437,-77.45440651,2.617820015,-,-,-,29,Dried
706,37.52688093,-77.45435422,5.516317101,14.71354167,1819.309339,28941.69246,0,-
707,37.52690005,-77.45439724,10.18295654,19.25,637.7433087,12276.55869,0,-
708,37.52696187,-77.4543913,17.45516782,18,26262.92919,472732.7253,1,-
709,37.52700937,-77.45437585,22.45559234,18.0625,1275.486617,23038.47703,3,-
710,37.52696394,-77.45437443,16.79992612,6.375,932.66055,5723.5895,58,-
711,37.52713331,-77.4542708,32.01170602,10.3125,6024.003913,62122.54036,66,-
712,37.52695541,-77.45421637,7.229927104,17.25,8249.822308,142309.4348,0,-
713,37.5270095,-77.45422611,14.39881484,10.75,18221.24,182212.4,0,-
714,37.52700875,-77.45431002,18.82966374,-,-,-,0,-
715,37.52702477,-77.45421494,15.67163939,7.25,5407.466355,39204.13107,0,-
716,37.5268379,-77.45426557,4.548188158,23.5,15541.45886,365224.2831,0,-
717,37.52657461,-77.45422207,39.22671448,15.5,3565.707595,55236.46294,0,-
718,37.52657291,-77.45424299,38.30734568,5.9375,2447.300677,14530.84777,0,-
719,37.52657762,-77.45425725,36.95975248,23.5,2850.995,65572.89,0,-
720,37.52659798,-77.45423158,35.84367735,8.125,11769.98,94159.82,0,-
721,37.52649902,-77.45410514,54.81373777,4,19297.23287,77188.9315,0,-
722,37.52661061,-77.4540942,41.69939543,18.5,1583.363,28500.53,0,-
723,37.52662116,-77.45409682,40.26208176,-,-,-,0,Dried
724,37.52654332,-77.45419474,44.54287333,4.125,8312.654,33250.62,0,-
725,37.52645853,-77.45417692,55.91605427,5.5625,1400.365,7823.353,0,-
726,37.52642328,-77.45428625,54.35020461,11.25,2246.239,24708.63,0,-
727,37.52646658,-77.45404153,62.22666532,6.5625,1555.971955,11598.81023,72,-
728,37.52648222,-77.45406934,58.80601584,12.375,2078.164,24937.96,14,-
729,37.52645074,-77.45407077,62.59495828,13.58333333,2010.226555,27251.44987,0,-
730,37.52651992,-77.45397403,59.31483683,6.1875,11295.59639,69891.50264,12,-
731,37.52653236,-77.45407077,52.57174365,5.625,14388.49435,80935.28074,0,-
732,37.52667236,-77.45400232,39.06996498,5.5,1654.048532,9097.266927,0,-
733,37.52655549,-77.4540779,49.3469528,12.25,1710.597,20527.17,0,-
734,37.52679948,-77.453965,24.17600549,-,-,-,8,Dried
735,37.527,-77.454,24.95944177,-,-,-,17,Dried
736,37.52694444,-77.45384117,7.657392794,11.25,1602.212253,18024.88785,0,-
737,37.52692992,-77.45405936,3.905057265,-,-,-,0,-
738,37.52708085,-77.45394052,13.55968534,-,-,-,1,Not a pool
739,37.52710309,-77.4538868,15.18242865,-,-,-,0,Not a pool
740,37.52716707,-77.45403916,27.91124288,-,-,-,21,Not a pool
741,37.52700639,-77.45374477,1.738752016,-,-,-,0,-
742,37.52696964,-77.45372052,7.389327518,12.25,11230.41,134764.9,6,-
743,37.52703109,-77.45368226,0.012863878,-,-,-,0,-
744,37.52680883,-77.45365421,31.06556908,10.15625,8921.731,89217.31,0,-
745,37.52671994,-77.45348793,47.55917642,8.75,42449.19994,371430.4994,38,-
746,37.52680546,-77.45349601,35.68186798,4.3125,6554.933072,28268.14887,0,-
747,37.52682318,-77.45347961,33.69585581,8.5,26589.65482,226012.066,23,-
748,37.52683279,-77.45349791,31.90377418,14.6875,29484.63245,433055.5391,4,-
749,37.52684806,-77.4535098,29.50900803,8.75,9228.42842,80748.74867,0,-
750,37.52690385,-77.45339666,24.87072061,-,-,-,38,-
751,37.52691479,-77.45336339,24.25362466,-,-,-,48,-
752,37.52686898,-77.45348674,27.26072779,8.75,31667.25395,277088.472,1,-
753,37.52708634,-77.45352667,3.435708742,-,-,-,0,-
754,37.52704787,-77.45369312,-,26.75,4182.245,108738.4,0,-
755,37.52680829,-77.45527566,-,3.75,6272.975131,23523.65674,81,-
756,37.52633291,-77.45536333,-,18.125,2934.640238,53190.35431,0,-
757,37.52643715,-77.45658542,-,-,-,-,96,-
758,37.52635571,-77.45659661,-,-,-,-,53,-
759,37.52634203,-77.45661204,-,-,-,-,76,-
760,37.52621264,-77.4565442,-,-,-,-,6,-
761,37.52632117,-77.45694165,-,-,-,-,23,-
762,37.52635879,-77.4570542,-,-,-,-,85,-
763,37.52635994,-77.45706212,-,-,-,-,98,-
764,37.52633605,-77.45707386,-,-,-,-,48,-
765,37.52602124,-77.45499622,-,34.25,13865.41918,474890.6068,0,-
766,37.52598323,-77.45507209,-,33.5,3001.792,99059.13,0,-
767,37.52610597,-77.45520073,-,9.5,3267.25636,31038.93542,1,-
768,37.52615091,-77.45524501,-,-,-,-,72,-
769,37.52578542,-77.45577841,-,-,-,-,11,-
770,37.52578142,-77.45578787,-,-,-,-,34,-
772,37.5264121,-77.45534239,-,22.125,2587.10155,57239.6218,0,-
773,37.52651012,-77.45495828,-,33,16689.71,550760.5,38,-
774,37.5265297,-77.4549571,-,16,2818.00861,45088.13776,0,-
775,37.52652663,-77.45494712,-,5.375,1295.90697,6965.499962,96,-
776,37.52627875,-77.45574911,-,38.5,7694.545807,296240.0136,0,-
777,37.5262723,-77.45574546,-,16.3125,3353.650158,54706.4182,32,-
778,37.52617597,-77.4562673,-,-,-,-,1,-
779,37.52604602,-77.4551426,-,-,-,-,0,-
780,37.52616854,-77.45624857,-,-,-,-,81,-
781,37.52588177,-77.45514813,-,3.25,1641.482162,5334.817025,97,-
