Pool_ID,DistRC_m,Depth_cm,Pct_Shaded,MaxRTemp_Z,Depth_Z,Pct_Shaded_Z,SurfArea_Z,MaxTemp_Predicted_C,MaxTemp_SE,MaxTemp_Z
1,100.986416,12.08333333,0.71,0,-0.570205036,1.980183874,-0.574197251,30.83333948,1.311714715,-0.368425532
2,99.57518957,6.9,0.58,0,-0.761114988,1.518833578,-0.247049524,31.01677048,2.696248143,-0.295612501
3,99.19268909,23.6875,0.42,0,-0.142806147,0.951017828,-0.378739545,30.59770502,2.67996602,-0.46196075
4,98.2257691,16.41666667,0.43,0,-0.41060186,0.986506313,-0.563424787,26.75767359,1.349921511,-1.986263198
5,97.57185322,17.09375,0.58,0,-0.385663864,1.518833578,-0.474032289,30.28434648,2.694044941,-0.586348585
6,85.93776715,9.125,0.06,0,-0.679164896,-0.326567607,-0.558664338,33.35480944,1.303130511,0.632473265
8,82.13582796,8.25,0.27,0,-0.71139246,0.418690564,-0.565302147,32.44482041,2.676537322,0.271252652
10,45.64570306,15.0625,0,0,-0.460477853,-0.539498513,-0.483150919,35.04314694,1.317208682,1.302659702
11,45.53671558,26,0,0,-0.057633299,-0.539498513,-0.484910934,31.2353492,1.312712178,-0.208847568
12,74.56374131,7.8125,0.03,0,-0.727506242,-0.43303306,-0.572945682,33.65693711,2.679159189,0.752402999
13,101.232877,22.75,0.23,0,-0.17733568,0.276736626,-0.432898009,27.5058843,1.346273928,-1.689260575
14,99.22618612,17.9,0.91,0,-0.355968465,2.68995356,-0.361541584,28.18386611,1.305844178,-1.420135346
15,72.2525817,11.625,0,0,-0.587086141,-0.539498513,-0.393121468,37.27081715,0.994023183,2.186934534
16,76.8139801,21.1996348,0,0,-0.23443796,-0.539498513,-0.540553926,31.90124519,0.991117363,0.055480187
18,67.44520974,21,0,0,-0.241790809,-0.539498513,-0.567112456,32.6720962,1.303018311,0.361469892
22,43.22774168,14.25,0,0,-0.490403448,-0.539498513,-0.57576172,35.99287169,0.82495966,1.679653429
23,21.59512379,14.75,0,0,-0.471987697,-0.539498513,-0.539689599,38.04799774,1.012036289,2.495436768
24,17.05037605,9.75,0,0,-0.656145207,-0.539498513,-0.579773797,39.49654091,1.375793835,3.070436722
25,18.17108161,15.75,0,0,-0.435156195,-0.539498513,-0.45869495,33.23421063,2.676618757,0.584601503
26,17.97164681,17.875,0.59,0,-0.356889253,1.554322062,0.074340985,30.17901834,2.6950771,-0.628158643
28,14.67008979,39.04166602,1,0,0.42271085,3.009349919,-0.418127509,26.64118827,2.770077996,-2.032502105
30,27.10394331,15.75,0.01,0,-0.435156195,-0.504010029,-0.515418045,33.18501553,2.676174172,0.565073486
31,27.01934332,5.625,0.2,0,-0.808075153,0.170271173,-0.412029159,32.97779309,2.677074738,0.482816431
32,11.42343927,32.70833333,0,0,0.189444694,-0.539498513,-0.223913283,30.01952461,0.984741435,-0.69146976
33,9.055432204,14.875,0.92,0,-0.467383759,2.725442044,-0.321915894,28.77113122,2.744706475,-1.187020157
40,0.757384865,9,0,0,-0.683768834,-0.539498513,-0.530705093,33.71920016,2.67982569,0.777118346
41,0.92567306,10.65,0,0,-0.622996855,-0.539498513,-0.539233667,33.60064716,2.67892316,0.730058673
42,3.670865039,51.325,0.18,0,0.875124491,0.099294205,0.492549613,28.70168452,0.98582546,-1.214587061
43,2.813587906,13.50625,0,0,-0.517796878,-0.539498513,0.285644388,33.39542474,2.677542174,0.648595527
45,10.75597683,95,0,0,2.483740343,-0.539498513,-0.499058177,31.99072112,1.350515002,0.090997706
46,13.13035751,21.83333333,0,0,-0.211097891,-0.539498513,-0.050413976,30.51849672,1.322618501,-0.493402527
47,11.45191077,29.4703125,0,0,0.070183523,-0.539498513,-0.398774502,35.03115351,1.325383191,1.297898901
48,10.70869624,31.41057692,0,0,0.141646376,-0.539498513,-0.44226806,32.10899347,2.674138953,0.137945973
49,4.404492574,76.3911091,0,0,1.79834694,-0.539498513,-0.172256694,28.8771287,2.705462303,-1.144944403
50,8.492870864,36.8125,0,0,0.340607317,-0.539498513,-0.261181108,29.70426772,0.72051936,-0.816611147
51,6.933817909,23.875,0.03,0,-0.135900241,-0.43303306,-0.558514948,29.30950685,0.998311698,-0.973311678
52,26.54857949,5.75,0.57,0,-0.803471215,1.483345093,-0.500533215,31.14859342,2.6956817,-0.243285318
54,30.59352242,8.125,0.48,0,-0.715996398,1.163948734,-0.4160521,29.72273106,1.317679241,-0.809282114
55,28.18224454,22.25,0.01,0,-0.195751432,-0.504010029,-0.483905238,32.71798858,2.674331989,0.379686897
57,23.12692384,20.27940949,0.18,0,-0.26833124,0.099294205,-0.422157914,32.02325955,2.671575417,0.10391385
58,34.23627495,19.57291667,0.86,0,-0.294352432,2.512511139,0.386949307,28.72875505,2.733991949,-1.203841402
60,40.26699702,27.26640625,0.98,0,-0.010989654,2.93837295,-0.435123199,27.58563441,2.759267952,-1.657603726
61,64.1455964,44.8921875,1,0,0.638194344,3.009349919,-0.144287534,26.22082655,2.774737523,-2.199364909
62,65.04583773,37.35789463,0.9,0,0.360695021,2.654465076,-0.512639222,27.0795079,1.305587415,-1.858510904
63,63.05989341,35.24107143,0.5,0,0.282729243,1.234925703,-0.147788425,30.36892329,0.825444247,-0.552775775
64,68.24370504,49.96875,0.98,0,0.825171766,2.93837295,0.252757261,25.95446419,2.775098153,-2.305097584
65,64.54886922,19.875,0.89,0,-0.283226249,2.618976591,3.557781408,28.559465,2.73948291,-1.271041175
67,66.04968947,19.375,1,0,-0.301642,3.009349919,-0.504958481,28.05424414,2.761249128,-1.471588853
68,66.33426918,25.06899991,0.55,0,-0.091923431,1.412368125,-0.466381356,30.45136938,0.989801433,-0.520048759
69,64.28671901,14.75,0.84,0,-0.471987697,2.44153417,-0.045541746,29.17367324,2.730251299,-1.027230896
70,53.42981389,24.8125,0.34,0,-0.101370707,0.667109954,-0.31594857,30.91043417,2.675375672,-0.337822756
71,58.12886109,28.8125,0.95,0,0.045955301,2.831907497,1.235219649,27.62213238,2.753678743,-1.643115836
72,19.23635501,31.875,0,0,0.158751776,-0.539498513,-0.545925114,32.07562453,2.674171445,0.124700156
73,2.686676847,24.52142857,0.06,0,-0.112091305,-0.326567607,0.013307688,33.50648794,0.984007635,0.692682122
74,13.2072971,49.9333787,0.18,0,0.823868988,0.099294205,-0.244960874,29.89261294,2.679029125,-0.741847413
75,16.23945478,47.94955849,0.27,0,0.75080191,0.418690564,-0.323082491,32.67989488,0.830323135,0.364565582
76,16.95518167,17.828125,0.38,0,-0.35861573,0.809063891,-0.537795475,31.21548324,2.677816445,-0.216733368
77,14.99585193,32.53571429,0,0,0.183086876,-0.539498513,-0.201681086,32.02815201,2.674228197,0.105855915
78,12.09471574,33.75892857,0,0,0.228139695,-0.539498513,-0.232396508,31.03996367,0.98169939,-0.286405954
79,15.76381825,64.19999848,0,0,1.349330024,-0.539498513,-0.414187903,29.75306367,2.691389197,-0.79724157
80,23.75970224,14,0.06,0,-0.499611323,-0.326567607,0.54837398,31.47911905,1.31061605,-0.112083
81,19.06744586,29.11363636,0,0,0.057046605,-0.539498513,-0.124756586,32.27402934,2.674068087,0.203457047
82,17.02729244,32.73859315,0.12,0,0.190559209,-0.113636701,-0.354827686,31.423234,2.671585927,-0.134266598
83,16.50031082,53.05995263,0,0,0.939025402,-0.539498513,-0.436815833,30.55347931,2.682137465,-0.479516169
84,14.49290291,36.23125,0,0,0.319199007,-0.539498513,-0.211830013,29.86381527,1.310631247,-0.753278666
85,7.442961182,20.125,0.01,0,-0.274018373,-0.504010029,-0.203642264,32.87067047,2.674802742,0.440294051
86,6.601179442,43.41203592,0,0,0.583678138,-0.539498513,-0.370898377,31.24668503,2.676938193,-0.204347804
87,8.68554756,38.23875,0,0,0.393138247,-0.539498513,-0.234987466,31.61838718,2.675231874,-0.056800445
88,11.33334707,55,0,0,1.010480261,-0.539498513,0.226787043,30.41408632,2.683499056,-0.534848287
89,11.7711339,44.98214286,0,0,0.641507535,-0.539498513,1.227212048,31.13387237,2.677605619,-0.249128845
91,7.417821624,47.30807332,0,0,0.727175047,-0.539498513,-0.433860264,29.59758217,1.316114703,-0.858960028
92,5.791507693,17.54166667,0,0,-0.36916642,-0.539498513,-0.248922369,34.24804308,0.984152024,0.987042814
93,4.173316195,8.104166667,0,0,-0.716763721,-0.539498513,-0.458538506,33.78356605,2.6803478,0.80266842
94,3.345614771,12,0.19,0,-0.573274328,0.134782689,-0.107628739,32.56894252,2.673953445,0.320522985
95,4.707635527,42.52142857,0,0,0.550875732,-0.539498513,0.223667657,31.31067543,2.676590548,-0.178946779
96,19.9116809,30.5625,0,0,0.110410429,-0.539498513,-0.169045198,30.04526221,1.314435522,-0.68125321
97,23.14036301,22.78125,0,0,-0.176184696,-0.539498513,-0.428389006,32.7290132,2.674646612,0.384063125
98,24.86035742,20.75,0,0,-0.250998685,-0.539498513,-0.407603997,32.87495912,2.675072701,0.441996434
101,34.78966705,90.8133305,0.05,0,2.329539017,-0.362056091,-0.201683588,27.5949123,2.727133416,-1.653920862
103,25.53272946,19.53125,0,0,-0.295887078,-0.539498513,-0.479211807,32.96252668,2.675384396,0.47675642
104,26.63709838,10.90171252,0.07,0,-0.613725905,-0.291079123,-0.549114802,33.2381959,2.676075367,0.586183459
105,26.39216927,33.33790708,0,0,0.212632841,-0.539498513,-0.319247478,31.97051421,2.67431372,0.082976563
107,31.5755281,5.625,0,0,-0.808075153,-0.539498513,-0.389903104,33.96169492,2.681910344,0.873376767
108,33.3837537,30.25,0,0,0.098900585,-0.539498513,1.523751773,30.42934453,1.311702199,-0.528791533
109,27.46944252,19,0,0,-0.315453813,-0.539498513,-0.551221918,32.98569579,1.30596487,0.485953412
110,31.95030118,25.375,0,0,-0.080652988,-0.539498513,0.46737963,34.84470902,1.313312667,1.223889668
111,33.08797058,21.375,0,0,-0.227978996,-0.539498513,-0.242798633,37.11173592,1.34570721,2.123787158
113,35.66282662,22.66666667,0,0,-0.180404972,-0.539498513,-0.354166267,32.90613184,1.311105729,0.45437046
114,6.027977387,13.825,0.32,0,-0.506056836,0.596132985,-0.498454741,31.79827953,2.675911575,0.014607916
116,6.905482088,12.88324034,0.26,0,-0.540743259,0.383202079,-0.575857009,32.16111579,2.674451099,0.158635957
117,11.12407228,26.25,0,0,-0.048425423,-0.539498513,0.611400106,29.57428791,1.320355115,-0.868206698
118,11.29380924,8.666666667,0,0,-0.696046001,-0.539498513,-0.538885005,33.74315026,2.680017326,0.78662535
119,11.82895498,38.4375,0,0,0.400458508,-0.539498513,0.013306731,31.60410693,2.675283451,-0.062468996
120,13.81929035,10.25,0,0,-0.637729456,-0.539498513,-0.562888393,35.03160114,1.314918447,1.298076591
121,20.22528836,39.88636364,0,0,0.453822332,-0.539498513,-0.171556483,31.50000564,2.675693205,-0.103792056
122,19.76045273,45.09375,0,0,0.645618194,-0.539498513,-0.233696778,28.80633389,1.316488155,-1.173046441
123,22.85667808,32.35357143,0,0,0.17637828,-0.539498513,-0.23282275,32.04123903,2.674211318,0.111050814
124,24.12616252,30.44886364,0,0,0.106225032,-0.539498513,-0.503148139,32.17809285,2.674091095,0.165375011
125,21.02577829,89.60676891,0,0,2.285099541,-0.539498513,-0.284539179,27.92757957,2.725306163,-1.521868418
126,22.5093481,41.51726191,0,0,0.513890765,-0.539498513,-0.304516801,31.38282511,2.676225448,-0.150306928
127,17.31177963,62.375,0,0,1.282112588,-0.539498513,0.002498511,29.88419036,2.689636351,-0.745190763
128,17.48827949,197.6166609,0,0,6.2632661,-0.539498513,-0.328988993,20.16703636,3.04957145,-4.602420032
129,16.10861635,32.75,0,0,0.19097934,-0.539498513,-0.293017978,32.01275551,2.674249259,0.099744269
130,13.62598491,48.74675811,0,0,0.780163969,-0.539498513,-0.42261228,32.24727941,1.314861283,0.192838649
131,15.33762417,10.625,0,0,-0.623917643,-0.539498513,-0.580186926,33.60244342,2.678936262,0.730771698
133,17.38176664,28.02083334,0,0,0.016797029,-0.539498513,-0.248363629,32.35254756,2.674086837,0.234624896
134,23.01929657,20.67142857,0,0,-0.253892588,-0.539498513,0.086986897,32.72186212,1.302999165,0.3812245
135,21.71239805,28.01166667,0,0,0.016459406,-0.539498513,-0.24347134,32.35320619,2.674087138,0.234886339
136,14.9650843,19.16666667,0,0,-0.309315229,-0.539498513,-0.606000615,32.9887221,2.675485802,0.487154706
137,15.95679312,51.75972154,0,0,0.891135938,-0.539498513,-0.534909314,28.32737163,1.323857835,-1.363170755
138,18.37694514,44.79166667,0,0,0.634492011,-0.539498513,-0.337001828,31.14755814,2.677520942,-0.243696271
139,25.11379597,28.79166667,0,0,0.045187978,-0.539498513,-0.155255541,30.81200225,0.98937634,-0.376895357
140,21.14928464,31.0625,0,0,0.12882618,-0.539498513,2.152108374,30.44722004,1.315079437,-0.52169584
141,22.36184041,56.8125,0,0,1.077237358,-0.539498513,-0.018957024,29.5962344,1.304959267,-0.859495026
142,15.81607683,64.51157264,0,0,1.360805768,-0.539498513,-0.41037373,29.73067697,2.691697705,-0.806127981
143,39.49535411,31.51336781,0.03,0,0.145432319,-0.43303306,-0.491965145,31.95402264,2.67310845,0.076430222
144,28.88756808,73.625,0,0,1.696466987,-0.539498513,-0.310366793,28.58088302,0.836698148,-1.262539281
145,30.61087619,31.4375,0,0,0.142637994,-0.539498513,-0.118892895,29.69436563,1.316993024,-0.820541785
146,36.7717891,23.04166667,0.97,0,-0.166593159,2.902884466,0.152374325,27.19113229,1.306435265,-1.814201546
151,87.67418026,21.38984375,0.08,0,-0.227432278,-0.255590638,-0.506747809,29.59368001,1.328587608,-0.860508996
152,86.18896407,35.65263158,0,0,0.297887621,-0.539498513,-0.142040174,29.774737,0.986064054,-0.788638331
153,86.61835999,24.09264706,0.13,0,-0.127883973,-0.078148217,-0.42303696,31.99525274,2.671199318,0.092796533
154,81.25767294,18.875,0,0,-0.320057751,-0.539498513,0.235525633,33.00967844,2.675569634,0.495473335
155,84.33239098,28.65,0.22,0,0.039970182,0.241248142,0.090325394,31.22504974,2.671665768,-0.212935944
156,85.91220164,11.04166667,0.43,0,-0.608571184,0.986506313,6.205707254,31.45711686,2.682365712,-0.120816781
157,85.19033686,19.63333333,0.67,0,-0.292127195,1.838229936,2.337162607,29.65912083,2.704667799,-0.834532227
158,85.06684939,4.5,0.56,0,-0.849510593,1.447856609,0.085068795,31.28760139,2.695232411,-0.188106034
159,89.36877672,12.625,1,0,-0.550254639,3.009349919,-0.445039383,28.53923367,2.760659784,-1.27907201
160,83.15948402,7.625,0.16,0,-0.734412149,0.028317236,-0.303276413,33.03087286,2.676074779,0.50388647
161,83.69511126,17.73099276,0.74,0,-0.362193256,2.086649327,-0.458740439,29.45143893,2.714338564,-0.916971663
162,84.11964853,17.58333333,0.47,0,-0.367631775,1.12846025,-0.277708552,30.79031578,2.683841205,-0.385503812
163,80.55185556,15.29166667,0.17,0,-0.4520373,0.063805721,-0.500935538,32.43377605,1.305945262,0.266868586
164,78.74145882,34.83333333,0,0,0.267711636,-0.539498513,-0.547366666,34.57582309,1.321566074,1.11715526
165,78.32169174,40.70625,0,0,0.484019978,-0.539498513,-0.116960779,31.66328355,1.303203608,-0.038978805
166,77.37574416,16.125,0.02,0,-0.421344382,-0.468521544,0.962264946,33.10887658,2.675618733,0.534850089
167,77.11086356,38.08333333,0,0,0.387414018,-0.539498513,1.278823634,31.62955391,2.675192321,-0.052367804
168,75.04323369,35.6875,0,0,0.299171877,-0.539498513,2.035589415,31.80169526,2.674669065,0.015963791
169,71.60060593,24.14583333,0,0,-0.125925042,-0.539498513,0.877068631,31.22600839,1.30949279,-0.212555406
170,81.09123995,27.42045455,0,0,-0.005315824,-0.539498513,0.057719052,32.39568496,2.674111536,0.251748308
171,84.54670575,16.75,0.17,0,-0.398324693,0.063805721,-0.563827075,32.32604377,2.672340951,0.224104203
173,77.17117072,18.5,0.03,0,-0.333869564,-0.43303306,-0.367911213,31.67907233,1.306056776,-0.032711441
175,67.90706648,55.59999827,0.06,0,1.032579098,-0.326567607,-0.450844155,30.27914419,1.306798066,-0.588413638
176,62.21783303,41.475,0,0,0.512334196,-0.539498513,0.424254025,31.38586164,2.676210707,-0.149101576
177,60.62487068,65.4375,0,0,1.394909064,-0.539498513,0.334489403,29.66414881,2.692630432,-0.832536367
178,58.51320008,34.5625,0,0,0.257736438,-0.539498513,-0.32124542,31.88252684,2.67447942,0.048049932
179,53.28506639,6,0,0,-0.79426334,-0.539498513,0.663295495,33.93475106,2.681662907,0.862681387
180,67.29508421,25.85971743,0,0,-0.062800117,-0.539498513,-0.477374152,32.50782439,2.674223514,0.296262113
181,67.46464893,17.375,0,0,-0.375305004,-0.539498513,-0.558098108,31.91571825,1.314624481,0.061225278
182,50.62073737,26.09611077,0.08,0,-0.054093395,-0.255590638,-0.539014876,32.09727872,2.671760512,0.133295801
183,48.47207424,9.875,0,0,-0.651541269,-0.539498513,-0.563290686,33.65633114,2.679337528,0.752162459
184,41.70817794,30.375,0,0,0.103504523,-0.539498513,-0.388293972,32.18339998,2.674088502,0.167481677
185,40.21912133,15.625,0.06,0,-0.439760133,-0.326567607,-0.468215844,32.94802137,2.674388519,0.470998529
186,73.36286019,32,0,0,0.163355714,-0.539498513,0.075681959,32.06664324,2.674181234,0.121135029
187,70.4219109,25.5,0,0,-0.07604905,-0.539498513,1.462246024,32.53367019,2.674259105,0.306521619
188,70.65619739,6.75,0,0,-0.766639713,-0.539498513,-0.453062872,33.88086333,2.681179883,0.841290626
189,72.19086754,16.25,0.04,0,-0.416740444,-0.397544576,0.027641699,28.47323055,0.999628548,-1.305271984
190,65.79475872,21,0.01,0,-0.241790809,-0.504010029,-0.392450982,32.80780146,2.674593424,0.415338164
191,65.8484614,335.3481615,0,0,11.33612415,-0.539498513,-0.22315191,10.27098663,3.775128121,-8.530662053
192,66.10132137,46.125,0.02,0,0.68360068,-0.468521544,-0.511261008,32.11621219,1.30585218,0.14081145
193,63.27981338,144.1863052,0,0,4.295345844,-0.539498513,-0.205350076,24.00602348,2.855284978,-3.078532123
194,60.70656343,25.25,0,0,-0.085256925,-0.539498513,0.246052281,32.55163277,2.674285999,0.313651872
195,61.92526451,63.5,0,0,1.323548028,-0.539498513,0.512302219,29.80335877,2.690705923,-0.777276903
196,58.14084192,27.71875,0,0,0.005670845,-0.539498513,-0.126888437,32.37425234,2.674097989,0.24324062
197,60.2260604,83.25,0,0,2.050970194,-0.539498513,1.689138319,32.38266222,1.346147275,0.246578924
198,63.67390591,74.0625,0,0,1.712580769,-0.539498513,-0.010944729,29.04443997,2.702458034,-1.078530111
199,58.66732103,12.75,0,0,-0.545650701,-0.539498513,-0.50864616,31.47063213,1.313378875,-0.115451885
200,52.71501305,4.75,0.13,0,-0.840302717,-0.078148217,-0.515418045,33.38502774,2.678115568,0.644468435
201,49.18915512,83,0,0,2.041762318,-0.539498513,1.393454211,28.40227791,2.714794868,-1.333436671
202,53.32153718,36.125,0.02,0,0.31528566,-0.468521544,0.771109564,31.67187057,2.674077704,-0.035570186
203,50.49590806,64.25,0,0,1.351171655,-0.539498513,1.708448085,29.74947104,2.691438525,-0.798667664
204,45.19172605,21.625,0,0,-0.21877112,-0.539498513,0.142909318,32.81209011,2.674874838,0.417040547
205,38.63229794,10.5,0,0,-0.628521581,-0.539498513,-0.599496906,33.6114247,2.679002039,0.734336825
206,36.85128509,183.1324943,0.06,0,5.729792488,-0.326567607,-0.275653131,20.91255753,2.993137406,-4.306485018
207,34.22947621,78.24536863,0,0,1.866642103,-0.539498513,-0.350185252,28.7438996,2.707960686,-1.197829765
208,34.88089274,21.375,0.01,0,-0.227978996,-0.504010029,-0.0567836,33.12242166,1.303106978,0.540226817
209,33.35577684,21.875,0.05,0,-0.209563245,-0.362056091,-0.205251429,29.40903008,1.332280143,-0.933805879
210,30.2136537,81.10416667,0,0,1.971935929,-0.539498513,1.148224084,28.5384941,2.711996222,-1.279365583
211,29.48192071,63.625,0,0,1.328151966,-0.539498513,0.635705092,29.79437748,2.690826938,-0.78084203
212,27.39588351,21.375,0,0,-0.227978996,-0.539498513,-0.480116962,32.83005268,2.674929159,0.4241708
213,28.21929358,86.4375,0,0,2.168370607,-0.539498513,0.436017715,28.1552925,2.720117273,-1.431477656
214,24.87506653,40.79166667,0,0,0.487166003,-0.539498513,-0.493034977,28.64148371,1.328425152,-1.238483805
215,23.57300205,55.31166571,0,0,1.021959377,-0.539498513,-0.437702438,30.39169305,2.683727634,-0.543737309
216,20.41076822,53.59027778,0,0,0.958558074,-0.539498513,0.183801578,30.51537529,2.682499178,-0.49464158
217,23.76558333,75.35,0,0,1.760001328,-0.539498513,0.636161035,28.95193271,2.704100748,-1.115250916
218,17.89566583,41.325,0,0,0.50680947,-0.539498513,0.958878962,29.09511882,1.314259064,-1.058413113
219,16.30190905,50.69444444,0,0,0.851900182,-0.539498513,-0.290738331,30.72344179,2.68062024,-0.412049477
220,14.28756471,75.40104167,0,0,1.761881269,-0.539498513,-0.049036679,28.94826535,2.704166808,-1.116706676
221,11.58266994,62.75986111,0,0,1.296287601,-0.539498513,0.146402131,29.85653797,2.689998288,-0.756167392
222,9.77668377,79.51388889,0,0,1.91336361,-0.539498513,0.103216621,28.65275604,2.7097239,-1.234009248
223,9.013694296,85.98611111,0,0,2.151745276,-0.539498513,-0.004776249,27.95779486,1.314999681,-1.509874445
224,9.06907733,30.02437452,0,0,0.09059046,-0.539498513,-0.425481688,33.69963996,1.314930517,0.769353914
225,7.900841779,59.82291667,0,0,1.188115526,-0.539498513,-0.266894194,30.08590448,1.304052184,-0.665120237
226,6.569633735,38.16666667,0,0,0.39048331,-0.539498513,-0.244027838,31.62356639,2.675213444,-0.054744555
227,9.432693426,127.3541667,0,0,3.6753929,-0.539498513,0.375321958,28.59745791,1.338705782,-1.255959867
228,9.481011308,35.90277778,0,0,0.307100881,-0.539498513,0.002330914,28.85650371,1.32988834,-1.153131506
229,15.55561021,50.5625,0,0,0.84704047,-0.539498513,2.368239572,30.73292203,2.680540242,-0.408286288
230,23.57252963,30,0,0,0.089692709,-0.539498513,-0.110020127,32.21034384,2.674077725,0.178177057
231,20.63722228,42.75,0,0,0.559294361,-0.539498513,-0.057744618,31.29425251,2.676677633,-0.185465868
232,12.59068505,5.125,0,0,-0.826490904,-0.539498513,-0.500667343,33.99762007,2.682246402,0.887637274
233,6.054422285,27.125,0,0,-0.016197859,-0.539498513,0.926493609,32.41691346,2.67412744,0.260174971
234,3.914284287,90.76071429,0,0,2.327601083,-0.539498513,1.299084929,27.84466825,2.727262291,-1.55478011
235,3.35686276,73.04166667,0,0,1.674981944,-0.539498513,1.31885173,29.11778715,2.701187889,-1.04941491
236,2.275293582,22.375,0,0,-0.191147494,-0.539498513,-0.125798896,32.75820238,2.674722487,0.395649787
237,5.820865959,104.375,0,0,2.829035675,-0.539498513,-0.449643383,26.86647773,2.753003183,-1.94307334
238,4.740104585,63.875,0,0,1.337359842,-0.539498513,-0.208872021,29.77641491,2.69107027,-0.787972284
239,3.250889338,27.125,0,0,-0.016197859,-0.539498513,0.063948435,29.49524561,1.322250602,-0.899582581
240,5.97558697,81.29166667,0,0,1.978841836,-0.539498513,0.894746771,28.52502217,2.712268667,-1.284713273
241,0.850436682,38.75,0.64,0,0.411968352,1.731764484,0.380596409,26.61124797,1.309751731,-2.044386925
242,3.718381047,65.5,0,0,1.397211032,-0.539498513,0.865848841,29.65965817,2.692694248,-0.834318931
243,0.415995771,82.53125,0,0,2.024497552,-0.539498513,-0.322955152,28.43595773,2.714093828,-1.320067446
244,5.384653277,33.5625,0,0,0.220904936,-0.539498513,-0.008329841,31.95437715,2.67434093,0.076570946
245,6.24794179,35.26875,0,0,0.283748686,-0.539498513,3.770157584,31.83178257,2.674594288,0.027906966
246,14.27921433,55.16666667,0,0,1.016618845,-0.539498513,0.636140921,30.40211127,2.683620952,-0.539601789
247,10.97550045,78.54861111,0,0,1.877810979,-0.539498513,0.558945702,28.72211154,2.708378197,-1.206478548
248,12.92736329,33,0,0,0.200187216,-0.539498513,-0.09743736,31.99479294,2.674275474,0.092614016
249,11.55086621,28.875,0,0,0.04825727,-0.539498513,0.258925692,32.29117543,2.674069294,0.210263197
250,6.350895607,53.625,0,0,0.959836946,-0.539498513,0.730075635,30.51288049,2.682523136,-0.495631893
251,2.529401625,25.0625,0,0,-0.092162832,-0.539498513,-0.162172738,32.5651047,2.674307332,0.318999562
252,0.90555595,21,0,0,-0.241790809,-0.539498513,-0.574778341,32.85699655,2.675013958,0.434866181
253,12.84344224,21.5,0,0,-0.223375058,-0.539498513,0.165348257,32.8210714,2.674901777,0.420605674
254,13.89362187,26.5,0,0,-0.039217548,-0.539498513,-0.33566084,32.04324807,1.310213229,0.111848305
256,15.4790522,36.25902746,0,0,0.320222092,-0.539498513,-0.437180512,29.67699482,1.321017187,-0.827437137
257,14.7011142,38.58333333,0,0,0.405829769,-0.539498513,-0.573515591,29.77018705,1.316120474,-0.790444436
258,17.86293264,56.30749857,0,0,1.058637397,-0.539498513,-0.455904061,30.32014216,2.684476222,-0.572139471
259,22.51372249,19.5625,0,0,-0.294736093,-0.539498513,-0.60125693,32.96028135,2.675375879,0.475865138
260,25.36907986,24.4375,0,0,-0.115182521,-0.539498513,-0.479144758,32.61001114,2.67438563,0.336825196
261,31.56426547,19.5,0,0,-0.297038062,-0.539498513,0.180948259,32.55847834,0.981636626,0.316369225
262,29.34337453,18.25,0.34,0,-0.34307744,0.667109954,-0.318697616,33.43414512,1.311016716,0.663965604
263,35.56783826,21.75,0,0,-0.214167183,-0.539498513,3.040233661,32.80310882,2.67484834,0.41347542
264,31.34640123,63.82735177,0,0,1.335604886,-0.539498513,0.142065708,29.77983845,2.691023758,-0.786613308
265,28.74798848,32.79687453,0,0,0.192705799,-0.539498513,-0.442316826,32.84786606,0.983254176,0.431241829
266,10.52095454,37.859375,0,0,0.379165296,-0.539498513,-0.35166873,31.64564538,2.675136525,-0.045980285
269,7.545556325,5,0.19,0,-0.831094842,0.134782689,-0.580503267,32.37736491,1.307012434,0.244476154
270,9.08095136,23.13749951,0.11,0,-0.163063491,-0.149125185,-0.497585377,32.16227056,2.671509655,0.159094343
272,7.698397191,12.75,0,0,-0.545650701,-0.539498513,-0.46392474,31.0693968,1.31478992,-0.274722456
273,8.3735696,15.13555508,0,0,-0.457787124,-0.539498513,-0.565042748,33.27835868,2.676857499,0.602126095
275,11.39610019,66.25,0.03,0,1.424834659,-0.43303306,-0.262242697,29.45818517,2.692918237,-0.914293742
276,18.85868331,26.8,0.13,0,-0.028168097,-0.078148217,2.269845816,36.19409362,0.997989589,1.759528578
278,20.2602787,16.125,0.01,0,-0.421344382,-0.504010029,-0.453766882,33.15807167,2.676035419,0.554378106
279,22.7636183,22.90625,0,0,-0.171580758,-0.539498513,-0.37506026,32.72003191,2.674624206,0.380497998
280,24.69651074,26.7979166,0,0,-0.028244832,-0.539498513,-0.362919148,30.71691701,1.309176549,-0.414639491
281,26.19454489,38.87999331,0.04,0,0.416756201,-0.397544576,-0.356088911,28.47636727,0.989539095,-1.304026862
282,11.81255457,14,0.72,0,-0.499611323,2.015672358,0.035721062,29.81790207,2.711601994,-0.771503934
284,13.77048295,29.875,0.25,0,0.085088772,0.347713595,-0.080675222,29.33579445,1.31083822,-0.962876801
285,11.0344387,15.75,0,0,-0.435156195,-0.539498513,-0.075713664,33.23421063,2.676618757,0.584601503
286,10.28905568,75,0,0,1.747110302,-0.539498513,-0.101057981,28.97708031,2.703649687,-1.105268561
287,14.02337321,26.05,0,0,-0.055791724,-0.539498513,-0.028953975,32.49415253,2.674206168,0.290835061
288,16.74356349,29.5625,0,0,0.073578927,-0.539498513,-0.175180146,31.61745254,1.312239976,-0.057171449
289,15.70689024,9.2,0,0,-0.676402533,-0.539498513,0.046314729,33.7048301,2.67971221,0.771414143
290,15.16020082,5.125,0,0,-0.826490904,-0.539498513,-0.54632738,33.99762007,2.682246402,0.887637274
291,17.20607916,78.94134048,0,0,1.892275792,-0.539498513,-0.241753137,33.61164351,1.357512109,0.734423679
292,17.9756382,36.56773778,0,0,0.331592357,-0.539498513,-0.45869468,31.56171164,1.306021264,-0.07929783
293,17.71270071,26.5,0,0,-0.039217548,-0.539498513,0.460540679,32.46181989,2.674169229,0.278000605
294,20.12929048,91.0999974,0,0,2.340097389,-0.539498513,0.299935048,27.82029066,2.7278442,-1.564456808
298,39.57563225,46,0.93,0,0.678996742,2.760930529,-0.245178841,26.48559552,2.760729213,-2.094264726
300,42.80420238,63.96428571,0.21,0,1.340648368,0.205759658,-0.274349754,28.73690278,2.692016178,-1.200607156
301,45.16163125,11.125,0.11,0,-0.605501892,-0.149125185,-0.092810999,33.02537226,2.674996083,0.501703006
302,42.95866232,64,0.04,0,1.341963779,-0.397544576,0.111485924,29.57065325,2.690469052,-0.869649477
303,38.29644932,25.20833333,0.95,0,-0.086791571,2.831907497,-0.007860469,27.88109284,2.752352367,-1.540321349
304,55.74961036,40.66071429,0.44,0,0.48234283,1.021994797,-0.045489104,29.27978429,2.686264669,-0.985110062
306,66.87303559,21.04166667,0.92,0,-0.240256163,2.725442044,0.137523112,28.32805437,2.745358606,-1.362899742
307,72.20980909,23.13541667,0.72,0,-0.163140206,2.015672358,-0.175708169,33.37666332,0.999991258,0.641148171
308,59.82632294,20.34375,0.98,0,-0.265961482,2.93837295,0.257316514,28.08302934,2.757241271,-1.460162552
309,63.29043732,24.53846154,0.92,0,-0.111463956,2.725442044,-0.153051574,28.07680861,2.7461944,-1.462631876
310,32.06504157,89.98989201,0,0,2.29921054,-0.539498513,-0.462671499,27.90005206,2.725951672,-1.532795477
311,30.73205262,17.5,0,0,-0.370701066,-0.539498513,0.505463319,29.28417094,1.334137018,-0.983368779
313,21.87885304,23.92601777,0,0,-0.13402118,-0.539498513,-0.564610178,32.64676129,2.674457937,0.351413188
314,24.53316818,24.75,0,0,-0.103672676,-0.539498513,2.774520257,31.45593633,1.305664338,-0.121285394
315,6.794454169,42.6,0,0,0.553769635,-0.539498513,-0.392008463,31.30503005,2.676620317,-0.181187716
316,9.914091792,59,0,0,1.157806269,-0.539498513,-0.428053762,28.56682055,1.318009411,-1.268121383
317,15.31651919,39.8604927,0.19,0,0.452869467,0.134782689,-0.085435143,30.56715774,2.673846742,-0.47408651
318,13.83533833,13.4375,0,0,-0.520329043,-0.539498513,-0.447531357,36.67981011,1.331315621,1.952333986
319,13.1224736,165.4627266,0,0,5.078988403,-0.539498513,-0.330470564,22.4773062,2.925349398,-3.68535723
320,8.346414356,51.375,0,0,0.876966066,-0.539498513,0.538920434,30.67454366,2.681040633,-0.431459612
321,11.9414662,4.625,0.89,0,-0.844906655,2.618976591,-0.29033604,28.98325004,1.310822421,-1.102819486
322,12.56461798,32.25,0,0,0.172563589,-0.539498513,-0.331973157,32.04868067,2.674202138,0.114004776
323,18.68202961,19.15625,0.23,0,-0.309698891,0.276736626,1.510152151,34.17706514,1.313381558,0.958868086
324,17.11515715,22.24833286,0,0,-0.195812835,-0.539498513,-0.494315873,32.76730346,2.6747471,0.399262462
325,18.66955184,28.58333333,0,0,0.037514748,-0.539498513,-0.11187516,30.09858078,1.322046115,-0.660088374
326,29.99509701,27.375,0.01,0,-0.006989983,-0.504010029,-0.491381118,32.34975579,2.673722687,0.233516701
327,16.91216035,14.1875,0,0,-0.492705417,-0.539498513,-0.229455956,33.34647672,2.67724678,0.629165587
329,34.46641419,14.64044969,0.18,0,-0.476022599,0.099294205,-0.578226076,34.60812358,1.312256597,1.129976954
330,38.03061837,11.77115385,0.19,0,-0.581703075,0.134782689,-0.450099195,32.58538518,2.67404537,0.327049909
331,27.61732801,56.58333333,0,0,1.068796806,-0.539498513,-0.12586596,29.5946711,0.985711192,-0.860115582
332,21.63982464,44,0.04,0,0.605333738,-0.397544576,0.183630207,31.00765927,2.676082318,-0.299229203
333,21.80081988,28.125,0,0,0.020633643,-0.539498513,-0.615487986,32.34506316,2.674083591,0.231653958
334,18.20159175,12.29807692,0.65,0,-0.562295707,1.767252968,-0.46386801,30.28455139,2.702637545,-0.586267244
335,13.22515188,23.68666625,0.02,0,-0.142836856,-0.468521544,-0.492126323,31.84685694,1.306739978,0.033890744
336,15.15663825,9.875,0,0,-0.651541269,-0.539498513,-0.560273502,33.65633114,2.679337528,0.752162459
337,17.55596461,21.66666667,0.04,0,-0.217236474,-0.397544576,-0.543578415,31.23954347,0.983004305,-0.207182648
338,19.18916856,29,0.23,0,0.052861207,0.276736626,-0.098912397,32.99127455,0.98451128,0.488167903
339,19.66010076,21,0.29,0,-0.241790809,0.489667532,1.321175873,31.4303389,2.673482812,-0.131446307
340,7.815071437,33.75,0,0,0.227810842,-0.539498513,-0.533252938,31.94090521,2.67436474,0.071223255
341,10.51975685,13.7125,0,0,-0.51020038,-0.539498513,-0.319099876,33.38060561,2.677451361,0.642713068
342,15.0902498,4.75,0,0,-0.840302717,-0.539498513,-0.531107391,34.02456393,2.682503051,0.898332654
343,1.692181319,59.9375,0,0,1.192335802,-0.539498513,-0.317390125,30.05932546,2.687439866,-0.675670792
344,12.61211732,36.02083333,0,0,0.311449045,-0.539498513,1.992332025,31.09633015,1.312533632,-0.264031252
345,42.51832599,7.916666667,0,0,-0.723669628,-0.539498513,-0.464863428,33.79703798,2.680459936,0.80801611
346,36.58407032,21.35480769,0,0,-0.228722709,-0.539498513,-0.118304939,34.58185812,0.993878035,1.119550866
347,35.81281445,12.6234375,0,0,-0.550312188,-0.539498513,0.363655417,33.45885508,2.677944447,0.673774235
348,36.16562961,13.36458333,0,0,-0.523014674,-0.539498513,-0.124156197,33.40560353,2.677605247,0.652636004
350,47.17328307,20.78125,0,0,-0.2498477,-0.539498513,-0.000440462,32.74635314,0.820576177,0.390946222
351,41.56283106,20,0,0,-0.278622311,-0.539498513,0.837353532,35.43242254,1.315283514,1.457182849
352,38.26063121,8.175,0,0,-0.714154823,-0.539498513,-0.539404643,33.77847665,2.680305695,0.800648182
353,16.24254858,45.16666667,0,0,0.648303824,-0.539498513,3.83026685,29.85622412,0.983707707,-0.756291975
354,16.08545483,35.53125,0,0,0.293416955,-0.539498513,-0.387858165,32.91487522,0.983889195,0.457841149
355,15.94584987,43.3254468,0,0,0.580488931,-0.539498513,-0.468542172,31.25290648,2.67690341,-0.201878194
357,50.31956341,38.75,0.38,0,0.411968352,0.809063891,10.40464579,29.71224024,2.680969706,-0.813446452
358,56.70346788,25.96875,0,0,-0.058784283,-0.539498513,7.970514662,32.49999037,2.674213449,0.293152394
359,53.49829074,20.31666667,0,0,-0.266959002,-0.539498513,0.12850284,35.11727578,0.987200297,1.332085181
360,56.1217309,22.0049999,0,0,-0.204775153,-0.539498513,-0.036129924,32.784787,2.674795657,0.406202565
361,75.28004348,14.44861111,0,0,-0.483088302,-0.539498513,-0.448034227,32.18755753,1.308324399,0.16913202
362,80.97858929,24.65833333,0.04,0,-0.107048898,-0.397544576,0.00273318,32.35549772,0.982530314,0.235795963
363,61.33832079,11.75,0,0,-0.582482203,-0.539498513,-0.603922111,33.52161183,2.67836408,0.698685558
364,62.85329608,37.4375,0.01,0,0.363627006,-0.504010029,2.20038338,31.62676214,2.674690886,-0.053476
365,62.41839854,13.58333333,0,0,-0.514957783,-0.539498513,-0.59659147,33.38988628,2.677508093,0.646397033
366,55.16235487,39.625,0,0,0.444195917,-0.539498513,-0.161370481,29.41050776,0.823471881,-0.933219315
367,54.84637247,64.6875,0,0,1.367285437,-0.539498513,1.271291664,29.71803654,2.691873093,-0.811145607
368,51.34519346,79.25,0,0,1.903644186,-0.539498513,-0.488464506,28.67171653,2.709353489,-1.22648287
369,46.70599315,30.97222222,0,0,0.125501114,-0.539498513,-0.422823969,32.14048938,2.67411389,0.150448294
370,50.68075759,25.94666586,0.04,0,-0.059597675,-0.397544576,-0.419699084,32.30479675,2.67278188,0.215670188
371,32.78655797,20.875,0,0,-0.246394747,-0.539498513,-0.335996103,32.86597784,2.675043108,0.438431307
372,30.24591204,22.625,0,0,-0.181939618,-0.539498513,3.831741666,32.74023981,2.674675242,0.388519533
373,28.51585622,20.625,0,0,-0.255602622,-0.539498513,-0.581594943,31.01875626,1.310219892,-0.294824246
374,26.61774371,24.33333333,0,0,-0.119019136,-0.539498513,1.427380777,32.61749555,2.674399755,0.339796135
375,9.276440808,28.8125,0.04,0,0.045955301,-0.397544576,-0.208603877,30.20594051,1.310431265,-0.617471875
376,7.816331932,13.25,0,0,-0.52723495,-0.539498513,-0.480485731,33.41383638,2.677656675,0.655904037
377,11.62363346,32,0,0,0.163355714,-0.539498513,1.336999331,32.06664324,2.674181234,0.121135029
378,24.75306716,30.58628403,0,0,0.111286431,-0.539498513,-0.404872497,32.16821916,2.674096329,0.161455642
379,76.0852472,2.25,0.05,0,-0.932381473,-0.362056091,-0.591653742,37.10856832,0.994477955,2.122529776
380,70.72507599,20.4375,0,0,-0.262508529,-0.539498513,1.077990917,36.24639942,1.332069239,1.780291392
382,47.78177221,6.625,0.2,0,-0.771243651,0.170271173,-0.607181038,35.13078024,1.312897867,1.337445785
390,38.94282047,7.125,0,0,-0.7528279,-0.539498513,-0.265997451,33.85391947,2.680944299,0.830595246
392,27.88887454,9,0,0,-0.683768834,-0.539498513,-0.546193351,33.5177616,1.311506098,0.697157209
399,1.634511531,18.30729167,0,0,-0.340967301,-0.539498513,-0.543667807,33.05046845,2.675739706,0.511664952
400,11.02135686,9.1875,0.11,0,-0.676862927,-0.149125185,-0.267416612,33.16458222,2.67594056,0.556962471
404,18.58447562,6.25,0.38,0,-0.785055464,0.809063891,-0.360938131,32.04737501,2.681390177,0.113486494
407,4.898830407,18.25625,0,0,-0.342847243,-0.539498513,-0.529994377,33.05413581,2.675755443,0.513120712
409,0.12523139,8.075,0.25,0,-0.717837973,0.347713595,-0.380697369,32.5557844,2.676240888,0.315299863
414,1.39099936,12.75,0,0,-0.545650701,-0.539498513,-0.260499435,33.44976153,2.677885426,0.670164544
418,19.00912769,25.125,0,0,-0.089860863,-0.539498513,0.143568644,31.3955118,1.30831647,-0.145270939
421,1.534884781,11.5,0,0,-0.591690079,-0.539498513,-0.309176682,33.5395744,2.678488149,0.705815811
422,1.312715693,8.640625,0,0,-0.697005155,-0.539498513,-0.52711799,33.74502136,2.680032429,0.787368085
423,1.968059073,9.944444444,0,0,-0.648983526,-0.539498513,-0.579594662,33.65134154,2.679299708,0.750181833
424,5.118439338,65.83333333,0.02,0,1.4094882,-0.468521544,1.983101479,29.53731788,2.692639619,-0.882881969
425,5.139352706,30.75,0.11,0,0.117316336,-0.149125185,0.078341588,33.69345745,0.995186612,0.766899765
426,17.89102317,39.625,0.01,0,0.444195917,-0.504010029,-0.085301612,31.46958961,2.675280713,-0.115865717
429,12.48018594,23.4,0,0,-0.153395204,-0.539498513,-0.032232644,32.68455583,2.674540025,0.366415748
431,15.24169113,6.925,0.28,0,-0.760194201,0.454179048,-0.469174639,32.49082697,2.677404375,0.289514978
432,14.38120165,25,0,0,-0.094464801,-0.539498513,-0.203642264,35.69303053,1.329232379,1.560631325
434,10.98017888,7.125,0.17,0,-0.7528279,0.063805721,-0.212894943,33.01760291,2.676281755,0.498618961
435,9.879366055,6.75,0,0,-0.766639713,-0.539498513,-0.168374738,33.88086333,2.681179883,0.841290626
436,35.94516327,11,0.01,0,-0.61010583,-0.504010029,-0.327950235,33.52630446,2.678275367,0.700548301
437,38.39384172,3.375,0.34,0,-0.890946033,0.667109954,-0.178230863,32.45072499,2.68114681,0.273596476
439,36.82050281,7.25,0,0,-0.748223962,-0.539498513,-0.563290686,33.84493818,2.680866649,0.82703012
441,35.77299394,10.625,0,0,-0.623917643,-0.539498513,-0.409950616,33.60244342,2.678936262,0.730771698
443,24.09594334,12.83333333,0.59,0,-0.542581409,1.554322062,-0.463567127,30.54126361,2.695667817,-0.484365199
446,46.63956659,5.458333333,0.02,0,-0.814213737,-0.468521544,-0.386327208,33.87527979,2.681065225,0.839074236
448,28.53331682,19.925,0.15,0,-0.281384674,-0.007171248,0.415484052,32.19630925,2.671652695,0.172606018
449,26.00407139,27.75,0,0,0.00682183,-0.539498513,-0.253700577,26.87377409,1.373307604,-1.940177044
450,28.51932219,28.75,1,0,0.043653332,3.009349919,-0.071288398,27.38064757,2.7641396,-1.738973357
451,40.116295,13,0.71,0,-0.536442826,1.980183874,-0.164888189,30.36725955,0.991301409,-0.553436201
454,35.17752069,41.75,0.59,0,0.522462859,1.554322062,-0.272896067,28.76195592,1.306045342,-1.190662299
456,42.35147927,8.664772727,0.24,0,-0.696115758,0.312225111,-0.37675246,34.14128183,1.315991819,0.944663884
457,36.42220814,26,0.12,0,-0.057633299,-0.113636701,-0.474250214,31.90740395,2.671173393,0.05792491
458,27.85199083,14.25,0.03,0,-0.490403448,-0.43303306,-0.367374858,33.1944008,2.675944595,0.568798973
460,54.11891651,1.5,0.94,0,-0.960005099,2.796419013,-0.084161747,29.63373881,2.750632215,-0.844607632
465,38.54623431,26.25,0.48,0,-0.048425423,1.163948734,-0.535800783,30.11841808,2.684781932,-0.652213948
467,56.78081168,6.0625,0.95,0,-0.791961371,2.831907497,-0.076853466,29.25672673,2.751298319,-0.994262774
468,57.44736927,10,0.81,0,-0.646937332,2.335068717,-0.50784153,29.66254745,2.725705839,-0.83317203
472,62.496626,12.875,0.4,0,-0.541046763,0.88004086,0.182691482,31.47297658,2.679986336,-0.114521255
475,11.11985014,28.25,0.11,0,0.025237581,-0.149125185,-0.458963145,31.79493586,2.671266091,0.013280646
483,8.615911898,11.375,0,0,-0.596294016,-0.539498513,-0.174813576,35.86922491,1.317749716,1.630571774
485,0.71176584,36.90625,0,0,0.344060271,-0.539498513,-0.499141996,31.7141277,2.674914943,-0.018796194
486,74.76490874,4.75,0.97,0,-0.840302717,2.902884466,-0.495780503,25.08258498,1.338296214,-2.651190482
487,74.89981671,12.83333333,0.63,0,-0.542581409,1.696275999,-0.084519349,31.54693771,1.313279487,-0.085162347
488,78.25151283,26.234375,1,0,-0.049000916,3.009349919,-0.055431441,27.56139598,2.763127772,-1.667225182
489,65.37645602,11.975,0.94,0,-0.574195115,2.796419013,-0.366851857,28.88110691,2.748594452,-1.143365251
490,62.63918634,22.5,0.26,0,-0.186543556,0.383202079,-0.055263808,38.30507952,1.39356167,2.597485515
491,63.85942412,19.29166667,0.29,0,-0.304711292,0.489667532,-0.39461888,31.55308316,2.673690166,-0.082722909
492,65.74258823,6.5,0.06,0,-0.775847589,-0.326567607,-0.502544676,33.60365536,2.678811969,0.731252779
495,60.5171969,21.6,0.08,0,-0.219691908,-0.255590638,-0.307165226,32.42032564,2.672272452,0.261529438
496,59.45113343,8.0625,0.32,0,-0.718298367,0.596132985,-0.556250591,32.21231689,2.678030604,0.178960258
500,29.76651225,12.375,0,0,-0.559462514,-0.539498513,0.24244343,38.16301817,1.352833729,2.541094189
501,23.58881964,5.75,0,0,-0.803471215,-0.539498513,-0.548808199,32.89770043,1.312224254,0.451023606
502,23.42632069,6.25,0,0,-0.785055464,-0.539498513,-0.540494211,33.91678848,2.681500143,0.855551133
504,22.77636984,9.5,0,0,-0.665353083,-0.539498513,1.017036669,32.71292302,1.305158711,0.37767612
508,31.58163162,7,0.31,0,-0.757431838,0.560644501,-0.263600531,36.55684231,1.344855898,1.903521856
509,32.77671919,7,0.31,0,-0.757431838,0.560644501,1.990320714,32.33785292,2.678195189,0.228791852
510,25.07363283,10.5,0.05,0,-0.628521581,-0.362056091,0.66668251,35.19734252,1.317873031,1.363867715
511,47.99101204,30.5,0,0,0.10810846,-0.539498513,-0.463254253,30.33267987,0.99054873,-0.567162621
517,39.35941697,43.875,0,0,0.6007298,-0.539498513,1.63415839,31.21342092,2.677127757,-0.217552009
518,26.83718281,4.75,0.38,0,-0.840302717,0.809063891,-0.55618354,33.7916588,1.315948406,0.805880843
527,49.85706272,7.25,0,0,-0.748223962,-0.539498513,-0.536806511,33.84493818,2.680866649,0.82703012
528,46.07343911,5.25,0,0,-0.821886966,-0.539498513,-0.070215649,33.98863878,2.68216173,0.884072147
533,89.99365547,14.75,0.13,0,-0.471987697,-0.078148217,-0.240552493,32.66652474,2.673218804,0.359258298
534,89.55772342,28.5,0.46,0,0.034445456,1.092971766,-0.064449473,30.05514509,2.683500774,-0.677330196
535,80.64929757,31,0,0,0.126524211,-0.539498513,-0.410855825,32.13849354,2.674115317,0.149656043
536,27.02503512,13.71875,0,0,-0.509970183,-0.539498513,0.559303073,33.38015655,2.677448628,0.642534812
541,4.929816547,20.1875,0,0,-0.271716405,-0.539498513,-0.401703685,32.91537492,2.675211338,0.458039504
542,5.955977405,11.375,0,0,-0.596294016,-0.539498513,-0.519123553,34.35470544,1.307712021,1.029382495
543,8.128466478,17.5,0,0,-0.370701066,-0.539498513,1.940570384,33.1084726,2.675997243,0.534689729
544,2.45148756,19.125,0.15,0,-0.310849875,-0.007171248,-0.379577654,32.25378949,2.671815881,0.195422829
545,3.682189435,3.125,0,0,-0.900153908,-0.539498513,-0.523061559,34.14132067,2.68366078,0.944679301
548,9.190451788,15.25,0,0,-0.453571946,-0.539498513,-0.453196947,33.27013578,2.676812224,0.59886201
550,26.30754836,16.75,0.02,0,-0.398324693,-0.468521544,-0.438580385,33.06397014,2.675399167,0.517024455
553,40.08436192,9,0,0,-0.683768834,-0.539498513,-0.439194451,34.69741244,1.312835007,1.165420215
555,39.22588642,6.125,0,0,-0.789659402,-0.539498513,-0.59641267,33.92576977,2.681581306,0.85911626
558,91.98467836,29.6875,0.89,0,0.078182865,2.618976591,0.025395599,24.57296202,1.324715852,-2.853485578
559,91.56391248,19.5,0.82,0,-0.297038062,2.370557201,-0.241189475,28.9307745,2.72706369,-1.123649677
565,32.60452176,17.875,0,0,-0.356889253,-0.539498513,-0.353831017,33.08152874,2.675875321,0.523994349
567,32.5816625,25.125,0.03,0,-0.089860863,-0.43303306,-0.116613205,32.41302878,2.673174182,0.258632949
570,14.99695856,77,0,0,1.820773306,-0.539498513,0.115374725,28.83337971,2.70627235,-1.162310589
572,56.29404429,75,0.99,0,1.747110302,2.973861435,-0.577370889,24.10676626,2.810895577,-3.038542226
574,56.53897857,27,0.05,0,-0.020801797,-0.362056091,1.422016758,32.17991929,2.672432907,0.166100014
576,31.88510524,19,0.4,0,-0.315453813,0.88004086,-0.542779232,30.26949701,1.306714999,-0.592243089
581,9.99503296,7.3125,0,0,-0.745921993,-0.539498513,-0.427450295,33.84044754,2.680827989,0.825247556
585,8.439586471,20.375,0,0,-0.264810498,-0.539498513,-0.222751096,32.90190299,2.675164131,0.452691814
586,10.47545614,56.125,0,0,1.051915701,-0.539498513,-0.528559558,30.33325474,2.684336956,-0.566934427
589,18.53751563,5.5,0,0,-0.812679091,-0.539498513,-0.550886707,33.97067621,2.681993701,0.876941894
590,10.68910278,24.125,0,0,-0.126692365,-0.539498513,-0.138873364,32.63246436,2.674428927,0.345738013
591,8.651898617,12.75,0.15,0,-0.545650701,-0.007171248,-0.147723773,32.71183516,2.673763919,0.377244292
592,27.0654855,9.75,0.06,0,-0.656145207,-0.326567607,-0.163547214,33.37014188,2.676967202,0.638559484
593,19.16799796,8.125,0,0,-0.715996398,-0.539498513,-0.597887741,33.78206917,2.680335401,0.802074233
594,26.18494152,22.4375,0,0,-0.188845525,-0.539498513,-0.582734769,32.75371174,2.67471051,0.393867223
597,41.0487986,3.75,0,0,-0.87713422,-0.539498513,-0.593462537,34.09641423,2.683206737,0.926853668
601,83.76012796,18.625,0.31,0,-0.329265626,0.560644501,-0.068003039,31.50259318,2.6744804,-0.102764933
602,84.34824057,5.75,0.24,0,-0.803471215,0.312225111,-0.554037989,32.77203144,2.677297326,0.401139237
604,86.56405291,14.1875,0.26,0,-0.492705417,0.383202079,-0.570666026,35.0491564,1.329227429,1.30504516
605,78.19225445,2.75,0.06,0,-0.913965722,-0.326567607,-0.23944619,33.87309399,2.681309786,0.838206581
606,72.35405865,23,0,0,-0.168127805,-0.539498513,1.19271085,32.71329595,2.674607691,0.377824153
607,65.5011349,6.958333333,0.02,0,-0.758966484,-0.468521544,-0.357719838,33.76750434,2.680105677,0.796292715
608,75.7940323,20.5,0.18,0,-0.26020656,0.099294205,-0.603788013,32.00741005,2.671538895,0.097622385
609,46.67184663,11.375,0,0,-0.596294016,-0.539498513,-0.470361398,33.54855569,2.678550844,0.709380938
610,43.53942142,4.9375,0,0,-0.833396811,-0.539498513,-0.62289685,34.011092,2.682374233,0.892984964
611,41.66239898,6,0.11,0,-0.79426334,-0.149125185,-0.589439624,36.66864104,1.331428594,1.94790042
612,37.69642874,12.125,0,0,-0.56867039,-0.539498513,-0.460304115,33.49466797,2.67818128,0.687990178
613,38.94921657,3.5,0,0,-0.886342095,-0.539498513,-0.602312945,34.11437681,2.68338704,0.933983921
614,30.35077402,13.625,0,0,-0.513423137,-0.539498513,-0.488062215,33.38689252,2.677489741,0.645208657
615,31.68613156,5.125,0,0,-0.826490904,-0.539498513,-0.553367503,33.99762007,2.682246402,0.887637274
616,33.22264051,26.25,0,0,-0.048425423,-0.539498513,-0.473847932,31.56767135,1.30732822,-0.07693212
617,24.3303482,9.5,0.08,0,-0.665353083,-0.255590638,-0.437239414,33.28971427,2.676492875,0.606633704
618,25.5447928,9.75,0,0,-0.656145207,-0.539498513,-0.519709131,33.66531243,2.679405945,0.755727585
619,27.46762251,15,0,0,-0.462779821,-0.539498513,0.582881909,30.82317,1.32451222,-0.372462311
620,8.33516041,7.05,0,0,-0.755590263,-0.539498513,-0.535800801,31.22592953,1.317507045,-0.21258671
621,11.17249952,18.75,0,0,-0.324661689,-0.539498513,-0.454672037,33.01865972,2.675606299,0.499038462
622,12.22290727,26.10227273,0,0,-0.053866441,-0.539498513,-0.429266732,32.49039672,2.674201583,0.28934419
623,11.94016347,17.9375,0,0,-0.354587284,-0.539498513,-0.554105037,33.07703809,2.675855387,0.522211785
624,14.23687695,7.125,0,0,-0.7528279,-0.539498513,-0.569861447,33.85391947,2.680944299,0.830595246
627,13.31757702,50.6875,0,0,0.851644408,-0.539498513,0.029083255,30.72394075,2.680616017,-0.411851415
629,16.26025438,2.5625,0,0,-0.920871628,-0.539498513,-0.600703779,34.18173647,2.684078779,0.960722372
630,32.90791253,29.75,0.97,0,0.080484834,2.902884466,-0.267338388,27.45638254,2.758213659,-1.70891032
631,22.15208966,26.5,0.25,0,-0.039217548,0.347713595,0.468452407,31.23194261,2.672171814,-0.210199815
638,19.2651066,25.625,0.15,0,-0.071445112,-0.007171248,-0.192780399,33.24087788,0.983675101,0.587248073
639,16.2794622,10,0,0,-0.646937332,-0.539498513,0.088823471,37.71871744,1.345216191,2.364728785
643,25.01131951,43.1375,0,0,0.573566568,-0.539498513,0.169416073,31.26641052,2.676828641,-0.196517761
644,21.53838221,7.625,0,0,-0.734412149,-0.539498513,-0.505823376,33.81799432,2.680636335,0.816334739
645,30.04658191,28.75,0,0,0.043653332,-0.539498513,0.18617787,32.30015672,2.674070571,0.213828324
646,24.59263026,92.4375,0,0,2.389359619,-0.539498513,0.01349424,27.72419069,2.73016807,-1.602603738
650,52.62846138,26.25,0.13,0,-0.048425423,-0.078148217,0.495406013,31.84024628,2.671084582,0.03126664
652,79.15242527,24.97916667,0,0,-0.095232124,-0.539498513,-0.536940619,32.57109223,2.674317132,0.321376313
653,80.94636603,9.8125,0,0,-0.653843238,-0.539498513,-0.562620207,33.66082179,2.679371681,0.753945022
654,81.50849614,12.25,0,0,-0.564066452,-0.539498513,-0.567313602,33.48568668,2.678121228,0.684425051
655,78.95607305,7.125,0,0,-0.7528279,-0.539498513,-0.553233406,33.85391947,2.680944299,0.830595246
656,84.63123148,4,0.19,0,-0.867926344,0.134782689,-0.608146169,33.14374492,2.678044442,0.548691095
657,80.42571208,9.375,0,0,-0.66995702,-0.539498513,-0.470495497,33.69225629,2.679613838,0.766422965
658,88.84990511,8.25,0.38,0,-0.71139246,0.809063891,-0.511193965,31.90367441,2.680502536,0.056444467
659,85.02474415,15.4375,0.66,0,-0.446666039,1.802741452,-0.362145033,30.00978781,2.703474234,-0.69533479
660,78.14379825,19.5,0,0,-0.297038062,-0.539498513,-0.341225889,32.964772,2.67539294,0.477647701
661,77.31003593,1,0,0,-0.97842085,-0.539498513,-0.551892435,34.29400256,2.685286378,1.005286455
662,90.07444196,6.25,0.31,0,-0.785055464,0.560644501,1.731781197,32.39174065,2.678565915,0.250182612
663,65.94004934,10.25,0,0,-0.637729456,-0.539498513,-0.450447978,33.62938728,2.679134914,0.741467078
664,69.93735162,28.625,0,0,0.039049394,-0.539498513,0.882276063,32.30913801,2.67407229,0.217393451
665,57.69191483,34.5,0,0,0.255434469,-0.539498513,-0.350076298,31.88701749,2.674469935,0.049832495
666,55.91902891,39.625,0,0,0.444195917,-0.539498513,0.098076176,31.5187847,2.6756149,-0.0963377
667,67.52192335,29.75,0.15,0,0.080484834,-0.007171248,7.81536455,31.49038004,2.671128339,-0.107612942
668,59.49555609,32.5,0,0,0.181771465,-0.539498513,2.027063014,32.03071809,2.674224814,0.106874523
669,37.70606081,6.25,0,0,-0.785055464,-0.539498513,-0.551791854,33.91678848,2.681500143,0.855551133
670,31.9888911,5.5,0,0,-0.812679091,-0.539498513,-0.295498778,33.97067621,2.681993701,0.876941894
672,34.26328774,6,0,0,-0.79426334,-0.539498513,-0.611163354,33.93475106,2.681662907,0.862681387
673,25.61420893,7.0625,0,0,-0.755129869,-0.539498513,-0.612370228,35.04755367,1.309533072,1.304408954
674,33.01377053,22.875,0,0,-0.172731743,-0.539498513,0.03116176,32.72227723,2.674629766,0.38138928
675,15.4209343,26.5,0,0,-0.039217548,-0.539498513,0.046716986,32.46181989,2.674169229,0.278000605
676,17.74784586,18.25,0,0,-0.34307744,-0.539498513,-0.07651818,33.05458487,2.675757375,0.513298968
677,19.43982423,10,0,0,-0.646937332,-0.539498513,-0.536806511,33.64734986,2.67926955,0.748597332
678,24.95488179,9.6875,0,0,-0.658447176,-0.539498513,-0.555580106,33.66980307,2.679440319,0.757510149
679,26.04491502,30.75,0,0,0.117316336,-0.539498513,-0.360938163,32.15645612,2.674103263,0.156786297
680,6.037867841,18.375,0,0,-0.338473502,-0.539498513,-0.427718524,32.69202064,1.303250362,0.36937891
681,1.660722304,18.20833333,0.21,0,-0.344612086,0.205759658,-0.327972626,32.02448172,2.672182632,0.104398991
682,13.72175351,17.25,0,0,-0.379908942,-0.539498513,1.533585329,33.12643518,2.676080732,0.541819982
684,14.86154072,7.6875,0,0,-0.73211018,-0.539498513,-0.464293534,33.81350368,2.680598334,0.814552176
686,25.59977422,9.5,0,0,-0.665353083,-0.539498513,0.436403321,33.68327501,2.679544101,0.762857839
687,24.74621204,18.16666667,0,0,-0.346146731,-0.539498513,-0.443776649,33.45966529,1.306429028,0.674095847
688,4.671853484,9,0,0,-0.683768834,-0.539498513,-0.574051981,33.71920016,2.67982569,0.777118346
689,0.151509348,9.25,0,0,-0.674560958,-0.539498513,-0.573347972,33.70123758,2.679684016,0.769988092
693,22.8519751,8.875,0,0,-0.688372772,-0.539498513,-0.462851941,33.72818144,2.679897187,0.780683472
694,26.91676485,9.125,0.05,0,-0.679164896,-0.362056091,-0.144237248,34.79603728,1.306571804,1.204569396
696,33.92732227,8.75,0,0,-0.692976709,-0.539498513,-0.608146169,33.73716273,2.679969124,0.784248599
697,26.46920278,8.5,0.06,0,-0.702184585,-0.326567607,-0.487794021,33.45995476,2.677641517,0.674210752
698,42.33498227,6.75,0,0,-0.766639713,-0.539498513,-0.575929337,33.88086333,2.681179883,0.841290626
699,46.35651636,10.25,0.13,0,-0.637729456,-0.078148217,-0.371129543,32.98985109,2.675073062,0.48760286
703,81.8650616,3.75,0,0,-0.87713422,-0.539498513,-0.475680584,34.09641423,2.683206737,0.926853668
706,5.516317101,14.71354167,0,0,-0.473330512,-0.539498513,-0.482402205,33.30868047,2.677027649,0.614162345
707,10.18295654,19.25,0,0,-0.306245938,-0.539498513,-0.583271157,32.98273457,2.675462292,0.484777955
708,17.45516782,18,0.01,0,-0.352285315,-0.504010029,1.604321903,33.02335236,2.675401268,0.500901205
709,22.45559234,18.0625,0.03,0,-0.349983346,-0.43303306,-0.528827734,32.92047153,2.67459242,0.460062608
710,16.79992612,6.375,0.58,0,-0.780451527,1.518833578,-0.558094407,31.05449189,2.696440608,-0.280638968
711,32.01170602,10.3125,0.66,0,-0.635427487,1.802741452,-0.123452197,30.3780206,2.704264402,-0.549164595
712,7.229927104,17.25,0,0,-0.379908942,-0.539498513,0.066563395,33.12643518,2.676080732,0.541819982
713,14.39881484,10.75,0,0,-0.619313705,-0.539498513,0.917812016,33.59346213,2.678870925,0.727206571
715,15.67163939,7.25,0,0,-0.748223962,-0.539498513,-0.176085309,33.84493818,2.680866649,0.82703012
716,4.548188158,23.5,0,0,-0.149712054,-0.539498513,0.689042139,28.09467266,1.349879891,-1.45554073
717,39.22671448,15.5,0,0,-0.44436407,-0.539498513,-0.333314166,36.09703072,0.993925934,1.72099941
718,38.30734568,5.9375,0,0,-0.796565309,-0.539498513,-0.428791297,33.9392417,2.681703872,0.86446395
719,36.95975248,23.5,0,0,-0.149712054,-0.539498513,-0.39432837,32.6773708,2.674523816,0.363563646
720,35.84367735,8.125,0,0,-0.715996398,-0.539498513,0.367075265,33.78206917,2.680335401,0.802074233
721,54.81373777,4,0,0,-0.867926344,-0.539498513,1.009668307,34.07845166,2.683028186,0.919723414
722,41.69939543,18.5,0,0,-0.333869564,-0.539498513,-0.502544676,33.0366223,2.675680953,0.506168715
724,44.54287333,4.125,0,0,-0.863322406,-0.539498513,0.071927265,34.06947037,2.682939568,0.916158288
725,55.91605427,5.5625,0,0,-0.810377122,-0.539498513,-0.518167008,33.96618556,2.681951967,0.87515933
726,54.35020461,11.25,0,0,-0.600897954,-0.539498513,-0.445955704,33.55753698,2.67861398,0.712946065
727,62.22666532,6.5625,0.72,0,-0.77354562,2.015672358,-0.504883019,30.35228868,2.71308004,-0.559378894
728,58.80601584,12.375,0.14,0,-0.559462514,-0.042659732,-0.460304076,33.03577989,0.991960142,0.505834321
729,62.59495828,13.58333333,0,0,-0.514957783,-0.539498513,-0.466103819,33.38988628,2.677508093,0.646397033
730,59.31483683,6.1875,0.12,0,-0.787357433,-0.113636701,0.326577675,33.33093803,2.677411853,0.622997495
731,52.57174365,5.625,0,0,-0.808075153,-0.539498513,0.590614866,33.96169492,2.681910344,0.873376767
732,39.06996498,5.5,0,0,-0.812679091,-0.539498513,-0.496510333,33.97067621,2.681993701,0.876941894
733,49.3469528,12.25,0,0,-0.564066452,-0.539498513,-0.491682854,33.48568668,2.678121228,0.684425051
736,7.657392794,11.25,0,0,-0.600897954,-0.539498513,-0.500935537,33.55753698,2.67861398,0.712946065
742,7.389327518,12.25,0.06,0,-0.564066452,-0.326567607,0.321012786,33.19051613,2.675750766,0.56725695
744,31.06556908,10.15625,0,0,-0.64118241,-0.539498513,0.123923478,33.63612325,2.679185196,0.744140923
745,47.55917642,8.75,0.38,0,-0.692976709,0.809063891,2.986125481,31.86774926,2.680298243,0.04218396
746,35.68186798,4.3125,0,0,-0.8564165,-0.539498513,-0.078127377,34.05599844,2.682807462,0.910810597
747,33.69585581,8.5,0.23,0,-0.702184585,0.276736626,1.632214099,32.6236382,2.675761226,0.342234466
748,31.90377418,14.6875,0.04,0,-0.474289666,-0.397544576,1.879355057,33.1137712,2.675397701,0.536793013
749,29.50900803,8.75,0,0,-0.692976709,-0.539498513,0.150105889,33.73716273,2.679969124,0.784248599
752,27.26072779,8.75,0.01,0,-0.692976709,-0.504010029,2.065682979,33.68796764,2.679492729,0.764720582
754,-,26.75,0,0,-0.030009672,-0.539498513,-0.280681067,32.44385732,2.674151186,0.270870352
755,-,3.75,0.81,0,-0.87713422,2.335068717,-0.102197807,30.11161183,2.727277317,-0.654915694
756,-,18.125,0,0,-0.347681377,-0.539498513,-0.387187671,33.06356616,2.675796249,0.516864095
765,-,34.25,0,0,0.246226593,-0.539498513,0.545960532,28.94672295,1.326432434,-1.117318931
766,-,33.5,0,0,0.218602967,-0.539498513,-0.381455001,31.95886779,2.674333215,0.078353509
767,-,9.5,0.01,0,-0.665353083,-0.504010029,-0.35879261,33.63407991,2.679071099,0.743329822
772,-,22.125,0,0,-0.200355369,-0.539498513,-0.416856655,32.77616496,2.674771502,0.40278004
773,-,33,0.38,0,0.200187216,0.809063891,0.787067036,30.12537946,2.678870348,-0.649450623
774,-,16,0,0,-0.425948319,-0.539498513,-0.397144381,33.21624805,2.676524672,0.577471249
775,-,5.375,0.96,0,-0.817283029,2.867395982,-0.527084472,29.25692872,2.75339421,-0.994182594
776,-,38.5,0,0,0.402760477,-0.539498513,0.01916007,31.56521769,1.310150296,-0.077906101
777,-,16.3125,0.32,0,-0.414438475,0.596132985,-0.351417269,31.61955191,2.675286882,-0.056338105
781,-,3.25,0.97,0,-0.895549971,2.902884466,-0.497583109,29.36041551,2.75588986,-0.953103456
