"","Pool_ID","lat","long","DistRC_m","Depth_cm","SurfArea_cm2","Volume_cm3","Pct_Shaded","Notes","MaxRTemp_Z","Depth_Z","Pct_Shaded_Z","fit","se.fit"
"1","1",37.52519811,-77.45640303,"100.986416",12.08333333,"744.0338818","8915.839436",0.71,"-",0,-0.570205035870929,1.98018387374791,30.8802151771067,1.33563809860865
"2","2",37.52521135,-77.456398,"99.57518957",6.9,"4576.2006","31084.802",0.58,"-",0,-0.761114988072721,1.51883357759846,30.9809885730049,2.70186651589907
"3","3",37.52522095,-77.45638146,"99.19268909",23.6875,"3033.6005","71422.145",0.42,"-",0,-0.142806147304501,0.95101782849143,30.6207998270714,2.68169976228924
"4","4",37.52523002,-77.45637803,"98.2257691",16.41666667,"870.2211587","14125.77944",0.43,"-",0,-0.410601860048581,0.986506312810619,26.7788209045551,1.35455024904597
"5","5",37.52523329,-77.45638291,"97.57185322",17.09375,"1917.353465","32403.5396",0.58,"-",0,-0.385663863987477,1.51883357759846,30.2893912020372,2.6931113431923
"6","6",37.52528941,-77.45647507,"85.93776715",9.125,"925.98445","7897.964",0.06,"-",0,-0.679164895997708,-0.326567606999377,33.358391456229,1.30352760926705
"8","8",37.52532728,-77.45645595,"82.13582796",8.25,"848.23","6785.84",0.27,"-",0,-0.71139246029687,0.418690563703594,32.4364032707695,2.67584657996367
"10","10",37.5255603,-77.4566013,"45.64570306",15.0625,"1810.539","27149.2525",0,"-",0,-0.460477852539104,-0.539498512914512,35.0420221698671,1.31744245328578
"11","11",37.52555263,-77.45662282,"45.53671558",26,"1789.92241","46537.9828",0,"-",0,-0.0576332987995712,-0.539498512914512,31.2352311179227,1.3129883297209
"12","12",37.52537433,-77.4564894,"74.56374131",7.8125,"758.6946058","5038.721937",0.03,"-",0,-0.727506242446452,-0.433033059956945,33.6656857657159,2.6784968037647
"13","13",37.52520521,-77.45638018,"101.232877",22.75,"2399.195173","55227.43182",0.23,"-",0,-0.177335680482175,0.276736626426837,27.5110619189307,1.34704256746351
"14","14",37.52522482,-77.45637103,"99.22618612",17.9,"3235.05523","54963.22413",0.91,"-",0,-0.355968465454677,2.6899535601317,28.2228357577951,1.32230079962938
"15","15",37.52536445,-77.45656074,"72.2525817",11.625,"2865.1325","31516.4575",0,"-",0,-0.587086140857243,-0.539498512914512,37.2676566595607,0.994415048452971
"16","16",37.5253277,-77.45656179,"76.8139801",21.1996348,"1138.127495","26868.94311",0,"-",0,-0.234437959533814,-0.539498512914512,31.9003647389799,0.99141101525555
"18","18",37.52536918,-77.45664537,"67.44520974",21,"827.0242661","17367.50959",0,"-",0,-0.241790809080501,-0.539498512914512,32.6708396513418,1.30329939621724
"22","22",37.52551164,-77.45677258,"43.22774168",14.25,"725.7079","10159.91",0,"-",0,-0.490403447959755,-0.539498512914512,35.9897242659521,0.825369851319922
"23","23",37.52574749,-77.45662479,"21.59512379",14.75,"1148.252115","16936.71869",0,"-",0,-0.471987696931662,-0.539498512914512,38.0454486072123,1.01239715073488
"24","24",37.52579633,-77.45660976,"17.05037605",9.75,"678.71094","6617.432",0,"-",0,-0.656145207212591,-0.539498512914512,39.4926978014513,1.37623136470813
"25","25",37.52581622,-77.45655845,"18.17108161",15.75,"2097.013096","33027.95627",0,"-",0,-0.435156194875476,-0.539498512914512,33.240276863224,2.67574802459902
"26","26",37.52582803,-77.45654113,"17.97164681",17.875,"8340.928","141795.8",0.59,"-",0,-0.356889253006081,1.55432206191764,30.1872510283055,2.6943640074112
"28","28",37.52585763,-77.45654034,"14.67008979",39.04166602,"2572.214926","108102.8493",1,"-",0,0.422710850032148,3.0093499190044,26.8074874074423,2.9061573467309
"30","30",37.52581369,-77.45642692,"27.10394331",15.75,"1432.566","21488.49",0.01,"-",0,-0.435156194875476,-0.504010028595323,33.1909713696762,2.67529650326726
"31","31",37.52585458,-77.45635773,"27.01934332",5.625,"2643.650218","14870.53248",0.2,"-",0,-0.808075153194358,0.17027117346927,32.9717732097858,2.67620164234655
"32","32",37.52597424,-77.45638878,"11.42343927",32.70833333,"4847.21558","163650.9502",0,"-",0,0.189444694037904,-0.539498512914512,30.0192331966512,0.985023906198226
"33","33",37.52589122,-77.45656788,"9.055432204",14.875,"3699.2255","53485.615",0.92,"-",0,-0.467383759174639,2.72544204445088,28.7611642956095,2.74414833203768
"39","40",37.52599484,-77.45653859,"0.757384865",9,"1253.495469","11281.45922",0,"-",0,-0.683768833754731,-0.539498512914512,33.7294435368335,2.67931231810622
"40","41",37.5259972,-77.45650891,"0.92567306",10.65,"1153.592841","13168.73135",0,"-",0,-0.622996855362024,-0.539498512914512,33.6098694610623,2.67830561123628
"41","42",37.52607973,-77.45643671,"3.670865039",51.325,"13239.77049","670126.3621",0.18,"-",0,0.875124490773336,0.0992942048308917,28.6766654888454,0.995135447515125
"42","43",37.52608789,-77.4564114,"2.813587906",13.50625,"10816.1091","145029.873",0,"-",0,-0.517796877614043,-0.539498512914512,33.4028794889886,2.67676999990113
"44","45",37.52605128,-77.45627357,"10.75597683",95,"1624.203402","154299.3232",0,"-",0,2.48374034307725,-0.539498512914512,31.9874587951994,1.35173152153515
"45","46",37.52600845,-77.45630723,"13.13035751",21.83333333,"6879.564313","155366.1557",0,"-",0,-0.211097890823117,-0.539498512914512,30.517558090124,1.32296044791881
"46","47",37.52608648,-77.45620768,"11.45191077",29.4703125,"2798.913571","85782.56365",0,"-",0,0.0701835231797862,-0.539498512914512,35.0282238996689,1.32580478340722
"47","48",37.52609316,-77.45620782,"10.70869624",31.41057692,"2289.435588","73687.06775",0,"-",0,0.141646376154561,-0.539498512914512,32.1053683715556,2.6731441757221
"48","49",37.5260275,-77.45653779,"4.404492574",76.3911091,"5452.314263","465191.494",0,"-",0,1.79834693963056,-0.539498512914512,28.8456680302706,2.70954249623707
"49","50",37.52604542,-77.4565691,"8.492870864",36.8125,"4410.665033","162829.2699",0,"-",0,0.340607317182938,-0.539498512914512,29.7044656377693,0.720753918566253
"50","51",37.52606396,-77.45651344,"6.933817909",23.875,"927.73438","22149.658",0.03,"-",0,-0.135900240668966,-0.433033059956945,29.3097278364175,0.998650607756135
"51","52",37.52620182,-77.45657427,"26.54857949",5.75,"1606.925","8034.623",0.57,"-",0,-0.803471215437335,1.48334509327927,31.1091133118976,2.70275205225774
"53","54",37.52624456,-77.45656391,"30.59352242",8.125,"2596.526","20772.21",0.48,"-",0,-0.715996398053893,1.16394873440656,29.7616551059922,1.33347443999914
"54","55",37.52623919,-77.45653763,"28.18224454",22.25,"1801.703","39637.47",0.01,"-",0,-0.195751431510268,-0.504010028595323,32.7204401760958,2.67329953974225
"56","57",37.52623761,-77.45646715,"23.12692384",20.27940949,"2525.003272","57790.54185",0.18,"-",0,-0.268331239931234,0.0992942048308917,32.0310353031571,2.6708296405812
"57","58",37.5262834,-77.45655489,"34.23627495",19.57291667,"12002.78199","232210.9865",0.86,"-",0,-0.294352431683744,2.51251113853575,28.7491713579607,2.73506466805411
"59","60",37.52632209,-77.45658059,"40.26699702",27.26640625,"2373.129585","65153.6006",0.98,"-",0,-0.0109896543987296,2.93837295036602,27.6637298371079,2.78913059888976
"60","61",37.5266243,-77.45644559,"64.1455964",44.8921875,"5779.941433","261438.6587",1,"-",0,0.638194343952527,3.0093499190044,26.430146947062,2.98771745182432
"61","62",37.52661582,-77.45647236,"65.04583773",37.35789463,"1465.116777","55873.09819",0.9,"-",0,0.360695020619216,2.65446507581251,27.0464871986511,1.31764691726418
"62","63",37.52660466,-77.45646139,"63.05989341",35.24107143,"5738.932447","202222.8702",0.5,"-",0,0.282729242575834,1.23492570304494,30.3384312150726,0.841262486948436
"63","64",37.52659723,-77.45654802,"68.24370504",49.96875,"10430.87349","496198.0533",0.98,"-",0,0.825171766109634,2.93837295036602,26.1958794195458,3.05543542789784
"64","65",37.52656916,-77.4565392,"64.54886922",19.875,"49145.5045","980101.531",0.89,"-",0,-0.28322624889371,2.61897659149332,28.582420846641,2.7411158927956
"66","67",37.5264475,-77.45675386,"66.04968947",19.375,"1555.088","29546.68",1,"-",0,-0.301641999921803,3.0093499190044,28.0759262697729,2.76256908118755
"67","68",37.52642193,-77.4568002,"66.33426918",25.06899991,"2006.975519","51959.9947",0.55,"-",0,-0.0919234305287155,1.41236812464089,30.4535516463124,0.990111183552541
"68","69",37.52641706,-77.45677744,"64.28671901",14.75,"6936.637","97112.91",0.84,"-",0,-0.471987696931662,2.44153416989737,29.1643878575768,2.72962909359318
"69","70",37.52637806,-77.45668183,"53.42981389",24.8125,"3769.125971","91512.43521",0.34,"-",0,-0.101370707491292,0.667109953937917,30.9317030050593,2.6766892309544
"70","71",37.52638345,-77.45674169,"58.12886109",28.8125,"21939.3125","799766.15",0.95,"-",0,0.0459553007334515,2.83190749740845,27.708557434333,2.79052393259271
"71","72",37.52626653,-77.4563651,"19.23635501",31.875,"1075.210086","34272.32148",0,"-",0,0.158751775780521,-0.539498512914512,32.0717120318236,2.67318807428539
"72","73",37.52617713,-77.45619043,"2.686676847",24.52142857,"7625.991758","185009.9463",0.06,"-",0,-0.112091305463834,-0.326567606999377,33.5056849744619,0.984284145831313
"73","74",37.52631161,-77.45620655,"13.2072971",49.9333787,"4600.66678","219855.7724",0.18,"-",0,0.823868988000954,0.0992942048308917,29.9245913097802,2.68333332840362
"74","75",37.52633245,-77.45621727,"16.23945478",47.94955849,"3685.560128","177283.4411",0.27,"-",0,0.750801909857236,0.418690563703594,32.6422597540715,0.853886506791213
"75","76",37.52632871,-77.45623354,"16.95518167",17.828125,"1170.439644","23570.44928",0.38,"-",0,-0.358615729664965,0.809063891214674,31.2223637643936,2.67700010563305
"76","77",37.52635334,-77.45616278,"14.99585193",32.53571429,"5107.640698","170583.4024",0,"-",0,0.183086875511207,-0.539498512914512,32.0238306375354,2.67326255182052
"77","78",37.52633582,-77.45614881,"12.09471574",33.75892857,"4747.844162","160224.8321",0,"-",0,0.228139694780183,-0.539498512914512,31.0393587914421,0.981976699335237
"78","79",37.52636411,-77.45614973,"15.76381825",64.19999848,"2618.362959","337699.5267",0,"-",0,1.34933002376285,-0.539498512914512,29.7291472939136,2.69331493486242
"79","80",37.52642296,-77.45615742,"23.75970224",14,"13893.69","194511.7",0.06,"-",0,-0.499611323473802,-0.326567606999377,31.4826317413633,1.31104029470591
"80","81",37.52639816,-77.45612193,"19.06744586",29.11363636,"6008.724468","179887.3583",0,"-",0,0.0570466051959839,-0.539498512914512,32.271825671291,2.67302967107776
"81","82",37.52638273,-77.45612127,"17.02729244",32.73859315,"3313.700974","107622.5994",0.12,"-",0,0.190559208660454,-0.113636701084243,31.4337147230607,2.67110050314619
"82","83",37.5263805,-77.45611551,"16.50031082",53.05995263,"2353.30228","221360.4165",0,"-",0,0.939025402132566,-0.539498512914512,30.5364568009212,2.68259380160746
"83","84",37.52636922,-77.45610247,"14.49290291",36.23125,"4988.757461","205586.0433",0,"-",0,0.31919900661278,-0.539498512914512,29.8630236257445,1.31088914259733
"84","85",37.5263315,-77.45605059,"7.442961182",20.125,"5084.66771","102328.9377",0.01,"-",0,-0.274018373379663,-0.504010028595323,32.8742676816894,2.67380670990495
"85","86",37.52633844,-77.45600797,"6.601179442",43.41203592,"3125.450942","126150.7045",0,"-",0,0.583678137990291,-0.539498512914512,31.2356329971126,2.67651651300704
"86","87",37.52635542,-77.45600477,"8.68554756",38.23875,"4717.494015","191482.0259",0,"-",0,0.393138246990574,-0.539498512914512,31.6105365623151,2.67449224372327
"87","88",37.52637766,-77.45599856,"11.33334707",55,"10126.66167","586999.2597",0,"-",0,1.01048026082982,-0.539498512914512,30.395863242606,2.68417642211602
"88","89",37.52639464,-77.4559552,"11.7711339",44.98214286,"21845.51249","990379.438",0,"-",0,0.641507534979333,-0.539498512914512,31.1218487024384,2.67730161271984
"90","91",37.52639089,-77.45586096,"7.417821624",47.30807332,"2387.923439","131108.7107",0,"-",0,0.727175047499368,-0.539498512914512,29.5960026818668,1.31633989610542
"91","92",37.52637726,-77.45586468,"5.791507693",17.54166667,"4554.262333","79795.41333",0,"-",0,-0.369166420235372,-0.539498512914512,34.2461158333263,0.984466342858445
"92","93",37.52636611,-77.4558607,"4.173316195",8.104166667,"2098.845667","15444.07",0,"-",0,-0.71676372100112,-0.539498512914512,33.7943638052204,2.67989553417707
"93","94",37.52635863,-77.45586433,"3.345614771",12,"6209.35788","74512.2946",0.19,"-",0,-0.573274327586173,0.134782689150081,32.5695515255053,2.67289129679488
"94","95",37.52637395,-77.45584877,"4.707635527",42.52142857,"10090.12158","430854.9064",0,"-",0,0.550875731547511,-0.539498512914512,31.3001745430225,2.67610649656373
"95","96",37.52642333,-77.45606241,"19.9116809",30.5625,"5489.93332","164386.3429",0,"-",0,0.110410429331777,-0.539498512914512,30.0452267557757,1.31472031951697
"96","97",37.5264447,-77.45607314,"23.14036301",22.78125,"2452.013061","58204.11663",0,"-",0,-0.176184696042919,-0.539498512914512,32.7307282448808,2.67359800765852
"97","98",37.52645455,-77.45608373,"24.86035742",20.75,"2695.486","53909.73",0,"-",0,-0.250998684594547,-0.539498512914512,32.8779311790689,2.67405505313174
"100","101",37.52653204,-77.45607928,"34.78966705",90.8133305,"5107.611389","463839.2012",0.05,"-",0,2.32953901677943,-0.362056091318566,27.5838957835655,2.72669279249697
"102","103",37.52646891,-77.45605444,"25.53272946",19.53125,"1856.68125","36186.33866",0,"-",0,-0.295887077725524,-0.539498512914512,32.9662529395817,2.67439329430824
"103","104",37.52648671,-77.45602474,"26.63709838",10.90171252,"1037.846496","16064.31996",0.07,"-",0,-0.613725905164076,-0.291079122680188,33.2437839962212,2.67517529556176
"104","105",37.52650414,-77.45596328,"26.39216927",33.33790708,"3730.482989","123990.7026",0,"-",0,0.21263284090555,-0.539498512914512,31.965696418472,2.67337195843644
"105","106",37.52653854,-77.45594309,"30.05270087",5.1,"-","-",0,"-",0,-0.827411691773856,-0.539498512914512,34.0120731704745,2.68203934164915
"106","107",37.52654906,-77.45594674,"31.5755281",5.625,"2902.832","14514.16",0,"-",0,-0.808075153194358,-0.539498512914512,33.9740268736382,2.68164382924533
"107","108",37.52656203,-77.45594956,"33.3837537",30.25,"25319.14098","750570.718",0,"-",0,0.0989005849392187,-0.539498512914512,30.429176908206,1.31197885502666
"108","109",37.52653193,-77.45590113,"27.46944252",19,"1013.164","19250.11",0,"-",0,-0.315453813192872,-0.539498512914512,32.9850036777931,1.30622658492145
"109","110",37.52656387,-77.45590876,"31.95030118",25.375,"12944.93253","328477.6629",0,"-",0,-0.0806529875846874,-0.539498512914512,34.8424668765986,1.31365632817952
"110","111",37.52657308,-77.45590719,"33.08797058",21.375,"4625.995","97145.9",0,"-",0,-0.227978995809431,-0.539498512914512,37.1083383386215,1.34616955496018
"111","112",37.52659146,-77.45588033,"34.38542183",6.4,"-","-",0,"-",0,-0.779530739100814,-0.539498512914512,33.9178632925942,2.6810761222539
"112","113",37.52659883,-77.45588803,"35.66282662",22.66666667,"3321.448745","75121.76207",0,"-",0,-0.180404972197419,-0.539498512914512,32.9042640329555,1.31139823888591
"113","114",37.52631254,-77.45578242,"6.027977387",13.825,"1631.271985","22552.3352",0.32,"-",0,-0.506056836333634,0.596132985299539,31.7970932561555,2.67485478690159
"115","116",37.52631815,-77.45574314,"6.905482088",12.88324034,"724.5916951","9335.088956",0.26,"-",0,-0.540743259187357,0.383202079384405,32.1601434575362,2.67339200863839
"116","117",37.526293,-77.45572032,"11.12407228",26.25,"14631.97","380431.2",0,"-",0,-0.0484254232855248,-0.539498512914512,29.5739916687102,1.32069863292451
"117","118",37.52628721,-77.45573459,"11.29380924",8.666666667,"1157.67703","11632.92674",0,"-",0,-0.696046001094516,-0.539498512914512,33.753599915753,2.67952631739427
"118","119",37.52627874,-77.45574849,"11.82895498",38.4375,"7625.980547","293123.6273",0,"-",0,0.40045850802424,-0.539498512914512,31.59613332137,2.67455405480084
"119","120",37.52626683,-77.45573787,"13.81929035",10.25,"876.5044","8765.044",0,"-",0,-0.637729456184498,-0.539498512914512,35.0306671260916,1.31513176575991
"120","121",37.52621102,-77.45575926,"20.22528836",39.88636364,"5460.516446","216385.9024",0,"-",0,0.453822332160033,-0.539498512914512,31.4911354239933,2.67504319973899
"121","122",37.52620962,-77.45577503,"19.76045273",45.09375,"4732.61296","210573.3006",0,"-",0,0.645618193585727,-0.539498512914512,28.8062009457256,1.31669859797228
"122","123",37.526189,-77.45576516,"22.85667808",32.35357143,"4742.851215","157812.1367",0,"-",0,0.176378280388598,-0.539498512914512,32.0370303733795,2.67324061021302
"123","124",37.52618312,-77.45575289,"24.12616252",30.44886364,"1576.294111","48680.83524",0,"-",0,0.106225031504779,-0.539498512914512,32.1750629028362,2.67307545912918
"124","125",37.5261937,-77.45579486,"21.02577829",89.60676891,"4137.051564","330405.2897",0,"-",0,2.28509954109643,-0.539498512914512,27.8879405711873,2.73234432573913
"125","126",37.52617939,-77.45580419,"22.5093481",41.51726191,"3903.036255","161562.9851",0,"-",0,0.513890765144968,-0.539498512914512,31.3729456341072,2.67567487718174
"126","127",37.52619883,-77.45586908,"17.31177963",62.375,"7499.37443","467753.7481",0,"-",0,1.28211258849419,-0.539498512914512,29.8614033584772,2.69128832971692
"127","128",37.52619572,-77.45587467,"17.48827949",197.6166609,"3616.372119","1199989.194",0,"-",0,6.26326610001453,-0.539498512914512,20.0605569294591,3.10037680777868
"128","129",37.5262,-77.45589471,"16.10861635",32.75,"4037.732","129207.4",0,"-",0,0.190979340079683,-0.539498512914512,32.0083015370965,2.67328973948574
"129","130",37.52620518,-77.45593877,"13.62598491",48.74675811,"2519.68089","131308.1759",0,"-",0,0.780163969300456,-0.539498512914512,32.244648844386,1.31526867308328
"130","131",37.52619136,-77.45594101,"15.33762417",10.625,"673.8716","6738.716",0,"-",0,-0.623917642913429,-0.539498512914512,33.6116811894831,2.6783202112277
"132","133",37.52617537,-77.45594204,"17.38176664",28.02083334,"4560.807343","127102.8255",0,"-",0,0.0167970285178477,-0.539498512914512,32.3510201628768,2.67303512420587
"133","134",37.52612564,-77.45596283,"23.01929657",20.67142857,"8489.0606","185625.2277",0,"-",0,-0.253892588380149,-0.539498512914512,32.7205996054949,1.30328002116721
"134","135",37.52613326,-77.45597043,"21.71239805",28.01166667,"4618.114993","129541.1426",0,"-",0,0.0164594062928943,-0.539498512914512,32.3516844635393,2.67303533337612
"135","136",37.52617632,-77.45599794,"14.9650843",19.16666667,"371.4933393","6953.130083",0,"-",0,-0.30931522939407,-0.539498512914512,32.9926739788098,2.6745038034574
"136","137",37.52615996,-77.45602583,"15.95679312",51.75972154,"1204.247763","67921.29388",0,"-",0,0.891135938067714,-0.539498512914512,28.3260968461476,1.32403101035756
"137","138",37.52614429,-77.456016,"18.37694514",44.79166667,"3522.510798","167878.0658",0,"-",0,0.634492010795693,-0.539498512914512,31.1356523475146,2.67720213633519
"138","139",37.52609957,-77.45598969,"25.11379597",28.79166667,"5651.463598","160222.054",0,"-",0,0.0451879778967193,-0.539498512914512,30.8107207393144,0.989679611621046
"139","140",37.52610775,-77.45603394,"21.14928464",31.0625,"32679.63","997553.65",0,"-",0,0.12882618035987,-0.539498512914512,30.4472019172284,1.3153489165637
"140","141",37.52608719,-77.45604906,"22.36184041",56.8125,"7248.047039","406481.2524",0,"-",0,1.07723735830666,-0.539498512914512,29.5947460360386,1.30519163209307
"141","142",37.52612904,-77.45607716,"15.81607683",64.51157264,"2663.041699","175204.3008",0,"-",0,1.36080576807754,-0.539498512914512,29.7065677834796,2.6936714638279
"142","143",37.52595899,-77.45600506,"39.49535411",31.51336781,"1707.290281","59969.76622",0.03,"-",0,0.145432319030953,-0.433033059956945,31.9537728059918,2.67204480605953
"143","144",37.5261574,-77.45571863,"28.88756808",73.625,"3834.510195","281942.7137",0,"-",0,1.69646698662628,-0.539498512914512,28.5843461797649,0.837104115411955
"144","145",37.52614218,-77.45572504,"30.61087619",31.4375,"6077.411","188399.7",0,"-",0,0.142637993630939,-0.539498512914512,29.6944280981278,1.31728212323093
"145","146",37.52611235,-77.45566974,"36.7717891",23.04166667,"9255.000594","215182.0246",0.97,"-",0,-0.166593158926349,2.90288446604683,27.2124811408844,1.31165298120148
"150","151",37.52583854,-77.45529367,"87.67418026",21.38984375,"1534.128037","33677.41855",0.08,"-",0,-0.227432278200784,-0.255590638360999,29.5952947064218,1.32897627339963
"151","152",37.52584581,-77.45530736,"86.18896407",35.65263158,"5806.266731","211637.3379",0,"-",0,0.297887621086803,-0.539498512914512,29.7747675217704,0.986338266794063
"152","153",37.52583825,-77.45532202,"86.61835999",24.09264706,"2514.706241","60255.32626",0.13,"-",0,-0.127883972531053,-0.0781482167650537,32.003367265469,2.67048210172196
"153","154",37.52586873,-77.45535693,"81.25767294",18.875,"10229.0244","187252.0223",0,"-",0,-0.320057750949895,-0.539498512914512,33.013810810627,2.67459530240727
"154","155",37.52586518,-77.45528938,"84.33239098",28.65,"8528.167326","251287.5336",0.22,"-",0,0.0399701816493212,0.241248142107648,31.2433293668358,2.67236117799142
"155","156",37.52586015,-77.45526561,"85.91220164",11.04166667,"80162.96988","1111180.665",0.43,"-",0,-0.60857118360058,0.986506312810619,31.4452090218889,2.68204666918226
"156","157",37.52587128,-77.45524634,"85.19033686",19.63333333,"34847.33166","705471.9955",0.67,"-",0,-0.292127195346726,1.83822993647116,29.6761294296828,2.70510397176229
"157","158",37.52587806,-77.45522641,"85.06684939",4.5,"8466.592201","38099.66491",0.56,"-",0,-0.849510593007567,1.44785660896008,31.244221880441,2.7039872383436
"158","159",37.52583587,-77.45525887,"89.36877672",12.625,"2256.972667","27749.68667",1,"-",0,-0.550254638801057,3.0093499190044,28.5112803003963,2.7635779979184
"159","160",37.52589629,-77.45521362,"83.15948402",7.625,"3917.566","30206.41",0.16,"-",0,-0.734412149081986,0.0283172361925136,33.0298367867839,2.6750163707824
"160","161",37.5258957,-77.45520177,"83.69511126",17.73099276,"2096.480242","35922.00233",0.74,"-",0,-0.362193255962247,2.08664932670548,29.4597962930844,2.71363185884905
"161","162",37.52590577,-77.45515638,"84.11964853",17.58333333,"4217.064667","73121.61667",0.47,"-",0,-0.367631774561907,1.12846025008738,30.7969279989158,2.6830047175881
"162","163",37.52595872,-77.4550682,"80.55185556",15.29166667,"1602.212246","34763.29344",0.17,"-",0,-0.45203729986179,0.0638057205117027,32.4423030528309,1.30698685752759
"163","164",37.52597169,-77.45507087,"78.74145882",34.83333333,"1058.323934","36800.84681",0,"-",0,0.267711635907299,-0.539498512914512,34.5739203311299,1.32196711919605
"164","165",37.52597766,-77.45506136,"78.32169174",40.70625,"6100.043559","252838.9836",0,"-",0,0.484019978314212,-0.539498512914512,31.6616426113637,1.30349809620314
"165","166",37.5259903,-77.45504276,"77.37574416",16.125,"18741.95595","327801.4301",0.02,"-",0,-0.421344381604407,-0.468521544276134,33.1145497416423,2.67472383151598
"166","167",37.52598136,-77.45508013,"77.11086356",38.08333333,"22450.08402","844554.3807",0,"-",0,0.387414017589903,-0.539498512914512,31.6217994742392,2.67444479834468
"167","168",37.52600042,-77.45506867,"75.04323369",35.6875,"31314.74178","1130587.09",0,"-",0,0.299171877369729,-0.539498512914512,31.7954234476553,2.67381215906307
"168","169",37.52602762,-77.45506508,"71.60060593",24.14583333,"17743.97719","415206.3048",0,"-",0,-0.125925042318188,-0.539498512914512,31.2257779584205,1.30978168158893
"169","170",37.52596949,-77.45501747,"81.09123995",27.42045455,"8146.220805","217820.802",0,"-",0,-0.00531582412052772,-0.539498512914512,32.3945290955597,2.67305456659749
"170","171",37.52594526,-77.45501058,"84.54670575",16.75,"865.5088","13848.14",0.17,"-",0,-0.39832469281929,0.0638057205117027,32.3309696174588,2.6714045096726
"172","173",37.52600264,-77.45500595,"77.17117072",18.5,"3160.442201","62769.80729",0.03,"-",0,-0.333869564220965,-0.433033059956945,31.6794590904793,1.30635227561537
"173","175",37.52605903,-77.45505362,"67.90706648",55.59999827,"2188.97631","121707.079",0.06,"-",0,1.03257909834503,-0.326567606999377,30.2713429520224,1.30769508984426
"174","176",37.52611069,-77.45502481,"62.21783303",41.475,"12439.76469","366754.2508",0,"-",0,0.512334195519905,-0.539498512914512,31.3760083182457,2.67565742507502
"175","177",37.52613285,-77.45499047,"60.62487068",65.4375,"11388.27337","810457.7646",0,"-",0,1.39490906354126,-0.539498512914512,29.6394666269321,2.69474909716367
"176","178",37.52615042,-77.45498524,"58.51320008",34.5625,"3707.079343","180790.0222",0,"-",0,0.25773643755652,-0.539498512914512,31.8769512265902,2.67357911290019
"177","179",37.52619888,-77.45495539,"53.28506639",6,"15239.86596","899152.0918",0,"-",0,-0.794263339923288,-0.539498512914512,33.9468509473266,2.6813667280467
"178","180",37.52596497,-77.45539042,"67.29508421",25.85971743,"1878.20731","46928.14101",0,"-",0,-0.0628001165649733,-0.539498512914512,32.5076343674663,2.67315967612218
"179","181",37.52596644,-77.455381,"67.46464893",17.375,"932.61719","16204.224",0,"-",0,-0.375305004034174,-0.539498512914512,31.914427467475,1.31494258438798
"180","182",37.52607579,-77.45544442,"50.62073737",26.09611077,"1156.155734","30633.97801",0.08,"-",0,-0.0540933947766947,-0.255590638360999,32.1026577348498,2.67084889053887
"181","183",37.52607978,-77.45548649,"48.47207424",9.875,"871.792","7846.128",0,"-",0,-0.651541269455568,-0.539498512914512,33.6660330421063,2.67876755778052
"182","184",37.52612036,-77.45552329,"41.70817794",30.375,"2921.681168","88746.06547",0,"-",0,0.103504522696242,-0.539498512914512,32.1804157370702,2.67307141885451
"183","185",37.52612479,-77.45554608,"40.21912133",15.625,"1985.486557","31023.22745",0.06,"-",0,-0.4397601326325,-0.326567606999377,32.9534427522154,2.67347901086083
"184","186",37.52592822,-77.45535857,"73.36286019",32,"8356.636","267412.4",0,"-",0,0.163355713537544,-0.539498512914512,32.0626533897197,2.67320108145552
"185","187",37.52597343,-77.45528051,"70.4219109",25.5,"24598.67048","627266.0972",0,"-",0,-0.0760490498276642,-0.539498512914512,32.5337027791215,2.67319507709411
"186","188",37.52599721,-77.4551933,"70.65619739",6.75,"2162.986542","14600.15916",0,"-",0,-0.766639713381149,-0.539498512914512,33.8924990947033,2.68082605093609
"187","189",37.52599894,-77.45514765,"72.19086754",16.25,"7793.89853","130200.5684",0.04,"-",0,-0.416740443847383,-0.397544575637756,28.4743698940107,1.00003885409951
"188","190",37.52603904,-77.45517656,"65.79475872",21,"2872.986482","60332.71612",0.01,"-",0,-0.241790809080501,-0.504010028595323,32.810926944092,2.67358072640482
"189","191",37.52603321,-77.45519508,"65.8484614",335.3481615,"4856.134202","2542760.332",0,"-",0,11.336124147565,-0.539498512914512,10.0792739665343,3.90859749187349
"190","192",37.52601805,-77.45524024,"66.10132137",46.125,"1481.261","68138",0.02,"-",0,0.683600680081169,-0.468521544276134,32.1127260326973,1.30627216385358
"191","193",37.52603866,-77.45524306,"63.27981338",144.1863052,"5064.66262","1472530.316",0,"-",0,4.29534584418724,-0.539498512914512,23.9326086876131,2.88066130165379
"192","194",37.52606433,-77.45522214,"60.70656343",25.25,"10352.33221","258665.4009",0,"-",0,-0.0852569253417106,-0.539498512914512,32.5518200633292,2.67322214608847
"193","195",37.5260622,-77.45519785,"61.92526451",63.5,"13471.15","848682.4",0,"-",0,1.3235480283074,-0.539498512914512,29.7798755795422,2.69252513972104
"194","196",37.52608963,-77.45520231,"58.14084192",27.71875,"5983.752242","205966.2385",0,"-",0,0.00567084535949821,-0.539498512914512,32.3729118817776,2.6730434488851
"195","197",37.52608034,-77.45517997,"60.2260604",83.25,"27256.45786","2269100.117",0,"-",0,2.05097019391707,-0.539498512914512,32.3798954968052,1.34712896635472
"196","198",37.52605745,-77.45516873,"63.67390591",74.0625,"7341.902031","543759.6192",0,"-",0,1.71258076877586,-0.539498512914512,29.0144203217645,2.70608340917239
"197","199",37.52609676,-77.45516434,"58.66732103",12.75,"1511.891","18142.7",0,"-",0,-0.545650701044034,-0.539498512914512,31.4707512447907,1.31374082811089
"198","200",37.5261223,-77.45523144,"52.71501305",4.75,"1432.566","5730.265",0.13,"-",0,-0.840302717493521,-0.0781482167650537,33.3850656441739,2.67705135975966
"199","201",37.52616821,-77.45516618,"49.18915512",83,"23792.85196","1974806.713",0,"-",0,2.04176231840302,-0.539498512914512,28.3667274113371,2.72027506181462
"200","202",37.52616021,-77.45508639,"53.32153718",36.125,"16502.78621","596163.1518",0.02,"-",0,0.315285659519311,-0.468521544276134,31.6683559023838,2.67307877574037
"201","203",37.52618172,-77.45508622,"50.49590806",64.25,"27482.65","1758890",0,"-",0,1.35117165484954,-0.539498512914512,29.725523726919,2.69337194391797
"202","204",37.52622346,-77.45508127,"45.19172605",21.625,"9144.128703","192009.9427",0,"-",0,-0.218771120295384,-0.539498512914512,32.8145206843417,2.67384181818971
"203","205",37.52629129,-77.45501983,"38.63229794",10.5,"447.6769531","4700.608008",0,"-",0,-0.628521580670452,-0.539498512914512,33.6207398315869,2.67839351273641
"204","206",37.52630166,-77.4550306,"36.85128509",183.1324943,"4241.1416","776690.8399",0.06,"-",0,5.72979248810449,-0.326567606999377,20.8944438585721,2.99359287978068
"205","207",37.52631996,-77.4550361,"34.22947621",78.24536863,"3368.081849","409103.737",0,"-",0,1.86664210332246,-0.539498512914512,28.7112914426708,2.71241746008272
"206","208",37.52631868,-77.45502358,"34.88089274",21.375,"6804.951351","145038.4944",0.01,"-",0,-0.227978995809431,-0.504010028595323,33.1212556249147,1.30337766040384
"207","209",37.52632951,-77.45502615,"33.35577684",21.875,"5065.818154","110814.7721",0.05,"-",0,-0.209563244781338,-0.362056091318566,29.4097758919157,1.33266833721533
"208","210",37.52635808,-77.45501011,"30.2136537",81.10416667,"20920.25756","1665085.637",0,"-",0,1.97193592921094,-0.539498512914512,28.5041168163377,2.71705842872511
"209","211",37.52635579,-77.45503688,"29.48192071",63.625,"14916.6755","1000944.822",0,"-",0,1.32815196606442,-0.539498512914512,29.7708169374384,2.69266503749454
"210","212",37.52637738,-77.45501726,"27.39588351",21.375,"1846.078383","41732.62229",0,"-",0,-0.227978995809431,-0.539498512914512,32.8326379685495,2.67390021707771
"211","213",37.52637494,-77.45500425,"28.21929358",86.4375,"12577.56306","1053455.525",0,"-",0,2.16837060672116,-0.539498512914512,28.1176147534805,2.7263885607351
"212","214",37.52638944,-77.45504145,"24.87506653",40.79166667,"1694.758404","79860.08086",0,"-",0,0.487166002570949,-0.539498512914512,28.6405157914057,1.32866289042401
"213","215",37.52639383,-77.45506021,"23.57300205",55.31166571,"2342.916706","127563.6098",0,"-",0,1.02195937706853,-0.539498512914512,30.3732770976225,2.68444188650469
"214","216",37.52640888,-77.45509082,"20.41076822",53.59027778,"9623.135417","482191.267",0,"-",0,0.958558073985238,-0.539498512914512,30.4980245950609,2.68301446398194
"215","217",37.52640726,-77.45500941,"23.76558333",75.35,"14922.01636","1123349.903",0,"-",0,1.7600013276732,-0.539498512914512,28.9211163080945,2.70797509580695
"216","218",37.52643335,-77.45507249,"17.89566583",41.325,"18702.29297","783302.2489",0,"-",0,0.506809470211477,-0.539498512914512,29.0944186266727,1.31449204624328
"217","219",37.52644561,-77.45507196,"16.30190905",50.69444444,"4064.435496","206633.3481",0,"-",0,0.851900182368656,-0.539498512914512,30.7078831376173,2.68082714559518
"218","220",37.52644834,-77.45511487,"14.28756471",75.40104167,"6895.697791","518131.0534",0,"-",0,1.76188126904676,-0.539498512914512,28.9174173623272,2.70805115369457
"219","221",37.52646688,-77.45512169,"11.58266994",62.75986111,"9185.043071","571259.1347",0,"-",0,1.2962876012585,-0.539498512914512,29.8335128060356,2.69170692827809
"220","222",37.52648025,-77.45512289,"9.77668377",79.51388889,"8679.173514","677508.2981",0,"-",0,1.91336360988697,-0.539498512914512,28.6193628743759,2.71444561396496
"221","223",37.52648874,-77.45511368,"9.013694296",85.98611111,"7414.158818","636590.6813",0,"-",0,2.15174527589099,-0.539498512914512,27.9553330934348,1.31525238565054
"222","224",37.52648146,-77.45513709,"9.06907733",30.02437452,"2486.069011","77389.53392",0,"-",0,0.0905904596086707,-0.539498512914512,33.6971890626662,1.3152763746291
"223","225",37.52649053,-77.45513642,"7.900841779",59.82291667,"4343.742674","269315.8905",0,"-",0,1.18811552607774,-0.539498512914512,30.0841155612361,1.30433972350711
"224","226",37.52650106,-77.45513498,"6.569633735",38.16666667,"4611.596249","176638.9582",0,"-",0,0.390483309673462,-0.539498512914512,31.6157603790201,2.67447014119918
"225","227",37.52647307,-77.45515627,"9.432693426",127.3541667,"11866.58071","1506235.691",0,"-",0,3.67539290041448,-0.539498512914512,28.594216959857,1.33992814698218
"226","228",37.52646119,-77.45519557,"9.481011308",35.90277778,"7497.411221","262316.4875",0,"-",0,0.30710088136645,-0.539498512914512,28.8556443978325,1.33016246073582
"227","229",37.52642396,-77.45516516,"15.55561021",50.5625,"35211.36326","1496324.095",0,"-",0,0.847040470455494,-0.539498512914512,30.7174450372937,2.68073388594378
"228","230",37.52636149,-77.45517055,"23.57252963",30,"6181.345471","176954.159",0,"-",0,0.0896927094251722,-0.539498512914512,32.2075916633818,2.67305362985605
"229","231",37.5263857,-77.45516403,"20.63722228",42.75,"6793.694113","290430.4233",0,"-",0,0.559294360641542,-0.539498512914512,31.2836101687862,2.6762092866101
"230","232",37.52641929,-77.45525794,"12.59068505",5.125,"1605.353846","8227.438461",0,"-",0,-0.826490904222451,-0.539498512914512,34.0102614420537,2.68202030749042
"231","233",37.52647539,-77.45523591,"6.054422285",27.125,"18322.93508","515617.3615",0,"-",0,-0.0161978589863621,-0.539498512914512,32.415940431771,2.67306841652987
"232","234",37.52650885,-77.45517722,"3.914284287",90.76071429,"22687.42224","2048104.203",0,"-",0,2.32760108273263,-0.539498512914512,27.8043151455486,2.73458852214596
"233","235",37.5265364,-77.45509767,"3.35686276",73.04166667,"22918.96803","1673283.438",0,"-",0,1.67498194388294,-0.539498512914512,29.0883992320379,2.70462026687332
"234","236",37.52654779,-77.45508682,"2.275293582",22.375,"5996.514978","124233.2998",0,"-",0,-0.191147493753245,-0.539498512914512,32.7601688317184,2.67367874506877
"235","237",37.52652327,-77.45507861,"5.820865959",104.375,"2203.042","229491",0,"-",0,2.829035674854,-0.539498512914512,26.8176996115738,2.76407545232437
"236","238",37.52653089,-77.45508063,"4.740104585",63.875,"5023.407","316474.6",0,"-",0,1.33735984157847,-0.539498512914512,29.7526996532306,2.69294631678557
"237","239",37.52654228,-77.45508035,"3.250889338",27.125,"8219.191","259287.415",0,"-",0,-0.0161978589863621,-0.539498512914512,29.4955499244313,1.32258887490165
"238","240",37.52651191,-77.45511336,"5.97558697",81.29166667,"17951.05667","1448069.667",0,"-",0,1.97884183584648,-0.539498512914512,28.4905288531819,2.71737162923061
"239","241",37.52656252,-77.4550735,"0.850436682",38.75,"11928.36495","497105.9543",0.64,"-",0,0.411968352416798,1.73176448351359,26.5838951423048,1.31911193948694
"240","242",37.52654724,-77.45505129,"3.718381047",65.5,"17612.55","1144816",0,"-",0,1.39721103241977,-0.539498512914512,29.6349373058802,2.69482281316705
"241","243",37.52657266,-77.45505016,"0.415995771",82.53125,"3687.051771","305741.5753",0,"-",0,2.02449755181419,-0.539498512914512,28.4006973192267,2.71946945659846
"242","244",37.5265307,-77.45506457,"5.384653277",33.5625,"7372.5325","248301.65",0,"-",0,0.220904935500334,-0.539498512914512,31.9494203634213,2.67340631906936
"243","245",37.52653507,-77.45502726,"6.24794179",35.26875,"51633.25192","1819072.449",0,"-",0,0.283748685883701,-0.539498512914512,31.8257698987033,2.67372063295701
"244","246",37.52647519,-77.45502346,"14.27921433",55.16666667,"14921.78075","882309.749",0,"-",0,1.01661884462862,-0.539498512914512,30.3837850528926,2.68431799604518
"245","247",37.52648991,-77.45505887,"10.97550045",78.54861111,"14017.52581","1103108.642",0,"-",0,1.8778109793481,-0.539498512914512,28.6893157218947,2.71289776635575
"246","248",37.52649787,-77.45498113,"12.92736329",33,"6328.738401","208848.3672",0,"-",0,0.20018721559373,-0.539498512914512,31.9901842528887,2.67332333577273
"247","249",37.52651125,-77.45497112,"11.55086621",28.875,"10503.1297","306232.2424",0,"-",0,0.0482572696119631,-0.539498512914512,32.2891194423167,2.67302756406926
"248","250",37.52654966,-77.45497484,"6.350895607",53.625,"16022.12","849172.5",0,"-",0,0.959836945502563,-0.539498512914512,30.4955083057487,2.68304232013966
"249","251",37.52657999,-77.45497038,"2.529401625",25.0625,"5570.436444","138536.3735",0,"-",0,-0.0921628319772455,-0.539498512914512,32.565408026485,2.67324377471718
"250","252",37.52661894,-77.45492651,"0.90555595",21,"737.2270759","16515.48347",0,"-",0,-0.241790809080501,-0.539498512914512,32.8598138948611,2.67399160356775
"251","253",37.52638961,-77.45535265,"12.84344224",21.5,"9406.975577","197947.5784",0,"-",0,-0.223375058052408,-0.539498512914512,32.8235793264456,2.67387076507862
"252","254",37.52637068,-77.45539005,"13.89362187",26.5,"3538.218959","92298.02795",0,"-",0,-0.0392175477714783,-0.539498512914512,32.0428071414229,1.310474113198
"253","256",37.5263427,-77.45544442,"15.4790522",36.25902746,"2349.030473","82957.61598",0,"-",0,0.320222092187886,-0.539498512914512,29.675813498409,1.3212779772632
"254","257",37.52634829,-77.45544549,"14.7011142",38.58333333,"752.0187638","28397.68874",0,"-",0,0.405829768617996,-0.539498512914512,29.7701319114723,1.31636125344079
"255","258",37.52632622,-77.45543887,"17.86293264",56.30749857,"2129.705213","150557.1528",0,"-",0,1.05863739709923,-0.539498512914512,30.3011099498303,2.68531089059407
"256","259",37.52628243,-77.45546775,"22.51372249",19.5625,"427.0602564","8351.605098",0,"-",0,-0.294736093286268,-0.539498512914512,32.9639882790557,2.67438402191017
"257","260",37.52626142,-77.45546545,"25.36907986",24.4375,"1857.466656","45391.84142",0,"-",0,-0.115182520762362,-0.539498512914512,32.6107012370044,2.67332408379704
"258","261",37.52623117,-77.4554081,"31.56426547",19.5,"9589.712","182204.5",0,"-",0,-0.297038062164779,-0.539498512914512,32.5569134591514,0.981950747233881
"259","262",37.52626244,-77.45535897,"29.34337453",18.25,"3736.924","67264.64",0.34,"-",0,-0.343077439735012,0.667109953937917,33.4463535958067,1.3129936846354
"260","263",37.52620201,-77.45540385,"35.56783826",21.75,"43083.01625","937055.6035",0,"-",0,-0.214167182538361,-0.539498512914512,32.8054620422378,2.67381337642739
"261","264",37.52626611,-77.45529455,"31.34640123",63.82735177,"9134.246767","380611.4302",0,"-",0,1.33560488569725,-0.539498512914512,29.7561526793302,2.69289255436958
"262","265",37.52629291,-77.45527045,"28.74798848",32.79687453,"2288.864353","80297.81199",0,"-",0,0.192705799427761,-0.539498512914512,32.8470827449876,0.983544551701534
"263","266",37.5263691,-77.45548283,"10.52095454",37.859375,"3350.704573","128329.5463",0,"-",0,0.379165295898008,-0.539498512914512,31.6380295411004,2.67437780111356
"266","269",37.5265227,-77.45542695,"7.545556325",5,"670.16602","3350.83",0.19,"-",0,-0.831094841979474,0.134782689150081,32.3953093366575,1.31065900559271
"267","270",37.52653288,-77.455432,"9.08095136",23.13749951,"1641.455597","35754.82749",0.11,"-",0,-0.163063491482839,-0.149125185403432,32.1690291652361,2.67068619605445
"269","272",37.52650861,-77.45547896,"7.698397191",12.75,"2035.752","24429.02",0,"-",0,-0.545650701044034,-0.539498512914512,31.0690618726437,1.31518659330199
"270","273",37.52651179,-77.45548561,"8.3735696",15.13555508,"851.2685649","12884.42225",0,"-",0,-0.457787124209869,-0.539498512914512,33.2848051562066,2.67601174978763
"272","275",37.52653593,-77.45548156,"11.39610019",66.25,"4398.229715","35185.83772",0.03,"-",0,1.42483465896191,-0.433033059956945,29.4447469213725,2.69279721231995
"273","276",37.52657142,-77.45555387,"18.85868331",26.8,"34058.79136","817410.9925",0.13,"-",0,-0.0281680971546225,-0.0781482167650537,36.1914628177451,0.99835137482109
"275","278",37.52659511,-77.45550935,"20.2602787",16.125,"2154.739862","45918.69632",0.01,"-",0,-0.421344381604407,-0.504010028595323,33.1638253392773,2.67514531876104
"276","279",37.52663019,-77.45545455,"22.7636183",22.90625,"3076.699178","55758.18825",0,"-",0,-0.171580758285896,-0.539498512914512,32.7216696027769,2.67357423904405
"277","280",37.52664073,-77.45546869,"24.69651074",26.7979166,"3218.91862","86984.68074",0,"-",0,-0.0282448319060064,-0.539498512914512,30.7161703209938,1.30947272456558
"278","281",37.52664883,-77.45547987,"26.19454489",38.87999331,"3298.927142","130484.9202",0.04,"-",0,0.416756201281354,-0.397544575637756,28.4735968774173,0.989976126609997
"279","282",37.52657683,-77.45535282,"11.81255457",14,"7888.539153","110439.5481",0.72,"-",0,-0.499611323473802,2.0156723580671,29.8070572905438,2.711147426326
"281","284",37.52660779,-77.45529791,"13.77048295",29.875,"6525.087942","194937.0023",0.25,"-",0,0.085088771668149,0.347713595065215,29.3342629697173,1.31131245901541
"282","285",37.52659026,-77.45528685,"11.0344387",15.75,"6583.207","98748.11",0,"-",0,-0.435156194875476,-0.539498512914512,33.240276863224,2.67574802459902
"283","286",37.52659033,-77.45526727,"10.28905568",75,"6286.3269","471474.5175",0,"-",0,1.74711030195354,-0.539498512914512,28.9464805059854,2.70745574054085
"284","287",37.52661932,-77.45526515,"14.02337321",26.05,"7130.944025","186048.0902",0,"-",0,-0.0557917236967619,-0.539498512914512,32.4938447538644,2.67314264273089
"285","288",37.52663891,-77.4552688,"16.74356349",29.5625,"5418.069326","142871.789",0,"-",0,0.0735789272755909,-0.539498512914512,31.6158016981511,1.31252472993296
"286","289",37.52663567,-77.455253,"15.70689024",9.2,"8012.632014","114916.7889",0,"-",0,-0.676402533343494,-0.539498512914512,33.7149497094673,2.67918563210461
"287","290",37.52663558,-77.45523914,"15.16020082",5.125,"1070.498","5352.488",0,"-",0,-0.826490904222451,-0.539498512914512,34.0102614420537,2.68202030749042
"288","291",37.5266514,-77.45523818,"17.20607916",78.94134048,"4638.24181","669861.9673",0,"-",0,1.89227579194678,-0.539498512914512,33.6083943480062,1.35865327209505
"289","292",37.5266542,-77.45524854,"17.9756382",36.56773778,"2097.016265","73405.42529",0,"-",0,0.331592356973732,-0.539498512914512,31.5608739197697,1.30628486186971
"290","293",37.5266366,-77.45530179,"17.71270071",26.5,"12864.82192","340917.7808",0,"-",0,-0.0392175477714783,-0.539498512914512,32.4612336422904,2.67310702139126
"291","294",37.52665133,-77.45531415,"20.12929048",91.0999974,"10983.50806","794083.2505",0,"-",0,2.34009738929622,-0.539498512914512,27.7797275914255,2.7352560208399
"295","298",37.52674316,-77.45550478,"39.57563225",46,"4598.113548","210972.4766",0.93,"-",0,0.678996742324146,2.76093052877007,26.6869537117378,2.95920966413968
"297","300",37.5267795,-77.45546446,"42.80420238",63.96428571,"4256.409192","268844.9678",0.21,"-",0,1.34064836838992,0.205759657788459,28.791532794863,2.70651568980921
"298","301",37.52679421,-77.45547534,"45.16163125",11.125,"6382.931","70212.24",0.11,"-",0,-0.605501891885336,-0.149125185403432,33.0290303132089,2.67400225035185
"299","302",37.52679004,-77.45543249,"42.95866232",64,"8776.039078","561666.501",0.04,"-",0,1.34196377933549,-0.397544575637756,29.5618054667077,2.68981379874684
"300","303",37.52677055,-77.45537818,"38.29644932",25.20833333,"7378.030667","181974.1333",0.95,"-",0,-0.0867915713834901,2.83190749740845,27.9424516526347,2.77046330235109
"301","304",37.52687946,-77.45545885,"55.74961036",40.66071429,"6937.253639","293999.506",0.44,"-",0,0.482342829717717,1.02199479712981,29.3529586668759,2.71311564913979
"303","306",37.52696955,-77.45543975,"66.87303559",21.04166667,"9081.035373","182604.8112",0.92,"-",0,-0.240256163038721,2.72544204445088,28.3595004791873,2.74934912534436
"304","307",37.52706373,-77.45525669,"72.20980909",23.13541667,"5411.884128","124234.9186",0.72,"-",0,-0.163140205608582,2.0156723580671,33.3876154311031,1.00188916196207
"305","308",37.52699082,-77.45518454,"59.82632294",20.34375,"10484.28","203423.6",0.98,"-",0,-0.265961482304872,2.93837295036602,28.1113234414995,2.76024924342817
"306","309",37.52702335,-77.45516336,"63.29043732",24.53846154,"5677.280588","169614.1092",0.92,"-",0,-0.111463955594256,2.72544204445088,28.1317378891381,2.76054050454712
"307","310",37.52677371,-77.45520592,"32.06504157",89.98989201,"2050.43231","276573.0694",0,"-",0,2.29921054034185,-0.539498512914512,27.8601759708303,2.73308495609188
"308","311",37.52675404,-77.45523849,"30.73205262",17.5,"13391.04","227647.7",0,"-",0,-0.370701066277151,-0.539498512914512,29.2849273820676,1.33461787937383
"310","313",37.52667441,-77.45528075,"21.87885304",23.92601777,"856.3356397","20488.70173",0,"-",0,-0.134021179568309,-0.539498512914512,32.6477679127169,2.67339920797973
"311","314",37.52670104,-77.45525867,"24.53316818",24.75,"39970.48335","961115.2944",0,"-",0,-0.103672676369804,-0.539498512914512,31.4549913588394,1.30595412371245
"312","315",37.52657887,-77.45521583,"6.794454169",42.6,"2878.170098","123399.1208",0,"-",0,0.553769635333114,-0.539498512914512,31.2944805393108,2.67614164063071
"313","316",37.52660531,-77.45520645,"9.914091792",59,"2455.940057","44206.92102",0,"-",0,1.15780626905456,-0.539498512914512,28.56517535725,1.31818176247938
"314","317",37.52665561,-77.45517482,"15.31651919",39.8604927,"6469.330839","185637.7553",0.19,"-",0,0.452869466580228,0.134782689150081,30.5927266873965,2.67622223545783
"315","318",37.52664733,-77.45516471,"13.83533833",13.4375,"2227.782","28961.165",0,"-",0,-0.520329043380406,-0.539498512914512,36.6768822503369,1.33164086289868
"316","319",37.52665325,-77.45512603,"13.1224736",165.4627266,"3599.017183","1043523.017",0,"-",0,5.07898840272961,-0.539498512914512,22.3907247939018,2.96012405035586
"317","320",37.52663043,-77.45508013,"8.346414356",51.375,"13782.95237","708099.178",0,"-",0,0.876966065876145,-0.539498512914512,30.6585638636185,2.68131703603198
"318","321",37.52665836,-77.45507798,"11.9414662",4.625,"4069.147885","18819.80897",0.89,"-",0,-0.844906655250544,2.61897659149332,29.0698503612834,1.38881105903732
"319","322",37.52667766,-77.45502828,"12.56461798",32.25,"3581.416","114605.3",0,"-",0,0.17256358905159,-0.539498512914512,32.044536105512,2.67322861225779
"320","323",37.52673234,-77.45500024,"18.68202961",19.15625,"25159.83674","545234.8913",0.23,"-",0,-0.309698890996593,0.276736626426837,34.1836970711467,1.31418287130816
"321","324",37.52672716,-77.45497733,"17.11515715",22.24833286,"1679.754155","45077.72884",0,"-",0,-0.195812834780606,-0.539498512914512,32.7693482900191,2.6737050100194
"322","325",37.52674133,-77.45497105,"18.66955184",28.58333333,"6159.615847","180114.5162",0,"-",0,0.0375147480561372,-0.539498512914512,30.0975384205333,1.32234914913086
"323","326",37.52684335,-77.45493599,"29.99509701",27.375,"1714.131492","47070.13912",0.01,"-",0,-0.00698998347231568,-0.504010028595323,32.3494444273113,2.67265919769386
"324","327",37.52674794,-77.45491588,"16.91216035",14.1875,"4782.289418","70169.82813",0,"-",0,-0.492705416838267,-0.539498512914512,33.3535098895225,2.67644254823887
"326","329",37.52704739,-77.45451204,"34.46641419",14.64044969,"696.8407383","11154.64856",0.18,"-",0,-0.476022599399683,0.0992942048308917,34.6162527475427,1.31334442059617
"327","330",37.52702508,-77.45462897,"38.03061837",11.77115385,"2197.702674","25565.11309",0.19,"-",0,-0.581703075030448,0.134782689150081,32.585789169193,2.67298213857582
"328","331",37.52694439,-77.45461961,"27.61732801",56.58333333,"5995.729408","335457.6958",0,"-",0,1.06879680562934,-0.539498512914512,29.5955325503118,0.985962226136802
"329","332",37.52688591,-77.45464351,"21.63982464",44,"9621.128","423329.6",0.04,"-",0,0.605333738211774,-0.397544575637756,31.0048104086041,2.67506092022055
"330","333",37.52687922,-77.454665,"21.80081988",28.125,"260.3594912","7322.610689",0,"-",0,0.0206336430698237,-0.539498512914512,32.34347129494,2.67303293827084
"331","334",37.52684348,-77.45468512,"18.20159175",12.29807692,"2036.416531","26923.71385",0.65,"-",0,-0.562295706894292,1.76725296783278,30.2676899474731,2.70305485041879
"332","335",37.52685242,-77.45456215,"13.22515188",23.68666625,"1705.402262","40834.94957",0.02,"-",0,-0.14283685556934,-0.468521544276134,31.8467714017415,1.30701108736273
"333","336",37.52687266,-77.45455187,"15.15663825",9.875,"907.1349","8164.214",0,"-",0,-0.651541269455568,-0.539498512914512,33.6660330421063,2.67876755778052
"334","337",37.52695331,-77.45441268,"17.55596461",21.66666667,"1102.699025","23835.26447",0.04,"-",0,-0.217236474253605,-0.397544575637756,31.2394175496147,0.983297689717054
"335","338",37.5269691,-77.45440699,"19.18916856",29,"6311.46","183032.3",0.23,"-",0,0.0528612073689863,0.276736626426837,32.986335503831,0.985059477417872
"336","339",37.52699186,-77.4543639,"19.66010076",21,"22946.19274","481870.0476",0.29,"-",0,-0.241790809080501,0.489667532341972,31.4420923225587,2.67314513843677
"337","340",37.52679197,-77.4543096,"7.815071437",33.75,"1223.650339","41298.19893",0,"-",0,0.227810842135869,-0.539498512914512,31.9358324002654,2.67343625439729
"338","341",37.52677727,-77.45429291,"10.51975685",13.7125,"3732.211979","50589.61456",0,"-",0,-0.510200380314955,-0.539498512914512,33.3879327295172,2.67666928452441
"339","342",37.52677233,-77.45421937,"15.0902498",4.75,"1248.783","4995.132",0,"-",0,-0.840302717493521,-0.539498512914512,34.0374373683654,2.68230792181463
"340","343",37.52700819,-77.45373722,"1.692181319",59.9375,"3752.239785","223848.1928",0,"-",0,1.19233580223224,-0.539498512914512,30.0380468795028,2.68874629558445
"341","344",37.52709815,-77.45381461,"12.61211732",36.02083333,"30808.03024","1101594.77",0,"-",0,0.31144904459902,-0.539498512914512,31.0946248858722,1.31280777315258
"342","345",37.52667069,-77.45393549,"42.51832599",7.916666667,"2024.756331","15746.18477",0,"-",0,-0.723669627636655,-0.539498512914512,33.8079517683763,2.68002086434695
"343","346",37.5266768,-77.45403832,"36.58407032",21.35480769,"6084.298241","130329.6646",0,"-",0,-0.228722708916715,-0.539498512914512,34.5804143886774,0.994171645833328
"344","347",37.52663168,-77.45415538,"35.81281445",12.6234375,"11729.92033","147264.8962",0,"-",0,-0.55031218802302,-0.539498512914512,33.4668561488473,2.67721658006685
"345","348",37.5266162,-77.4541841,"36.16562961",13.36458333,"6015.757353","76902.91496",0,"-",0,-0.523014673861441,-0.539498512914512,33.4131459502813,2.67683997223587
"347","350",37.52654081,-77.45415165,"47.17328307",20.78125,"7464.947683","154254.9113",0,"-",0,-0.249847700155291,-0.539498512914512,32.744295058372,0.820905122037492
"348","351",37.52655455,-77.45422442,"41.56283106",20,"17278.75959","345575.1919",0,"-",0,-0.278622311136686,-0.539498512914512,35.4301678277144,1.31560200485928
"349","352",37.52656857,-77.45425373,"38.26063121",8.175,"1151.590057","9414.248717",0,"-",0,-0.714154822951084,-0.539498512914512,33.7892305747191,2.67984848099547
"350","353",37.52670302,-77.45435587,"16.24254858",45.16666667,"52337.36419","2425941.551",0,"-",0,0.648303824066763,-0.539498512914512,29.8565038283365,0.983960253068009
"351","354",37.5267174,-77.45432604,"16.08545483",35.53125,"2926.786154","103439.3018",0,"-",0,0.29341695517345,-0.539498512914512,32.9142291045524,0.984183725404444
"352","355",37.52672254,-77.45431693,"15.94584987",43.3254468,"1981.664001","115383.903",0,"-",0,0.580488930638968,-0.539498512914512,31.241908035898,2.67647552709097
"354","357",37.52646056,-77.4542761,"50.31956341",38.75,"129348.8","4915254",0.38,"-",0,0.411968352416798,0.809063891214674,29.7695553686554,2.69709901069532
"355","358",37.52644225,-77.4541994,"56.70346788",25.96875,"100835.6986","2540706.552",0,"-",0,-0.058784283238827,-0.539498512914512,32.4997328712319,2.67314977262336
"356","359",37.52630178,-77.45462568,"53.49829074",20.31666667,"8975.37306","565604.3299",0,"-",0,-0.266959002029456,-0.539498512914512,35.1153168415056,0.987524177174351
"357","360",37.52626127,-77.4546794,"56.1217309",22.0049999,"7046.885879","450579.6921",0,"-",0,-0.204775153197184,-0.539498512914512,32.7869824195928,2.6737569216175
"358","361",37.52612335,-77.45464582,"75.28004348",14.44861111,"2221.891443","28869.29924",0,"-",0,-0.483088302453409,-0.539498512914512,32.1873415367055,1.30862920978953
"359","362",37.52606288,-77.45470176,"80.97858929",24.65833333,"7502.123318","173217.3194",0.04,"-",0,-0.107048897514392,-0.397544575637756,32.3547235364668,0.982812840249363
"360","363",37.52618594,-77.45479087,"61.33832079",11.75,"395.8406744","4651.127924",0,"-",0,-0.58248220310022,-0.539498512914512,33.5301534105481,2.67768311937272
"361","364",37.5261515,-77.4548691,"62.85329608",37.4375,"33245.11726","1367277.764",0.01,"-",0,0.363627005968055,-0.504010028595323,31.6210259449417,2.67380011496445
"362","365",37.526,-77.455,"62.41839854",13.58333333,"481.710867","6804.952942",0,"-",0,-0.514957782786651,-0.539498512914512,33.3972933265995,2.67673219838269
"363","366",37.52620408,-77.45488901,"55.16235487",39.625,"5579.83398","221100.921",0,"-",0,0.444195916715961,-0.539498512914512,29.4110084553205,0.823724089083471
"364","367",37.52621337,-77.4548655,"54.84637247",64.6875,"22361.85548","1541724.167",0,"-",0,1.36728543699912,-0.539498512914512,29.6938184795554,2.69387413048186
"365","368",37.52624107,-77.45486171,"51.34519346",79.25,"1748.296312","22727.85205",0,"-",0,1.90364418569233,-0.539498512914512,28.6384866744535,2.71401959976852
"366","369",37.52626998,-77.4548833,"46.70599315",30.97222222,"2517.201188","77996.66913",0,"-",0,0.125501114120172,-0.539498512914512,32.1371355582905,2.67310914292628
"367","370",37.52623718,-77.45489221,"50.68075759",25.94666586,"2553.805695","66262.74302",0.04,"-",0,-0.0595976752866462,-0.397544575637756,32.3073629276904,2.67175254305001
"368","371",37.52639427,-77.45481995,"32.78655797",20.875,"3534.291735","73778.33997",0,"-",0,-0.246394746837524,-0.539498512914512,32.868872536965,2.67402307583781
"369","372",37.52641293,-77.45482213,"30.24591204",22.625,"52354.64","1151802",0,"-",0,-0.181939618239198,-0.539498512914512,32.7420515475107,2.67362842895361
"370","373",37.52643353,-77.45480039,"28.51585622",20.625,"657.3782628","13558.42667",0,"-",0,-0.25560262235157,-0.539498512914512,31.0181353019919,1.3105471369209
"371","374",37.52647085,-77.45473988,"26.61774371",24.33333333,"24190.26343","588629.7435",0,"-",0,-0.119019135682653,-0.539498512914512,32.6182501056659,2.67333869712783
"372","375",37.52657611,-77.45482383,"9.276440808",28.8125,"5026.548","141346.55",0.04,"-",0,0.0459553007334515,-0.397544575637756,30.2051943426238,1.3107527490961
"373","376",37.52658512,-77.45483051,"7.816331932",13.25,"1841.758667","25974.16267",0,"-",0,-0.527234950015941,-0.539498512914512,33.4214497053016,2.67689704052158
"374","377",37.52658678,-77.45474515,"11.62363346",32,"23131.54671","740209.4947",0,"-",0,0.163355713537544,-0.539498512914512,32.0626533897197,2.67320108145552
"375","378",37.52650179,-77.45469589,"24.75306716",30.58628403,"2727.48244","83014.97404",0,"-",0,0.111286430881626,-0.539498512914512,32.1651041657899,2.67308344562295
"376","379",37.52534148,-77.45654168,"76.0852472",2.25,"539.55078","1213.989",0.05,"-",0,-0.932381472633985,-0.362056091318566,37.112017723093,0.994942534837005
"377","380",37.52535788,-77.456608,"70.72507599",20.4375,"20097.5552","390869.102",0,"-",0,-0.262508528987105,-0.539498512914512,36.2433632181449,1.33245755196356
"379","382",37.52553639,-77.45661869,"47.78177221",6.625,"357.66602","2369.537",0.2,"-",0,-0.771243651138172,0.17027117346927,35.1466409252722,1.31613841955412
"387","390",37.52560029,-77.45663509,"38.94282047",7.125,"4354.247","30479.73",0,"-",0,-0.752827900110079,-0.539498512914512,33.8653231683917,2.68056247775221
"389","392",37.52570038,-77.45661037,"27.88887454",9,"1072.068","9648.616",0,"-",0,-0.683768833754731,-0.539498512914512,33.5161934394016,1.31180112631172
"396","399",37.52600462,-77.45648535,"1.634511531",18.30729167,"1101.651898","21568.25204",0,"-",0,-0.340967301473604,-0.539498512914512,33.0549521432739,2.67478127767283
"397","400",37.526,-77.456,"11.02135686",9.1875,"4337.62313","46617.90237",0.11,"-",0,-0.676862927119196,-0.149125185403432,33.1677401814433,2.67492874522851
"401","404",37.52614656,-77.45654834,"18.58447562",6.25,"3242.124","19452.74",0.38,"-",0,-0.785055464409242,0.809063891214674,32.026345109608,2.68264958900067
"404","407",37.52609604,-77.45628713,"4.898830407",18.25625,"1261.820714","22632.58297",0,"-",0,-0.34284724284716,-0.539498512914512,33.0586510890412,2.6747985083746
"406","409",37.52609396,-77.45636295,"0.12523139",8.075,"3010.666805","24512.78665",0.25,"-",0,-0.717837973156703,0.347713595065215,32.5485434076724,2.67545319561958
"411","414",37.52619688,-77.4561778,"1.39099936",12.75,"4418.650067","56337.78836",0,"-",0,-0.545650701044034,-0.539498512914512,33.4576842737171,2.67715101550672
"415","418",37.52608869,-77.45609508,"19.00912769",25.125,"9151.851966","229965.2662",0,"-",0,-0.0898608630987339,-0.539498512914512,31.3951797689009,1.30859582591074
"418","421",37.52622629,-77.45612907,"1.534884781",11.5,"3848.451","42332.96",0,"-",0,-0.591690078614266,-0.539498512914512,33.5482706947559,2.6778211756576
"419","422",37.526,-77.456,"1.312715693",8.640625,"1295.514337","10654.62533",0,"-",0,-0.697005154806173,-0.539498512914512,33.7554871328821,2.67954318641417
"420","423",37.52621517,-77.45619729,"1.968059073",9.944444444,"680.8093074","6690.954161",0,"-",0,-0.648983526273591,-0.539498512914512,33.6610004631919,2.678725376944
"421","424",37.52624099,-77.4562018,"5.118439338",65.83333333,"30699.9048","2175275.046",0.02,"-",0,1.40948819964906,-0.468521544276134,29.5201554705596,2.69311434160354
"422","425",37.52624552,-77.45601736,"5.139352706",30.75,"8387.790552","259743.2897",0.11,"-",0,0.117316335967312,-0.149125185403432,33.6898781830996,0.9955953659497
"423","426",37.52634165,-77.45622652,"17.89102317",39.625,"6470.895","252364.9",0.01,"-",0,0.444195916715961,-0.504010028595323,31.4626741009483,2.67446840015807
"426","429",37.52635485,-77.45609912,"12.48018594",23.4,"7092.538116","154021.5575",0,"-",0,-0.153395204145655,-0.539498512914512,32.6858879664666,2.67348529286898
"428","431",37.5264129,-77.45598171,"15.24169113",6.925,"1974.255363","13671.71839",0.28,"-",0,-0.760194200521316,0.454179048022783,32.479563762964,2.67700829990385
"429","432",37.5264146,-77.45595533,"14.38120165",25,"5084.66771","127116.693",0,"-",0,-0.0944648008557571,-0.539498512914512,35.6900254558671,1.32964400384478
"431","434",37.52641498,-77.45587119,"10.98017888",7.125,"4976.283","34833.98",0.17,"-",0,-0.752827900110079,0.0638057205117027,33.0154404761855,2.67524237296195
"432","435",37.52640348,-77.45588093,"9.879366055",6.75,"5497.787","32986.72",0,"-",0,-0.766639713381149,-0.539498512914512,33.8924990947033,2.68082605093609
"433","436",37.52660875,-77.45586335,"35.94516327",11,"3628.54","39913.93",0.01,"-",0,-0.610105829642359,-0.504010028595323,33.5348210880618,2.67759216522542
"434","437",37.52662251,-77.45587927,"38.39384172",3.375,"5382.33361","16147.0008",0.34,"-",0,-0.890946032820776,0.667109953937917,32.4271524367538,2.68300174131027
"436","439",37.5266112,-77.45587689,"36.82050281",7.25,"871.792","6102.544",0,"-",0,-0.748223962353056,-0.539498512914512,33.8562645262878,2.68047562263235
"438","441",37.52655597,-77.45602711,"35.77299394",10.625,"2667.998","26679.98",0,"-",0,-0.623917642913429,-0.539498512914512,33.6116811894831,2.6783202112277
"440","443",37.52655126,-77.45575734,"24.09594334",12.83333333,"2039.941036","25787.37098",0.59,"-",0,-0.54258140932879,1.55432206191764,30.5289021576917,2.69540193163812
"443","446",37.52676256,-77.45562163,"46.63956659",5.458333333,"2944.719587","15412.65443",0.02,"-",0,-0.814213736882666,-0.468521544276134,33.8858531226042,2.68058751850887
"445","448",37.52667548,-77.45544955,"28.53331682",19.925,"12337.03435","245815.4094",0.15,"-",0,-0.2813846737909,-0.00717124812667553,32.2031284311696,2.67083345312755
"446","449",37.52665418,-77.45545668,"26.00407139",27.75,"4498.29102","124827.576",0,"-",0,0.00682182979875402,-0.539498512914512,26.8739753916209,1.37380479964216
"447","450",37.5266489,-77.45553986,"28.51932219",28.75,"6635.044","185781.2",1,"-",0,0.0436533318549399,3.0093499190044,27.471267893907,2.80457081127918
"448","451",37.52675502,-77.45547831,"40.116295",13,"5538.628","72002.16",0.71,"-",0,-0.536442825529987,1.98018387374791,30.4187102647494,1.02849626755298
"451","454",37.52673674,-77.45541271,"35.17752069",41.75,"4273.4375","178416.0156",0.59,"-",0,0.522462858585356,1.55432206191764,28.7292466477647,1.31756707257444
"453","456",37.52680008,-77.45538252,"42.35147927",8.664772727,"3056.876967","28636.26834",0.24,"-",0,-0.69611575774952,0.312225110746026,34.1597330678494,1.32010813731274
"454","457",37.52681063,-77.45519285,"36.42220814",26,"1914.800722","49784.81878",0.12,"-",0,-0.0576332987995712,-0.113636701084243,31.9156081475205,2.67046392489477
"455","458",37.52672694,-77.45525631,"27.85199083",14.25,"3166.725","44334.16",0.03,"-",0,-0.490403447959755,-0.433033059956945,33.2007053368738,2.67508940620414
"457","460",37.52693466,-77.45522827,"54.11891651",1.5,"6484.247237","9726.370856",0.94,"-",0,-0.960005099176125,2.79641901308926,29.5314574691557,2.802630193637
"462","465",37.5269822,-77.45474246,"38.54623431",26.25,"1193.805208","31337.38672",0.48,"-",0,-0.0484254232855248,1.16394873440656,30.1528673429653,2.68992985542673
"464","467",37.52644501,-77.45662399,"56.78081168",6.0625,"6569.8555","35236.89",0.95,"-",0,-0.791961371044777,2.83190749740845,29.184930186641,2.77650192895837
"465","468",37.52644172,-77.45663885,"57.44736927",10,"1521.316333","14195.28667",0.81,"-",0,-0.646937331698545,2.33506871693981,29.6260986989678,2.73149966856552
"469","472",37.52656165,-77.4565215,"62.496626",12.875,"9610.1319","97656.4075",0.4,"-",0,-0.541046763287011,0.880040859853052,31.4672378097839,2.67909539720435
"472","475",37.52634231,-77.45610585,"11.11985014",28.25,"2093.8715","58628.4021",0.11,"-",0,0.025237580826847,-0.149125185403432,31.8030140584923,2.67054583443067
"480","483",37.52575918,-77.4571897,"8.615911898",11.375,"5422.36328","61679.382",0,"-",0,-0.596294016371289,-0.539498512914512,35.8677449789593,1.3179764046376
"482","485",37.52572827,-77.45710889,"0.71176584",36.90625,"1623.221563","59067.71145",0,"-",0,0.344060270500706,-0.539498512914512,31.7071016871425,2.67411079844835
"483","486",37.52635267,-77.4570478,"74.76490874",4.75,"1662.59766","7897.339",0.97,"-",0,-0.840302717493521,2.90288446604683,25.1770044973787,1.42604022046966
"484","487",37.52634683,-77.45705992,"74.89981671",12.83333333,"6480.05833","81409.41047",0.63,"-",0,-0.54258140932879,1.6962759991944,31.5851257128499,1.32936428609624
"485","488",37.5265042,-77.45684007,"78.25151283",26.234375,"6820.790373","181430.3227",1,"-",0,-0.0490009155051527,3.0093499190044,27.633517891431,2.78842225191734
"486","489",37.52642109,-77.45678707,"65.37645602",11.975,"3172.85137","46262.70337",0.94,"-",0,-0.574195115137578,2.79641901308926,28.8508419555413,2.7522197439284
"487","490",37.526403,-77.45677661,"62.63918634",22.5,"6822.754","150100.6",0.26,"-",0,-0.186543555996222,0.383202079384405,38.3075881733012,1.39410251661576
"488","491",37.52640356,-77.4567942,"63.85942412",19.29166667,"2847.592","54361.85667",0.29,"-",0,-0.304711291637046,0.489667532341972,31.5619441821574,2.6730387048647
"489","492",37.52639715,-77.45683389,"65.74258823",6.5,"1583.363","9500.176",0.06,"-",0,-0.775847588895195,-0.326567606999377,33.6103588225341,2.67798359233087
"492","495",37.52635503,-77.456827,"60.5171969",21.6,"3872.012946","83635.47962",0.08,"-",0,-0.219691907846789,-0.255590638360999,32.4256194742935,2.67135597188109
"493","496",37.52635182,-77.4568163,"59.45113343",8.0625,"954.2587685","7693.711321",0.32,"-",0,-0.718298366932405,0.596132985299539,32.1999958403049,2.67776562432107
"497","500",37.52605281,-77.45688,"29.76651225",12.375,"10310.05859","127586.975",0,"-",0,-0.559462514315104,-0.539498512914512,38.1595743150424,1.35322376278989
"498","501",37.52600361,-77.45687406,"23.58881964",5.75,"1041.438","5207.19",0,"-",0,-0.803471215437335,-0.539498512914512,32.8977423072452,1.31253900954009
"499","502",37.5260087,-77.45685956,"23.42632069",6.25,"1138.827","6832.964",0,"-",0,-0.785055464409242,-0.539498512914512,33.9287336631188,2.68118449825699
"501","504",37.52601662,-77.45683603,"22.77636984",9.5,"19383.54492","184143.677",0,"-",0,-0.665353082726638,-0.539498512914512,32.7120966040051,1.30547783741481
"505","508",37.5256012,-77.45678065,"31.58163162",7,"4382.32422","30676.27",0.31,"-",0,-0.757431837867103,0.56064450098035,36.5808373026474,1.35206163154502
"506","509",37.526,-77.457,"32.77671919",7,"30784.47","215491.3",0.31,"-",0,-0.757431837867103,0.56064450098035,32.3242868002758,2.67809970031467
"507","510",37.52557444,-77.45697887,"25.07363283",10.5,"15279.54102","160435.181",0.05,"-",0,-0.628521580670452,-0.362056091318566,35.1999194149758,1.31820135446627
"508","511",37.52547219,-77.45677637,"47.99101204",30.5,"2043.606","62304.065",0,"-",0,0.108108460453265,-0.539498512914512,30.3315952696461,0.990845367696434
"513","517",37.52562137,-77.45657515,"39.35941697",43.875,"26612.43","1144335",0,"-",0,0.600729800454751,-0.539498512914512,31.2020823898512,2.67673975139303
"514","518",37.52621633,-77.45655447,"26.83718281",4.75,"955.0442","3820.177",0.38,"-",0,-0.840302717493521,0.809063891214674,33.8262702656406,1.32941524445087
"523","527",37.52565287,-77.45635791,"49.85706272",7.25,"1182.024236","8569.67571",0,"-",0,-0.748223962353056,-0.539498512914512,33.8562645262878,2.68047562263235
"524","528",37.52570282,-77.45632939,"46.07343911",5.25,"6647.61005","33238.0503",0,"-",0,-0.821886966465428,-0.539498512914512,34.0012027999498,2.68192543701714
"529","533",37.52546712,-77.45606742,"89.99365547",14.75,"4652.306","67470.805",0.13,"-",0,-0.471987696931662,-0.0781482167650537,32.6707381922906,2.67224808467777
"530","534",37.52548352,-77.45604579,"89.55772342",28.5,"6715.154297","191381.8975",0.46,"-",0,0.0344454563408934,1.09297176576819,30.0949998730005,2.69075332114025
"531","535",37.52553996,-77.45608406,"80.64929757",31,"2657.3945","83324.86",0,"-",0,0.126524211481358,-0.539498512914512,32.1351225265508,2.67311117839522
"532","536",37.52604336,-77.45605126,"27.02503512",13.71875,"14021.712","169737.89",0,"-",0,-0.509970183427104,-0.539498512914512,33.387479797412,2.67666625394244
"537","541",37.52629063,-77.45587889,"4.929816547",20.1875,"2764.6015","53840.615",0,"-",0,-0.271716404501152,-0.539498512914512,32.9186950685363,2.67420520013243
"538","542",37.52628046,-77.45588626,"5.955977405",11.375,"1389.16016","15801.697",0,"-",0,-0.596294016371289,-0.539498512914512,34.3537944320876,1.30794684943345
"539","543",37.52626933,-77.45586867,"8.128466478",17.5,"30201.70098","528529.7671",0,"-",0,-0.370701066277151,-0.539498512914512,33.1134558737697,2.67506366096621
"540","544",37.52629686,-77.45591954,"2.45148756",19.125,"3023.783","57451.88",0.15,"-",0,-0.310849875435849,-0.00717124812667553,32.2601470714258,2.67096458559239
"541","545",37.5263272,-77.45597254,"3.682189435",3.125,"1343.03086","4029.09258",0,"-",0,-0.900153908334823,-0.539498512914512,34.1551997157158,2.68360626878897
"544","548",37.52624394,-77.45592358,"9.190451788",15.25,"2161.416","32421.24",0,"-",0,-0.453571945903569,-0.539498512914512,33.2765114316395,2.67596170620915
"546","550",37.52607045,-77.45601865,"26.30754836",16.75,"2332.632545","39071.59513",0.02,"-",0,-0.39832469281929,-0.468521544276134,33.0693561841654,2.67448759150736
"549","553",37.52600485,-77.45592381,"40.08436192",9,"2325.43945","20928.955",0,"-",0,-0.683768833754731,-0.539498512914512,34.6954011517891,1.31310093503983
"551","555",37.52602446,-77.45588959,"39.22588642",6.125,"483.8053","2902.832",0,"-",0,-0.789659402166265,-0.539498512914512,33.9377923052227,2.68127536268335
"554","558",37.52548916,-77.45599916,"91.98467836",29.6875,"7767.588","229893.9",0.89,"-",0,0.0781828650326141,2.61897659149332,24.5687207227209,1.32651291273512
"555","559",37.52549632,-77.45599322,"91.56391248",19.5,"4644.844473","90066.32007",0.82,"-",0,-0.297038062164779,2.37055720125899,28.949981777657,2.72789564163902
"561","565",37.52612003,-77.45574693,"32.60452176",17.875,"3325.375824","59441.09285",0,"-",0,-0.356889253006081,-0.539498512914512,33.0862799474581,2.67492987220599
"563","567",37.52613857,-77.45568846,"32.5816625",25.125,"6104.115","152602.9",0.03,"-",0,-0.0898608630987339,-0.433033059956945,32.4152044182473,2.67213508053666
"566","570",37.52625331,-77.45575216,"14.99695856",77,"8821.592","679262.6",0,"-",0,1.82077330606591,-0.539498512914512,28.8015422323233,2.71047479753486
"568","572",37.52687699,-77.4554814,"56.29404429",75,"706.8583","53014.38",0.99,"-",0,1.74711030195354,2.97386143468521,24.5328685122989,3.60638749865446
"570","574",37.52689641,-77.4554215,"56.53897857",27,"24127.43","651440.7",0.05,"-",0,-0.0208017967433854,-0.362056091318566,32.1829559930513,2.67141746402015
"572","576",37.52669383,-77.45547379,"31.88510524",19,"1112.06055","21129.15",0.4,"-",0,-0.315453813192872,0.880040859853052,30.2846575262432,1.30942085636198
"577","581",37.52653711,-77.45544123,"9.99503296",7.3125,"2463.009","17241.06",0,"-",0,-0.745921993474544,-0.539498512914512,33.8517352052358,2.68043238308895
"581","585",37.52649263,-77.4555527,"8.439586471",20.375,"4860.82929","98245.0847",0,"-",0,-0.264810497865617,-0.539498512914512,32.9051071053805,2.67415401497419
"582","586",37.52636394,-77.4555016,"10.47545614",56.125,"1278.628","71603.18",0,"-",0,1.05191570064303,-0.539498512914512,30.3143354636711,2.68514926537746
"584","589",37.52629985,-77.45551134,"18.53751563",5.5,"1017.090622","5593.998419",0,"-",0,-0.812679090951381,-0.539498512914512,33.9830855157421,2.68173719784188
"585","590",37.52638656,-77.45541889,"10.68910278",24.125,"5843.362336","140971.1163",0,"-",0,-0.12669236515492,-0.539498512914512,32.6333478422641,2.67336897672343
"586","591",37.52638072,-77.45549162,"8.651898617",12.75,"5739.689778","73181.04467",0.15,"-",0,-0.545650701044034,-0.00717124812667553,32.7145143609673,2.67273752779597
"587","592",37.52622839,-77.45553416,"27.0654855",9.75,"5554.336","49989.02",0.06,"-",0,-0.656145207212591,-0.326567606999377,33.3763887152973,2.67610801438916
"588","593",37.52628155,-77.45555745,"19.16799796",8.125,"466.5265091","3790.527886",0,"-",0,-0.715996398053893,-0.539498512914512,33.7928540315606,2.67988167828208
"589","594",37.52625403,-77.45546951,"26.18494152",22.4375,"644.026494","14450.34446",0,"-",0,-0.188845524874733,-0.539498512914512,32.7556395106665,2.67366597657834
"592","597",37.52611045,-77.45557148,"41.0487986",3.75,"518.3627878","1943.860454",0,"-",0,-0.877134219549707,-0.539498512914512,34.1099065051964,2.68309690511607
"596","601",37.52587777,-77.45526126,"83.76012796",18.625,"6673.52827","123113.7129",0.31,"-",0,-0.329265626463942,0.56064450098035,31.5105630567871,2.67374982953318
"597","602",37.52587079,-77.45526981,"84.34824057",5.75,"980.1769079","5636.017221",0.24,"-",0,-0.803471215437335,0.312225110746026,32.7625030022136,2.67671142337011
"599","604",37.52582951,-77.45535324,"86.56405291",14.1875,"785.3982","10995.57",0.26,"-",0,-0.492705416838267,0.383202079384405,35.0627941123669,1.3317454315107
"600","605",37.52593162,-77.4552218,"78.19225445",2.75,"4665.265091","12829.479",0.06,"-",0,-0.913965721605892,-0.326567606999377,33.8803243308843,2.68051956763187
"601","606",37.52596781,-77.45524961,"72.35405865",23,"21441.36986","493151.5068",0,"-",0,-0.168127804968129,-0.539498512914512,32.714875621199,2.67355674417133
"602","607",37.52602794,-77.45522204,"65.5011349",6.958333333,"3279.822667","22347.19667",0.02,"-",0,-0.758966483798387,-0.468521544276134,33.7773885846598,2.67955421946785
"603","608",37.52593068,-77.45528716,"75.7940323",20.5,"397.4114707","8146.935149",0.18,"-",0,-0.260206560108593,0.0992942048308917,32.0153658475272,2.67080804112224
"604","609",37.52611648,-77.45540791,"46.67184663",11.375,"1960.353816","22299.02466",0,"-",0,-0.596294016371289,-0.539498512914512,33.5573293368598,2.67789095813658
"605","610",37.52614626,-77.45538747,"43.53942142",4.9375,"173.5729941","857.0166584",0,"-",0,-0.833396810857986,-0.539498512914512,34.0238494052095,2.68216355165811
"606","611",37.52615418,-77.45540909,"41.66239898",6,"565.4866776","3392.920066",0.11,"-",0,-0.794263339923288,-0.149125185403432,36.6759013336549,1.33245828650407
"607","612",37.52619301,-77.45537938,"37.69642874",12.125,"2078.16354","25197.73293",0,"-",0,-0.56867038982915,-0.539498512914512,33.5029774842365,2.67747980720937
"608","613",37.52618057,-77.45538937,"38.94921657",3.5,"414.6902303","1451.415806",0,"-",0,-0.886342095063753,-0.539498512914512,34.1280237894041,2.6832991512292
"609","614",37.52628607,-77.45525223,"30.35077402",13.625,"1753.008701","23884.74355",0,"-",0,-0.513423136744871,-0.539498512914512,33.39427377899,2.67671184484602
"610","615",37.52627684,-77.45524914,"31.68613156",5.125,"988.0308896","5063.658309",0,"-",0,-0.826490904222451,-0.539498512914512,34.0102614420537,2.68202030749042
"611","616",37.52625987,-77.4552672,"33.22264051",26.25,"1919.513","49907.34",0,"-",0,-0.0484254232855248,-0.539498512914512,31.5672310629957,1.30759983442442
"612","617",37.5263249,-77.45527576,"24.3303482",9.5,"2348.340509","22309.23483",0.08,"-",0,-0.665353082726638,-0.255590638360999,33.2947788983326,2.67556342908004
"613","618",37.5263085,-77.45530024,"25.5447928",9.75,"1382.300768","13477.43248",0,"-",0,-0.656145207212591,-0.539498512914512,33.6750916842102,2.67884387399478
"614","619",37.52629418,-77.45529929,"27.46762251",15,"14297.91148","203885.4923",0,"-",0,-0.462779821417616,-0.539498512914512,30.8223816246579,1.32490305181386
"615","620",37.5264551,-77.45524605,"8.33516041",7.05,"1193.805","8356.636",0,"-",0,-0.755590262764293,-0.539498512914512,31.2257565969322,1.31795811765839
"616","621",37.52639252,-77.45538604,"11.17249952",18.75,"2144.136986","40202.56849",0,"-",0,-0.324661688706919,-0.539498512914512,33.0228694527309,2.67463535742538
"617","622",37.52640119,-77.45532923,"12.22290727",26.10227273,"2441.731488","69267.60146",0,"-",0,-0.0538664405342845,-0.539498512914512,32.4900565942415,2.67313816857398
"618","623",37.52639874,-77.45534492,"11.94016347",17.9375,"979.39151","16649.6557",0,"-",0,-0.35458728412757,-0.539498512914512,33.0817506264061,2.67490801550769
"619","624",37.52639195,-77.45530856,"14.23687695",7.125,"794.822941","5563.76059",0,"-",0,-0.752827900110079,-0.539498512914512,33.8653231683917,2.68056247775221
"622","627",37.52661238,-77.45527053,"13.31757702",50.6875,"7810.78473","390539.237",0,"-",0,0.851644408212517,-0.539498512914512,30.7083863951898,2.68082222327305
"624","629",37.52664427,-77.45523797,"16.26025438",2.5625,"433.5398","867.0796",0,"-",0,-0.920871628241427,-0.539498512914512,34.1959636051832,2.6840753759411
"625","630",37.52672195,-77.45540434,"32.90791253",29.75,"4338.539441","132035.6151",0.97,"-",0,0.0804848339111257,2.90288446604683,27.5513391388946,2.80277726243939
"626","631",37.52668652,-77.45524652,"22.15208966",26.5,"12957.4989","343373.7208",0.25,"-",0,-0.0392175477714783,0.347713595065215,31.2500217077465,2.67282829788917
"633","638",37.52672674,-77.45503446,"19.2651066",25.625,"5211.902212","133554.9942",0.15,"-",0,-0.0714451120706409,-0.00717124812667553,33.2400110258787,0.98393834417284
"634","639",37.52670978,-77.45501497,"16.2794622",10,"8510.574","85105.74",0,"-",0,-0.646937331698545,-0.539498512914512,37.7167837103814,1.34546179113689
"638","643",37.52637499,-77.45508723,"25.01131951",43.1375,"9454.625455","398142.045",0,"-",0,0.573566567688314,-0.539498512914512,31.2555283782641,2.67638739632923
"639","644",37.52642777,-77.45499715,"21.53838221",7.625,"1544.956727","11780.29505",0,"-",0,-0.734412149081986,-0.539498512914512,33.8290885999761,2.68021806577938
"640","645",37.52634294,-77.45506608,"30.04658191",28.75,"9650.971","270227.25",0,"-",0,0.0436533318549399,-0.539498512914512,32.2981780844206,2.67302719579913
"641","646",37.52636688,-77.45512573,"24.59263026",92.4375,"7628.177","893527.6",0,"-",0,2.38935961905828,-0.539498512914512,27.6827999324943,2.73792123557461
"645","650",37.52616272,-77.45509579,"52.62846138",26.25,"13273.23","345104",0.13,"-",0,-0.0484254232855248,-0.0781482167650537,31.8492616226247,2.67044869319836
"647","652",37.52596321,-77.45508913,"79.15242527",24.97916667,"1180.453317","32106.29037",0,"-",0,-0.0952321236924892,-0.539498512914512,32.5714471209794,2.67325375250087
"648","653",37.52595398,-77.45507416,"80.94636603",9.8125,"879.6459","7916.813",0,"-",0,-0.65384323833408,-0.539498512914512,33.6705623631583,2.67880565309718
"649","654",37.52594776,-77.45508081,"81.50849614",12.25,"824.6680716","10102.18388",0,"-",0,-0.564066452072127,-0.539498512914512,33.4939188421326,2.67741304257838
"650","655",37.52595718,-77.4551148,"78.95607305",7.125,"989.6016859","7050.912012",0,"-",0,-0.752827900110079,-0.539498512914512,33.8653231683917,2.68056247775221
"651","656",37.52594229,-77.45501854,"84.63123148",4,"346.3605901","1385.44236",0.19,"-",0,-0.86792634403566,0.134782689150081,33.1371868101774,2.67720687482247
"652","657",37.52597848,-77.45500404,"80.42571208",9.375,"1958.783","17629.05",0,"-",0,-0.669957020483661,-0.539498512914512,33.7022676105218,2.67907583627813
"653","658",37.52590753,-77.45502781,"88.84990511",8.25,"1482.046334","12226.88226",0.38,"-",0,-0.71139246029687,0.809063891214674,31.887465740934,2.6808196336954
"654","659",37.5258966,-77.45516424,"85.02474415",15.4375,"3227.9865","49809.95",0.66,"-",0,-0.446666039268034,1.80274145215197,30.0071166191246,2.70244525697113
"655","660",37.52593939,-77.45519656,"78.14379825",19.5,"3473.030679","67724.09823",0,"-",0,-0.297038062164779,-0.539498512914512,32.9685176001076,2.67440259825719
"656","661",37.52601136,-77.45497262,"77.31003593",1,"1005.309649","1005.309649",0,"-",0,-0.978420850204218,-0.539498512914512,34.3091966314817,2.68543149257529
"657","662",37.52595669,-77.45482835,"90.07444196",6.25,"27755.97109","173474.8193",0.31,"-",0,-0.785055464409242,0.56064450098035,32.3767851063074,2.6786786808665
"658","663",37.52611931,-77.45489894,"65.94004934",10.25,"2193.61707","22484.57497",0,"-",0,-0.637729456184498,-0.539498512914512,33.6388571157947,2.6785416233794
"659","664",37.52609292,-77.45488539,"69.93735162",28.625,"17804.97639","506354.0499",0,"-",0,0.0390493940979166,-0.539498512914512,32.3072367265245,2.67302733311754
"660","665",37.5261768,-77.45491653,"57.69191483",34.5,"3369.358121","116242.8552",0,"-",0,0.255434468678009,-0.539498512914512,31.8814805476422,2.67356736582606
"661","666",37.52619904,-77.45488658,"55.91902891",39.625,"8618.959","336139.4",0,"-",0,0.444195916715961,-0.539498512914512,31.5100762213831,2.67494995064006
"662","667",37.52611705,-77.45486566,"67.52192335",29.75,"99018.29","2871530",0.15,"-",0,0.0804848339111257,-0.00717124812667553,31.5028682555233,2.67088584422353
"663","668",37.52616248,-77.45491867,"59.49555609",32.5,"31214.86461","1014483.1",0,"-",0,0.181771464565637,-0.539498512914512,32.0264188213042,2.67325816495689
"664","669",37.5263676,-77.45478414,"37.70606081",6.25,"1006.48785","6038.9265",0,"-",0,-0.785055464409242,-0.539498512914512,33.9287336631188,2.68118449825699
"665","670",37.52640304,-77.45481076,"31.9888911",5.5,"4008.67223","20043.3611",0,"-",0,-0.812679090951381,-0.539498512914512,33.9830855157421,2.68173719784188
"667","672",37.52633329,-77.45498973,"34.26328774",6,"311.0176727","1866.106036",0,"-",0,-0.794263339923288,-0.539498512914512,33.9468509473266,2.6813667280467
"668","673",37.52640059,-77.45498427,"25.61420893",7.0625,"296.8805","1943.8605",0,"-",0,-0.755129868988591,-0.539498512914512,35.0465494447899,1.30974629023363
"669","674",37.52634724,-77.45497452,"33.01377053",22.875,"7835.132078","179228.6463",0,"-",0,-0.172731742725152,-0.539498512914512,32.7239342633029,2.67358013382835
"670","675",37.52647738,-77.45498641,"15.4209343",26.5,"8017.344","208451",0,"-",0,-0.0392175477714783,-0.539498512914512,32.4612336422904,2.67310702139126
"671","676",37.52646117,-77.45498141,"17.74784586",18.25,"6573.783","118328.1",0,"-",0,-0.343077439735012,-0.539498512914512,33.0591040211464,2.67480062403804
"672","677",37.52648134,-77.45486875,"19.43982423",10,"1182.02424","11820.2424",0,"-",0,-0.646937331698545,-0.539498512914512,33.6569744000024,2.67869174391149
"673","678",37.52647097,-77.45477487,"24.95488179",9.6875,"962.1127502","9320.467267",0,"-",0,-0.658447176091103,-0.539498512914512,33.6796210052621,2.67888222046796
"674","679",37.52645721,-77.45478889,"26.04491502",30.75,"3242.123619","99695.30127",0,"-",0,0.117316335967312,-0.539498512914512,32.1532398107585,2.67309375792237
"675","680",37.52655958,-77.45494909,"6.037867841",18.375,"2459.867","44277.61",0,"-",0,-0.338473501977988,-0.539498512914512,32.6908582915695,1.30353490927866
"676","681",37.52659276,-77.45494933,"1.660722304",18.20833333,"3628.277715","58095.37855",0.21,"-",0,-0.344612085776791,0.205759657788459,32.030823874904,2.6713301247051
"677","682",37.52669796,-77.45498902,"13.72175351",17.25,"25434.33","432383.7",0,"-",0,-0.379908941791197,-0.539498512914512,33.1315731579775,2.67515537568883
"679","684",37.52673377,-77.45491059,"14.86154072",7.6875,"2031.432","15719.35",0,"-",0,-0.732110180203475,-0.539498512914512,33.8245592789242,2.68017557844106
"681","686",37.52690653,-77.45467191,"25.59977422",9.5,"12582.08","113238.7",0,"-",0,-0.665353082726638,-0.539498512914512,33.693208968418,2.67899801328693
"682","687",37.5268956,-77.45468332,"24.74621204",18.16666667,"2271.764173","43404.85737",0,"-",0,-0.346146731450255,-0.539498512914512,33.4588274115924,1.3066839922136
"683","688",37.5267252,-77.4547173,"4.671853484",9,"745.735558","6814.11458",0,"-",0,-0.683768833754731,-0.539498512914512,33.7294435368335,2.67931231810622
"684","689",37.52671464,-77.4546498,"0.151509348",9.25,"753.9822369","6974.335691",0,"-",0,-0.674560958240684,-0.539498512914512,33.7113262526257,2.67915416144115
"688","693",37.52651866,-77.45469068,"22.8519751",8.875,"2048.318638","21458.84571",0,"-",0,-0.688372771511754,-0.539498512914512,33.7385021789374,2.67939214951935
"689","694",37.52648266,-77.45470162,"26.91676485",9.125,"5780.530483","52747.34065",0.05,"-",0,-0.679164895997708,-0.362056091318566,34.7983054052901,1.3068857103032
"691","696",37.52641593,-77.45473299,"33.92732227",8.75,"346.3605901","3030.655163",0,"-",0,-0.692976709268777,-0.539498512914512,33.7475608210412,2.67947248292647
"692","697",37.52649057,-77.45468973,"26.46920278",8.5,"1756.150293","14927.27749",0.06,"-",0,-0.702184584782824,-0.326567606999377,33.4663772180807,2.67679392993392
"693","698",37.52636786,-77.45468427,"42.33498227",6.75,"723.74445","4342.4665",0,"-",0,-0.766639713381149,-0.539498512914512,33.8924990947033,2.68082605093609
"694","699",37.52631169,-77.45475129,"46.35651636",10.25,"3122.743098","32008.11675",0.13,"-",0,-0.637729456184498,-0.0781482167650537,32.9921855456381,2.67403753025901
"698","703",37.52605445,-77.45470756,"81.8650616",3.75,"1898.045551","6739.10893",0,"-",0,-0.877134219549707,-0.539498512914512,34.1099065051964,2.68309690511607
"701","706",37.52688093,-77.45435422,"5.516317101",14.71354167,"1819.309339","28941.69246",0,"-",0,-0.473330511988022,-0.539498512914512,33.3153881037604,2.67619993484821
"702","707",37.52690005,-77.45439724,"10.18295654",19.25,"637.7433087","12276.55869",0,"-",0,-0.306245937678826,-0.539498512914512,32.9866348843154,2.67447816564099
"703","708",37.52696187,-77.4543913,"17.45516782",18,"26262.92919","472732.7253",0.01,"-",0,-0.352285315249058,-0.504010028595323,33.028095187283,2.6744554374469
"704","709",37.52700937,-77.45437585,"22.45559234",18.0625,"1275.486617","23038.47703",0.03,"-",0,-0.349983346370546,-0.433033059956945,32.925328578045,2.67365241676299
"705","710",37.52696394,-77.45437443,"16.79992612",6.375,"932.66055","5723.5895",0.58,"-",0,-0.780451526652219,1.51883357759846,31.0166073217243,2.7028656399103
"706","711",37.52713331,-77.4542708,"32.01170602",10.3125,"6024.003913","62122.54036",0.66,"-",0,-0.635427487305987,1.80274145215197,30.3515548320651,2.70684724494279
"707","712",37.52695541,-77.45421637,"7.229927104",17.25,"8249.822308","142309.4348",0,"-",0,-0.379908941791197,-0.539498512914512,33.1315731579775,2.67515537568883
"708","713",37.5270095,-77.45422611,"14.39881484",10.75,"18221.24","182212.4",0,"-",0,-0.619313705156406,-0.539498512914512,33.6026225473792,2.67824741231597
"710","715",37.52702477,-77.45421494,"15.67163939",7.25,"5407.466355","39204.13107",0,"-",0,-0.748223962353056,-0.539498512914512,33.8562645262878,2.68047562263235
"711","716",37.5268379,-77.45426557,"4.548188158",23.5,"15541.45886","365224.2831",0,"-",0,-0.149712053940036,-0.539498512914512,28.0958311993441,1.35037227590464
"712","717",37.52657461,-77.45422207,"39.22671448",15.5,"3565.707595","55236.46294",0,"-",0,-0.444364070389523,-0.539498512914512,36.093885287884,0.994329239966717
"713","718",37.52657291,-77.45424299,"38.30734568",5.9375,"2447.300677","14530.84777",0,"-",0,-0.7965653088018,-0.539498512914512,33.9513802683785,2.68141259856376
"714","719",37.52657762,-77.45425725,"36.95975248",23.5,"2850.995","65572.89",0,"-",0,-0.149712053940036,-0.539498512914512,32.6786410527835,2.67346823855342
"715","720",37.52659798,-77.45423158,"35.84367735",8.125,"11769.98","94159.82",0,"-",0,-0.715996398053893,-0.539498512914512,33.7928540315606,2.67988167828208
"716","721",37.52649902,-77.45410514,"54.81373777",4,"19297.23287","77188.9315",0,"-",0,-0.86792634403566,-0.539498512914512,34.0917892209886,2.68289665867244
"717","722",37.52661061,-77.4540942,"41.69939543",18.5,"1583.363","28500.53",0,"-",0,-0.333869564220965,-0.539498512914512,33.0409867369387,2.67471698147001
"719","724",37.52654332,-77.45419474,"44.54287333",4.125,"8312.654","33250.62",0,"-",0,-0.863322406278637,-0.539498512914512,34.0827305788848,2.68279728546678
"720","725",37.52645853,-77.45417692,"55.91605427",5.5625,"1400.365","7823.353",0,"-",0,-0.81037712207287,-0.539498512914512,33.9785561946901,2.68169045095555
"721","726",37.52642328,-77.45428625,"54.35020461",11.25,"2246.239","24708.63",0,"-",0,-0.600897954128313,-0.539498512914512,33.5663879789637,2.67796124345426
"722","727",37.52646658,-77.45404153,"62.22666532",6.5625,"1555.971955","11598.81023",0.72,"-",0,-0.773545620016684,2.0156723580671,30.303355132289,2.72442167706568
"723","728",37.52648222,-77.45406934,"58.80601584",12.375,"2078.164","24937.96",0.14,"-",0,-0.559462514315104,-0.0426597324458646,33.0452192590131,0.993500580095346
"724","729",37.52645074,-77.45407077,"62.59495828",13.58333333,"2010.226555","27251.44987",0,"-",0,-0.514957782786651,-0.539498512914512,33.3972933265995,2.67673219838269
"725","730",37.52651992,-77.45397403,"59.31483683",6.1875,"11295.59639","69891.50264",0.12,"-",0,-0.787357433287754,-0.113636701084243,33.3324489122892,2.67635958453565
"726","731",37.52653236,-77.45407077,"52.57174365",5.625,"14388.49435","80935.28074",0,"-",0,-0.808075153194358,-0.539498512914512,33.9740268736382,2.68164382924533
"727","732",37.52667236,-77.45400232,"39.06996498",5.5,"1654.048532","9097.266927",0,"-",0,-0.812679090951381,-0.539498512914512,33.9830855157421,2.68173719784188
"728","733",37.52655549,-77.4540779,"49.3469528",12.25,"1710.597","20527.17",0,"-",0,-0.564066452072127,-0.539498512914512,33.4939188421326,2.67741304257838
"731","736",37.52694444,-77.45384117,"7.657392794",11.25,"1602.212253","18024.88785",0,"-",0,-0.600897954128313,-0.539498512914512,33.5663879789637,2.67796124345426
"737","742",37.52696964,-77.45372052,"7.389327518",12.25,"11230.41","134764.9",0.06,"-",0,-0.564066452072127,-0.326567606999377,33.1964117097305,2.67486931634269
"739","744",37.52680883,-77.45365421,"31.06556908",10.15625,"8921.731","89217.31",0,"-",0,-0.641182409502266,-0.539498512914512,33.6456510973726,2.6785976830631
"740","745",37.52671994,-77.45348793,"47.55917642",8.75,"42449.19994","371430.4994",0.38,"-",0,-0.692976709268777,0.809063891214674,31.8527458987655,2.68041775324189
"741","746",37.52680546,-77.45349601,"35.68186798",4.3125,"6554.933072","28268.14887",0,"-",0,-0.856416499643102,-0.539498512914512,34.0691426157289,2.68264916333487
"742","747",37.52682318,-77.45347961,"33.69585581",8.5,"26589.65482","226012.066",0.23,"-",0,-0.702184584782824,0.276736626426837,32.6183580377705,2.67484422700262
"743","748",37.52683279,-77.45349791,"31.90377418",14.6875,"29484.63245","433055.5391",0.04,"-",0,-0.474289665810174,-0.397544575637756,33.1197145265709,2.67451930273694
"744","749",37.52684806,-77.4535098,"29.50900803",8.75,"9228.42842","80748.74867",0,"-",0,-0.692976709268777,-0.539498512914512,33.7475608210412,2.67947248292647
"747","752",37.52686898,-77.45348674,"27.26072779",8.75,"31667.25395","277088.472",0.01,"-",0,-0.692976709268777,-0.504010028595323,33.697697270455,2.67892552594417
"749","754",37.52704787,-77.45369312,"-",26.75,"4182.245","108738.4",0,"-",0,-0.0300096722574318,-0.539498512914512,32.4431163580827,2.67309006278398
"750","755",37.52680829,-77.45527566,"-",3.75,"6272.975131","23523.65674",0.81,"-",0,-0.877134219549707,2.33506871693981,30.0386713219223,2.75355705842265
"751","756",37.52633291,-77.45536333,"-",18.125,"2934.640238","53190.35431",0,"-",0,-0.347681377492035,-0.539498512914512,33.0681626632503,2.67484320220933
"760","765",37.52602124,-77.45499622,"-",34.25,"13865.41918","474890.6068",0,"-",0,0.246226593163962,-0.539498512914512,28.9471450040805,1.3267224352734
"761","766",37.52598323,-77.45507209,"-",33.5,"3001.792","99059.13",0,"-",0,0.218602966621823,-0.539498512914512,31.9539496844732,2.6733965933116
"762","767",37.52610597,-77.45520073,"-",9.5,"3267.25636","31038.93542",0.01,"-",0,-0.665353082726638,-0.504010028595323,33.6434052096573,2.67846352762468
"766","772",37.5264121,-77.45534239,"-",22.125,"2587.10155","57239.6218",0,"-",0,-0.200355369267291,-0.539498512914512,32.7782861159262,2.67373108205971
"767","773",37.52651012,-77.45495828,"-",33,"16689.71","550760.5",0.38,"-",0,0.20018721559373,0.809063891214674,30.1688335535932,2.68770898587054
"768","774",37.5265297,-77.4549571,"-",16,"2818.00861","45088.13776",0,"-",0,-0.42594831936143,-0.539498512914512,33.2221595790162,2.67564420796071
"769","775",37.52652663,-77.45494712,"-",5.375,"1295.90697","6965.499962",0.96,"-",0,-0.817283028708405,2.86739598172764,29.1794132329371,2.78290182269409
"770","776",37.52627875,-77.45574911,"-",38.5,"7694.545807","296240.0136",0,"-",0,0.402760476902752,-0.539498512914512,31.5644914913139,1.31041296618212
"771","777",37.5262723,-77.45574546,"-",16.3125,"3353.650158","54706.4182",0.32,"-",0,-0.414438474968872,0.596132985299539,31.623172184039,2.67429122335461
"775","781",37.52588177,-77.45514813,"-",3.25,"1641.482162","5334.817025",0.97,"-",0,-0.8955499705778,2.90288446604683,29.2668447481827,2.79922088785973
