"Pool_ID","lat","long","Depth_cm","Pct_Shaded","Depth_Z","Pct_Shaded_Z","Temp_Predicted_C","Temp_StdErr","Temp_Zscore"
"1",37.52519811,-77.45640303,12.08333333,0.71,-0.570205035870929,1.98018387374791,30.8802151771067,1.33563809860865,-0.353615267346419
"2",37.52521135,-77.456398,6.9,0.58,-0.761114988072721,1.51883357759846,30.9809885730049,2.70186651589907,-0.313626540986114
"3",37.52522095,-77.45638146,23.6875,0.42,-0.142806147304501,0.95101782849143,30.6207998270714,2.68169976228924,-0.456556022232772
"4",37.52523002,-77.45637803,16.41666667,0.43,-0.410601860048581,0.986506312810619,26.7788209045551,1.35455024904597,-1.98112351790139
"5",37.52523329,-77.45638291,17.09375,0.58,-0.385663863987477,1.51883357759846,30.2893912020372,2.6931113431923,-0.588065025197426
"6",37.52528941,-77.45647507,9.125,0.06,-0.679164895997708,-0.326567606999377,33.358391456229,1.30352760926705,0.629770399228856
"8",37.52532728,-77.45645595,8.25,0.27,-0.71139246029687,0.418690563703594,32.4364032707695,2.67584657996367,0.263908626613677
"10",37.5255603,-77.4566013,15.0625,0,-0.460477852539104,-0.539498512914512,35.0420221698671,1.31744245328578,1.29786585536969
"11",37.52555263,-77.45662282,26,0,-0.0576332987995712,-0.539498512914512,31.2352311179227,1.3129883297209,-0.212738449766742
"12",37.52537433,-77.4564894,7.8125,0.03,-0.727506242446452,-0.433033059956945,33.6656857657159,2.6784968037647,0.751710400799943
"13",37.52520521,-77.45638018,22.75,0.23,-0.177335680482175,0.276736626426837,27.5110619189307,1.34704256746351,-1.6905568927255
"14",37.52522482,-77.45637103,17.9,0.91,-0.355968465454677,2.6899535601317,28.2228357577951,1.32230079962938,-1.40811201708072
"15",37.52536445,-77.45656074,11.625,0,-0.587086140857243,-0.539498512914512,37.2676566595607,0.994415048452971,2.18103832160579
"16",37.5253277,-77.45656179,21.1996348,0,-0.234437959533814,-0.539498512914512,31.9003647389799,0.99141101525555,0.051198734531
"18",37.52536918,-77.45664537,21,0,-0.241790809080501,-0.539498512914512,32.6708396513418,1.30329939621724,0.356937269620524
"22",37.52551164,-77.45677258,14.25,0,-0.490403447959755,-0.539498512914512,35.9897242659521,0.825369851319922,1.6739313779577
"23",37.52574749,-77.45662479,14.75,0,-0.471987696931662,-0.539498512914512,38.0454486072123,1.01239715073488,2.48968039010672
"24",37.52579633,-77.45660976,9.75,0,-0.656145207212591,-0.539498512914512,39.4926978014513,1.37623136470813,3.06397533658297
"25",37.52581622,-77.45655845,15.75,0,-0.435156194875476,-0.539498512914512,33.240276863224,2.67574802459902,0.582900368733847
"26",37.52582803,-77.45654113,17.875,0.59,-0.356889253006081,1.55432206191764,30.1872510283055,2.6943640074112,-0.628596113996647
"28",37.52585763,-77.45654034,39.04166602,1,0.422710850032148,3.0093499190044,26.8074874074423,2.9061573467309,-1.96974812532435
"30",37.52581369,-77.45642692,15.75,0.01,-0.435156194875476,-0.504010028595323,33.1909713696762,2.67529650326726,0.563335047232374
"31",37.52585458,-77.45635773,5.625,0.2,-0.808075153194358,0.17027117346927,32.9717732097858,2.67620164234655,0.476353208857169
"32",37.52597424,-77.45638878,32.70833333,0,0.189444694037904,-0.539498512914512,30.0192331966512,0.985023906198226,-0.695268662180537
"33",37.52589122,-77.45656788,14.875,0.92,-0.467383759174639,2.72544204445088,28.7611642956095,2.74414833203768,-1.1944934087295
"40",37.52599484,-77.45653859,9,0,-0.683768833754731,-0.539498512914512,33.7294435368335,2.67931231810622,0.777010650333434
"41",37.5259972,-77.45650891,10.65,0,-0.622996855362024,-0.539498512914512,33.6098694610623,2.67830561123628,0.72956147038687
"42",37.52607973,-77.45643671,51.325,0.18,0.875124490773336,0.0992942048308917,28.6766654888454,0.995135447515125,-1.22802408050399
"43",37.52608789,-77.4564114,13.50625,0,-0.517796877614043,-0.539498512914512,33.4028794889886,2.67676999990113,0.647424064191488
"45",37.52605128,-77.45627357,95,0,2.48374034307725,-0.539498512914512,31.9874587951994,1.35173152153515,0.0857592487493372
"46",37.52600845,-77.45630723,21.83333333,0,-0.211097890823117,-0.539498512914512,30.517558090124,1.32296044791881,-0.497524231460538
"47",37.52608648,-77.45620768,29.4703125,0,0.0701835231797862,-0.539498512914512,35.0282238996689,1.32580478340722,1.2923904494227
"48",37.52609316,-77.45620782,31.41057692,0,0.141646376154561,-0.539498512914512,32.1053683715556,2.6731441757221,0.132547924888927
"49",37.5260275,-77.45653779,76.3911091,0,1.79834693963056,-0.539498512914512,28.8456680302706,2.70954249623707,-1.16096078147539
"50",37.52604542,-77.4565691,36.8125,0,0.340607317182938,-0.539498512914512,29.7044656377693,0.720753918566253,-0.820174185776689
"51",37.52606396,-77.45651344,23.875,0.03,-0.135900240668966,-0.433033059956945,29.3097278364175,0.998650607756135,-0.976813364020398
"52",37.52620182,-77.45657427,5.75,0.57,-0.803471215437335,1.48334509327927,31.1091133118976,2.70275205225774,-0.262784301544859
"54",37.52624456,-77.45656391,8.125,0.48,-0.715996398053893,1.16394873440656,29.7616551059922,1.33347443999914,-0.797480358947976
"55",37.52623919,-77.45653763,22.25,0.01,-0.195751431510268,-0.504010028595323,32.7204401760958,2.67329953974225,0.376619664899943
"57",37.52623761,-77.45646715,20.27940949,0.18,-0.268331239931234,0.0992942048308917,32.0310353031571,2.6708296405812,0.103051204001271
"58",37.5262834,-77.45655489,19.57291667,0.86,-0.294352431683744,2.51251113853575,28.7491713579607,2.73506466805411,-1.19925242570634
"60",37.52632209,-77.45658059,27.26640625,0.98,-0.0109896543987296,2.93837295036602,27.6637298371079,2.78913059888976,-1.62997547091699
"61",37.5266243,-77.45644559,44.8921875,1,0.638194343952527,3.0093499190044,26.430146947062,2.98771745182432,-2.11948372052111
"62",37.52661582,-77.45647236,37.35789463,0.9,0.360695020619216,2.65446507581251,27.0464871986511,1.31764691726418,-1.87490863752467
"63",37.52660466,-77.45646139,35.24107143,0.5,0.282729242575834,1.23492570304494,30.3384312150726,0.841262486948436,-0.568605051218203
"64",37.52659723,-77.45654802,49.96875,0.98,0.825171766109634,2.93837295036602,26.1958794195458,3.05543542789784,-2.21244535954749
"65",37.52656916,-77.4565392,19.875,0.89,-0.28322624889371,2.61897659149332,28.582420846641,2.7411158927956,-1.26542207800565
"67",37.5264475,-77.45675386,19.375,1,-0.301641999921803,3.0093499190044,28.0759262697729,2.76256908118755,-1.4664083884979
"68",37.52642193,-77.4568002,25.06899991,0.55,-0.0919234305287155,1.41236812464089,30.4535516463124,0.990111183552541,-0.522923158866577
"69",37.52641706,-77.45677744,14.75,0.84,-0.471987696931662,2.44153416989737,29.1643878575768,2.72962909359318,-1.03448692549234
"70",37.52637806,-77.45668183,24.8125,0.34,-0.101370707491292,0.667109953937917,30.9317030050593,2.6766892309544,-0.333183955644246
"71",37.52638345,-77.45674169,28.8125,0.95,0.0459553007334515,2.83190749740845,27.708557434333,2.79052393259271,-1.61218706056477
"72",37.52626653,-77.4563651,31.875,0,0.158751775780521,-0.539498512914512,32.0717120318236,2.67318807428539,0.119192473801497
"73",37.52617713,-77.45619043,24.52142857,0.06,-0.112091305463834,-0.326567606999377,33.5056849744619,0.984284145831313,0.688219160856482
"74",37.52631161,-77.45620655,49.9333787,0.18,0.823868988000954,0.0992942048308917,29.9245913097802,2.68333332840362,-0.732824293630425
"75",37.52633245,-77.45621727,47.94955849,0.27,0.750801909857236,0.418690563703594,32.6422597540715,0.853886506791213,0.345596243736069
"76",37.52632871,-77.45623354,17.828125,0.38,-0.358615729664965,0.809063891214674,31.2223637643936,2.67700010563305,-0.217844450955529
"77",37.52635334,-77.45616278,32.53571429,0,0.183086875511207,-0.539498512914512,32.0238306375354,2.67326255182052,0.100192260929087
"78",37.52633582,-77.45614881,33.75892857,0,0.228139694780183,-0.539498512914512,31.0393587914421,0.981976699335237,-0.290464170879671
"79",37.52636411,-77.45614973,64.19999848,0,1.34933002376285,-0.539498512914512,29.7291472939136,2.69331493486242,-0.810380053259105
"80",37.52642296,-77.45615742,14,0.06,-0.499611323473802,-0.326567606999377,31.4826317413633,1.31104029470591,-0.114565358109428
"81",37.52639816,-77.45612193,29.11363636,0,0.0570466051959839,-0.539498512914512,32.271825671291,2.67302967107776,0.198601225469536
"82",37.52638273,-77.45612127,32.73859315,0.12,0.190559208660454,-0.113636701084243,31.4337147230607,2.67110050314619,-0.133976525529437
"83",37.5263805,-77.45611551,53.05995263,0,0.939025402132566,-0.539498512914512,30.5364568009212,2.68259380160746,-0.490024877410835
"84",37.52636922,-77.45610247,36.23125,0,0.31919900661278,-0.539498512914512,29.8630236257445,1.31088914259733,-0.757255476559164
"85",37.5263315,-77.45605059,20.125,0.01,-0.274018373379663,-0.504010028595323,32.8742676816894,2.67380670990495,0.437661232200928
"86",37.52633844,-77.45600797,43.41203592,0,0.583678137990291,-0.539498512914512,31.2356329971126,2.67651651300704,-0.212578976754913
"87",37.52635542,-77.45600477,38.23875,0,0.393138246990574,-0.539498512914512,31.6105365623151,2.67449224372327,-0.063810386128782
"88",37.52637766,-77.45599856,55,0,1.01048026082982,-0.539498512914512,30.395863242606,2.68417642211602,-0.545814972419315
"89",37.52639464,-77.4559552,44.98214286,0,0.641507534979333,-0.539498512914512,31.1218487024384,2.67730161271984,-0.257730665683041
"91",37.52639089,-77.45586096,47.30807332,0,0.727175047499368,-0.539498512914512,29.5960026818668,1.31633989610542,-0.863214270167563
"92",37.52637726,-77.45586468,17.54166667,0,-0.369166420235372,-0.539498512914512,34.2461158333263,0.984466342858445,0.98203566609525
"93",37.52636611,-77.4558607,8.104166667,0,-0.71676372100112,-0.539498512914512,33.7943638052204,2.67989553417707,0.802772200042312
"94",37.52635863,-77.45586433,12,0.19,-0.573274327586173,0.134782689150081,32.5695515255053,2.67289129679488,0.316744289007736
"95",37.52637395,-77.45584877,42.52142857,0,0.550875731547511,-0.539498512914512,31.3001745430225,2.67610649656373,-0.186967711050741
"96",37.52642333,-77.45606241,30.5625,0,0.110410429331777,-0.539498512914512,30.0452267557757,1.31472031951697,-0.684953942569298
"97",37.5264447,-77.45607314,22.78125,0,-0.176184696042919,-0.539498512914512,32.7307282448808,2.67359800765852,0.380702158734277
"98",37.52645455,-77.45608373,20.75,0,-0.250998684594547,-0.539498512914512,32.8779311790689,2.67405505313174,0.439114974956374
"101",37.52653204,-77.45607928,90.8133305,0.05,2.32953901677943,-0.362056091318566,27.5838957835655,2.72669279249697,-1.6616550833076
"103",37.52646891,-77.45605444,19.53125,0,-0.295887077725524,-0.539498512914512,32.9662529395817,2.67439329430824,0.474162664689633
"104",37.52648671,-77.45602474,10.90171252,0.07,-0.613725905164076,-0.291079122680188,33.2437839962212,2.67517529556176,0.584292063242943
"105",37.52650414,-77.45596328,33.33790708,0,0.21263284090555,-0.539498512914512,31.965696418472,2.67337195843644,0.0771235396899661
"106",37.52653854,-77.45594309,5.1,0,-0.827411691773856,-0.539498512914512,34.0120731704745,2.68203934164915,0.889163257479865
"107",37.52654906,-77.45594674,5.625,0,-0.808075153194358,-0.539498512914512,33.9740268736382,2.68164382924533,0.87406579113323
"108",37.52656203,-77.45594956,30.25,0,0.0989005849392187,-0.539498512914512,30.429176908206,1.31197885502666,-0.532595500694048
"109",37.52653193,-77.45590113,19,0,-0.315453813192872,-0.539498512914512,32.9850036777931,1.30622658492145,0.481603300511279
"110",37.52656387,-77.45590876,25.375,0,-0.0806529875846874,-0.539498512914512,34.8424668765986,1.31365632817952,1.21867866568399
"111",37.52657308,-77.45590719,21.375,0,-0.227978995809431,-0.539498512914512,37.1083383386215,1.34616955496018,2.11781789836378
"112",37.52659146,-77.45588033,6.4,0,-0.779530739100814,-0.539498512914512,33.9178632925942,2.6810761222539,0.85177905509772
"113",37.52659883,-77.45588803,22.66666667,0,-0.180404972197419,-0.539498512914512,32.9042640329555,1.31139823888591,0.449564332933963
"114",37.52631254,-77.45578242,13.825,0.32,-0.506056836333634,0.596132985299539,31.7970932561555,2.67485478690159,0.0102187215952461
"116",37.52631815,-77.45574314,12.88324034,0.26,-0.540743259187357,0.383202079384405,32.1601434575362,2.67339200863839,0.154283680691486
"117",37.526293,-77.45572032,26.25,0,-0.0484254232855248,-0.539498512914512,29.5739916687102,1.32069863292451,-0.871948642708924
"118",37.52628721,-77.45573459,8.666666667,0,-0.696046001094516,-0.539498512914512,33.753599915753,2.67952631739427,0.786596343242349
"119",37.52627874,-77.45574849,38.4375,0,0.40045850802424,-0.539498512914512,31.59613332137,2.67455405480084,-0.0695258555314379
"120",37.52626683,-77.45573787,10.25,0,-0.637729456184498,-0.539498512914512,35.0306671260916,1.31513176575991,1.2933599663471
"121",37.52621102,-77.45575926,39.88636364,0,0.453822332160033,-0.539498512914512,31.4911354239933,2.67504319973899,-0.111190941332889
"122",37.52620962,-77.45577503,45.09375,0,0.645618193585727,-0.539498512914512,28.8062009457256,1.31669859797228,-1.17662204236714
"123",37.526189,-77.45576516,32.35357143,0,0.176378280388598,-0.539498512914512,32.0370303733795,2.67324061021302,0.105430157498857
"124",37.52618312,-77.45575289,30.44886364,0,0.106225031504779,-0.539498512914512,32.1750629028362,2.67307545912918,0.160203989422092
"125",37.5261937,-77.45579486,89.60676891,0,2.28509954109643,-0.539498512914512,27.8879405711873,2.73234432573913,-1.54100455143738
"126",37.52617939,-77.45580419,41.51726191,0,0.513890765144968,-0.539498512914512,31.3729456341072,2.67567487718174,-0.158090811325479
"127",37.52619883,-77.45586908,62.375,0,1.28211258849419,-0.539498512914512,29.8614033584772,2.69128832971692,-0.757898428241087
"128",37.52619572,-77.45587467,197.6166609,0,6.26326610001453,-0.539498512914512,20.0605569294591,3.10037680777868,-4.64705352176627
"129",37.5262,-77.45589471,32.75,0,0.190979340079683,-0.539498512914512,32.0083015370965,2.67328973948574,0.0940300298904397
"130",37.52620518,-77.45593877,48.74675811,0,0.780163969300456,-0.539498512914512,32.244648844386,1.31526867308328,0.187816963564319
"131",37.52619136,-77.45594101,10.625,0,-0.623917642913429,-0.539498512914512,33.6116811894831,2.6783202112277,0.730280397355757
"133",37.52617537,-77.45594204,28.02083334,0,0.0167970285178477,-0.539498512914512,32.3510201628768,2.67303512420587,0.230027047979919
"134",37.52612564,-77.45596283,20.67142857,0,-0.253892588380149,-0.539498512914512,32.7205996054949,1.30328002116721,0.37668292940104
"135",37.52613326,-77.45597043,28.01166667,0,0.0164594062928943,-0.539498512914512,32.3516844635393,2.67303533337612,0.230290654631034
"136",37.52617632,-77.45599794,19.16666667,0,-0.30931522939407,-0.539498512914512,32.9926739788098,2.6745038034574,0.484647016223386
"137",37.52615996,-77.45602583,51.75972154,0,0.891135938067714,-0.539498512914512,28.3260968461476,1.32403101035756,-1.36713612886152
"138",37.52614429,-77.456016,44.79166667,0,0.634492010795693,-0.539498512914512,31.1356523475146,2.67720213633519,-0.252253126886165
"139",37.52609957,-77.45598969,28.79166667,0,0.0451879778967193,-0.539498512914512,30.8107207393144,0.989679611621046,-0.381191931124282
"140",37.52610775,-77.45603394,31.0625,0,0.12882618035987,-0.539498512914512,30.4472019172284,1.3153489165637,-0.525442847486181
"141",37.52608719,-77.45604906,56.8125,0,1.07723735830666,-0.539498512914512,29.5947460360386,1.30519163209307,-0.863712930212776
"142",37.52612904,-77.45607716,64.51157264,0,1.36080576807754,-0.539498512914512,29.7065677834796,2.6936714638279,-0.819340015916401
"143",37.52595899,-77.45600506,31.51336781,0.03,0.145432319030953,-0.433033059956945,31.9537728059918,2.67204480605953,0.0723920322077898
"144",37.5261574,-77.45571863,73.625,0,1.69646698662628,-0.539498512914512,28.5843461797649,0.837104115411955,-1.26465807061303
"145",37.52614218,-77.45572504,31.4375,0,0.142637993630939,-0.539498512914512,29.6944280981278,1.31728212323093,-0.82415726506538
"146",37.52611235,-77.45566974,23.04166667,0.97,-0.166593158926349,2.90288446604683,27.2124811408844,1.31165298120148,-1.80903920567443
"151",37.52583854,-77.45529367,21.38984375,0.08,-0.227432278200784,-0.255590638360999,29.5952947064218,1.32897627339963,-0.86349520777105
"152",37.52584581,-77.45530736,35.65263158,0,0.297887621086803,-0.539498512914512,29.7747675217704,0.986338266794063,-0.792277112577208
"153",37.52583825,-77.45532202,24.09264706,0.13,-0.127883972531053,-0.0781482167650537,32.003367265469,2.67048210172196,0.092072020674423
"154",37.52586873,-77.45535693,18.875,0,-0.320057750949895,-0.539498512914512,33.013810810627,2.67459530240727,0.493034497622929
"155",37.52586518,-77.45528938,28.65,0.22,0.0399701816493212,0.241248142107648,31.2433293668358,2.67236117799142,-0.209524916503346
"156",37.52586015,-77.45526561,11.04166667,0.43,-0.60857118360058,0.986506312810619,31.4452090218889,2.68204666918226,-0.129415377555339
"157",37.52587128,-77.45524634,19.63333333,0.67,-0.292127195346726,1.83822993647116,29.6761294296828,2.70510397176229,-0.831418511336629
"158",37.52587806,-77.45522641,4.5,0.56,-0.849510593007567,1.44785660896008,31.244221880441,2.7039872383436,-0.209170750783186
"159",37.52583587,-77.45525887,12.625,1,-0.550254638801057,3.0093499190044,28.5112803003963,2.7635779979184,-1.29365194772022
"160",37.52589629,-77.45521362,7.625,0.16,-0.734412149081986,0.0283172361925136,33.0298367867839,2.6750163707824,0.499393898032947
"161",37.5258957,-77.45520177,17.73099276,0.74,-0.362193255962247,2.08664932670548,29.4597962930844,2.71363185884905,-0.917263456076177
"162",37.52590577,-77.45515638,17.58333333,0.47,-0.367631774561907,1.12846025008738,30.7969279989158,2.6830047175881,-0.38666514274569
"163",37.52595872,-77.4550682,15.29166667,0.17,-0.45203729986179,0.0638057205117027,32.4423030528309,1.30698685752759,0.266249768026401
"164",37.52597169,-77.45507087,34.83333333,0,0.267711635907299,-0.539498512914512,34.5739203311299,1.32196711919605,1.11211448546522
"165",37.52597766,-77.45506136,40.70625,0,0.484019978314212,-0.539498512914512,31.6616426113637,1.30349809620314,-0.043530571277408
"166",37.5259903,-77.45504276,16.125,0.02,-0.421344381604407,-0.468521544276134,33.1145497416423,2.67472383151598,0.533009547687391
"167",37.52598136,-77.45508013,38.08333333,0,0.387414017589903,-0.539498512914512,31.6217994742392,2.67444479834468,-0.0593410567096754
"168",37.52600042,-77.45506867,35.6875,0,0.299171877369729,-0.539498512914512,31.7954234476553,2.67381215906307,0.00955611104617347
"169",37.52602762,-77.45506508,24.14583333,0,-0.125925042318188,-0.539498512914512,31.2257779584205,1.30978168158893,-0.216489636329453
"170",37.52596949,-77.45501747,27.42045455,0,-0.00531582412052772,-0.539498512914512,32.3945290955597,2.67305456659749,0.247292188127078
"171",37.52594526,-77.45501058,16.75,0.17,-0.39832469281929,0.0638057205117027,32.3309696174588,2.6714045096726,0.222070624888802
"173",37.52600264,-77.45500595,18.5,0.03,-0.333869564220965,-0.433033059956945,31.6794590904793,1.30635227561537,-0.0364606665500225
"175",37.52605903,-77.45505362,55.59999827,0.06,1.03257909834503,-0.326567606999377,30.2713429520224,1.30769508984426,-0.595226900856093
"176",37.52611069,-77.45502481,41.475,0,0.512334195519905,-0.539498512914512,31.3760083182457,2.67565742507502,-0.156875482251251
"177",37.52613285,-77.45499047,65.4375,0,1.39490906354126,-0.539498512914512,29.6394666269321,2.69474909716367,-0.845966981929789
"178",37.52615042,-77.45498524,34.5625,0,0.25773643755652,-0.539498512914512,31.8769512265902,2.67357911290019,0.0419078246461055
"179",37.52619888,-77.45495539,6,0,-0.794263339923288,-0.539498512914512,33.9468509473266,2.6813667280467,0.86328188659992
"180",37.52596497,-77.45539042,25.85971743,0,-0.0628001165649733,-0.539498512914512,32.5076343674663,2.67315967612218,0.292174428403541
"181",37.52596644,-77.455381,17.375,0,-0.375305004034174,-0.539498512914512,31.914427467475,1.31494258438798,0.0567790823664334
"182",37.52607579,-77.45544442,26.09611077,0.08,-0.0540933947766947,-0.255590638360999,32.1026577348498,2.67084889053887,0.131472294673968
"183",37.52607978,-77.45548649,9.875,0,-0.651541269455568,-0.539498512914512,33.6660330421063,2.67876755778052,0.751848206422377
"184",37.52612036,-77.45552329,30.375,0,0.103504522696242,-0.539498512914512,32.1804157370702,2.67307141885451,0.162328091934739
"185",37.52612479,-77.45554608,15.625,0.06,-0.4397601326325,-0.326567606999377,32.9534427522154,2.67347901086083,0.469079348079637
"186",37.52592822,-77.45535857,32,0,0.163355713537544,-0.539498512914512,32.0626533897197,2.67320108145552,0.115597838957062
"187",37.52597343,-77.45528051,25.5,0,-0.0760490498276642,-0.539498512914512,32.5337027791215,2.67319507709411,0.302518850867777
"188",37.52599721,-77.4551933,6.75,0,-0.766639713381149,-0.539498512914512,33.8924990947033,2.68082605093609,0.841714077533298
"189",37.52599894,-77.45514765,16.25,0.04,-0.416740443847383,-0.397544575637756,28.4743698940107,1.00003885409951,-1.30829867196372
"190",37.52603904,-77.45517656,21,0.01,-0.241790809080501,-0.504010028595323,32.810926944092,2.67358072640482,0.412526469194641
"191",37.52603321,-77.45519508,335.3481615,0,11.336124147565,-0.539498512914512,10.0792739665343,3.90859749187349,-8.60780913163292
"192",37.52601805,-77.45524024,46.125,0.02,0.683600680081169,-0.468521544276134,32.1127260326973,1.30627216385358,0.13546757938131
"193",37.52603866,-77.45524306,144.1863052,0,4.29534584418724,-0.539498512914512,23.9326086876131,2.88066130165379,-3.11055257496729
"194",37.52606433,-77.45522214,25.25,0,-0.0852569253417106,-0.539498512914512,32.5518200633292,2.67322214608847,0.309708120556649
"195",37.5260622,-77.45519785,63.5,0,1.3235480283074,-0.539498512914512,29.7798755795422,2.69252513972104,-0.790250141841017
"196",37.52608963,-77.45520231,27.71875,0,0.00567084535949821,-0.539498512914512,32.3729118817776,2.6730434488851,0.23871408237902
"197",37.52608034,-77.45517997,83.25,0,2.05097019391707,-0.539498512914512,32.3798954968052,1.34712896635472,0.241485308533073
"198",37.52605745,-77.45516873,74.0625,0,1.71258076877586,-0.539498512914512,29.0144203217645,2.70608340917239,-1.09399678619593
"199",37.52609676,-77.45516434,12.75,0,-0.545650701044034,-0.539498512914512,31.4707512447907,1.31374082811089,-0.119279756410973
"200",37.5261223,-77.45523144,4.75,0.13,-0.840302717493521,-0.0781482167650537,33.3850656441739,2.67705135975966,0.640355204802846
"201",37.52616821,-77.45516618,83,0,2.04176231840302,-0.539498512914512,28.3667274113371,2.72027506181462,-1.35101317757316
"202",37.52616021,-77.45508639,36.125,0.02,0.315285659519311,-0.468521544276134,31.6683559023838,2.67307877574037,-0.0408666146330546
"203",37.52618172,-77.45508622,64.25,0,1.35117165484954,-0.539498512914512,29.725523726919,2.69337194391797,-0.81181795090764
"204",37.52622346,-77.45508127,21.625,0,-0.218771120295384,-0.539498512914512,32.8145206843417,2.67384181818971,0.413952531045314
"205",37.52629129,-77.45501983,10.5,0,-0.628521580670452,-0.539498512914512,33.6207398315869,2.67839351273641,0.733875032200192
"206",37.52630166,-77.4550306,183.1324943,0.06,5.72979248810449,-0.326567606999377,20.8944438585721,2.99359287978068,-4.31615193879871
"207",37.52631996,-77.4550361,78.24536863,0,1.86664210332246,-0.539498512914512,28.7112914426708,2.71241746008272,-1.21428386881273
"208",37.52631868,-77.45502358,21.375,0.01,-0.227978995809431,-0.504010028595323,33.1212556249147,1.30337766040384,0.535670564802047
"209",37.52632951,-77.45502615,21.875,0.05,-0.209563244781338,-0.362056091318566,29.4097758919157,1.33266833721533,-0.937112465995305
"210",37.52635808,-77.45501011,81.10416667,0,1.97193592921094,-0.539498512914512,28.5041168163377,2.71705842872511,-1.29649454919506
"211",37.52635579,-77.45503688,63.625,0,1.32815196606442,-0.539498512914512,29.7708169374384,2.69266503749454,-0.793844776685455
"212",37.52637738,-77.45501726,21.375,0,-0.227978995809431,-0.539498512914512,32.8326379685495,2.67390021707771,0.421141800734189
"213",37.52637494,-77.45500425,86.4375,0,2.16837060672116,-0.539498512914512,28.1176147534805,2.7263885607351,-1.44986563579517
"214",37.52638944,-77.45504145,40.79166667,0,0.487166002570949,-0.539498512914512,28.6405157914057,1.32866289042401,-1.24236894152646
"215",37.52639383,-77.45506021,55.31166571,0,1.02195937706853,-0.539498512914512,30.3732770976225,2.68444188650469,-0.554777567787173
"216",37.52640888,-77.45509082,53.59027778,0,0.958558073985238,-0.539498512914512,30.4980245950609,2.68301446398194,-0.505275479515405
"217",37.52640726,-77.45500941,75.35,0,1.7600013276732,-0.539498512914512,28.9211163080945,2.70797509580695,-1.13102152509363
"218",37.52643335,-77.45507249,41.325,0,0.506809470211477,-0.539498512914512,29.0944186266727,1.31449204624328,-1.06225199585967
"219",37.52644561,-77.45507196,50.69444444,0,0.851900182368656,-0.539498512914512,30.7078831376173,2.68082714559518,-0.421999772094238
"220",37.52644834,-77.45511487,75.40104167,0,1.76188126904676,-0.539498512914512,28.9174173623272,2.70805115369457,-1.13248933441763
"221",37.52646688,-77.45512169,62.75986111,0,1.2962876012585,-0.539498512914512,29.8335128060356,2.69170692827809,-0.768965909491284
"222",37.52648025,-77.45512289,79.51388889,0,1.91336360988697,-0.539498512914512,28.6193628743759,2.71444561396496,-1.25076280583249
"223",37.52648874,-77.45511368,85.98611111,0,2.15174527589099,-0.539498512914512,27.9553330934348,1.31525238565054,-1.51426196618595
"224",37.52648146,-77.45513709,30.02437452,0,0.0905904596086707,-0.539498512914512,33.6971890626662,1.3152763746291,0.764211485138363
"225",37.52649053,-77.45513642,59.82291667,0,1.18811552607774,-0.539498512914512,30.0841155612361,1.30433972350711,-0.669522153393455
"226",37.52650106,-77.45513498,38.16666667,0,0.390483309673462,-0.539498512914512,31.6157603790201,2.67447014119918,-0.0617374801310143
"227",37.52647307,-77.45515627,127.3541667,0,3.67539290041448,-0.539498512914512,28.594216959857,1.33992814698218,-1.2607411645631
"228",37.52646119,-77.45519557,35.90277778,0,0.30710088136645,-0.539498512914512,28.8556443978325,1.33016246073582,-1.15700197638653
"229",37.52642396,-77.45516516,50.5625,0,0.847040470455494,-0.539498512914512,30.7174450372937,2.68073388594378,-0.418205435441807
"230",37.52636149,-77.45517055,30,0,0.0896927094251722,-0.539498512914512,32.2075916633818,2.67305362985605,0.173111996468048
"231",37.5263857,-77.45516403,42.75,0,0.559294360641542,-0.539498512914512,31.2836101687862,2.6762092866101,-0.193540757664507
"232",37.52641929,-77.45525794,5.125,0,-0.826490904222451,-0.539498512914512,34.0102614420537,2.68202030749042,0.888444330510977
"233",37.52647539,-77.45523591,27.125,0,-0.0161978589863621,-0.539498512914512,32.415940431771,2.67306841652987,0.255788597890094
"234",37.52650885,-77.45517722,90.76071429,0,2.32760108273263,-0.539498512914512,27.8043151455486,2.73458852214596,-1.57418864960958
"235",37.5265364,-77.45509767,73.04166667,0,1.67498194388294,-0.539498512914512,29.0883992320379,2.70462026687332,-1.06464060172889
"236",37.52654779,-77.45508682,22.375,0,-0.191147493753245,-0.539498512914512,32.7601688317184,2.67367874506877,0.392384721978695
"237",37.52652327,-77.45507861,104.375,0,2.829035674854,-0.539498512914512,26.8176996115738,2.76407545232437,-1.96569573597186
"238",37.52653089,-77.45508063,63.875,0,1.33735984157847,-0.539498512914512,29.7526996532306,2.69294631678557,-0.801034046374329
"239",37.52654228,-77.45508035,27.125,0,-0.0161978589863621,-0.539498512914512,29.4955499244313,1.32258887490165,-0.903075761322266
"240",37.52651191,-77.45511336,81.29166667,0,1.97884183584648,-0.539498512914512,28.4905288531819,2.71737162923061,-1.30188650146171
"241",37.52656252,-77.4550735,38.75,0.64,0.411968352416798,1.73176448351359,26.5838951423048,1.31911193948694,-2.0584736250177
"242",37.52654724,-77.45505129,65.5,0,1.39721103241977,-0.539498512914512,29.6349373058802,2.69482281316705,-0.847764299352008
"243",37.52657266,-77.45505016,82.53125,0,2.02449755181419,-0.539498512914512,28.4006973192267,2.71946945659846,-1.33753329690652
"244",37.5265307,-77.45506457,33.5625,0,0.220904935500334,-0.539498512914512,31.9494203634213,2.67340631906936,0.0706649034015987
"245",37.52653507,-77.45502726,35.26875,0,0.283748685883701,-0.539498512914512,31.8257698987033,2.67372063295701,0.0215981377750364
"246",37.52647519,-77.45502346,55.16666667,0,1.01661884462862,-0.539498512914512,30.3837850528926,2.68431799604518,-0.55060781897442
"247",37.52648991,-77.45505887,78.54861111,0,1.8778109793481,-0.539498512914512,28.6893157218947,2.71289776635575,-1.2230042366921
"248",37.52649787,-77.45498113,33,0,0.20018721559373,-0.539498512914512,31.9901842528887,2.67332333577273,0.0868407602015647
"249",37.52651125,-77.45497112,28.875,0,0.0482572696119631,-0.539498512914512,32.2891194423167,2.67302756406926,0.20546371006798
"250",37.52654966,-77.45497484,53.625,0,0.959836945502563,-0.539498512914512,30.4955083057487,2.68304232013966,-0.506273989130509
"251",37.52657999,-77.45497038,25.0625,0,-0.0921628319772455,-0.539498512914512,32.565408026485,2.67324377471718,0.315100072823305
"252",37.52661894,-77.45492651,21,0,-0.241790809080501,-0.539498512914512,32.8598138948611,2.67399160356775,0.431925705267499
"253",37.52638961,-77.45535265,21.5,0,-0.223375058052408,-0.539498512914512,32.8235793264456,2.67387076507862,0.417547165889752
"254",37.52637068,-77.45539005,26.5,0,-0.0392175477714783,-0.539498512914512,32.0428071414229,1.310474113198,0.107722484699633
"256",37.5263427,-77.45544442,36.25902746,0,0.320222092187886,-0.539498512914512,29.675813498409,1.3212779772632,-0.831543878643586
"257",37.52634829,-77.45544549,38.58333333,0,0.405829768617996,-0.539498512914512,29.7701319114723,1.31636125344079,-0.794116607516046
"258",37.52632622,-77.45543887,56.30749857,0,1.05863739709923,-0.539498512914512,30.3011099498303,2.68531089059407,-0.583414811769502
"259",37.52628243,-77.45546775,19.5625,0,-0.294736093286268,-0.539498512914512,32.9639882790557,2.67438402191017,0.473264005978525
"260",37.52626142,-77.45546545,24.4375,0,-0.115182520762362,-0.539498512914512,32.6107012370044,2.67332408379704,0.333073247045487
"261",37.52623117,-77.4554081,19.5,0,-0.297038062164779,-0.539498512914512,32.5569134591514,0.981950747233881,0.311729273163061
"262",37.52626244,-77.45535897,18.25,0.34,-0.343077439735012,0.667109953937917,33.4463535958067,1.3129936846354,0.664675384798577
"263",37.52620201,-77.45540385,21.75,0,-0.214167182538361,-0.539498512914512,32.8054620422378,2.67381337642739,0.41035789620088
"264",37.52626611,-77.45529455,63.82735177,0,1.33560488569725,-0.539498512914512,29.7561526793302,2.69289255436958,-0.799663822471658
"265",37.52629291,-77.45527045,32.79687453,0,0.192705799427761,-0.539498512914512,32.8470827449876,0.983544551701534,0.426873752180017
"266",37.5263691,-77.45548283,37.859375,0,0.379165295898008,-0.539498512914512,31.6380295411004,2.67437780111356,-0.0529006693759165
"269",37.5265227,-77.45542695,5,0.19,-0.831094841979474,0.134782689150081,32.3953093366575,1.31065900559271,0.247601802063118
"270",37.52653288,-77.455432,23.13749951,0.11,-0.163063491482839,-0.149125185403432,32.1690291652361,2.67068619605445,0.157809692001925
"272",37.52650861,-77.45547896,12.75,0,-0.545650701044034,-0.539498512914512,31.0690618726437,1.31518659330199,-0.278677445071325
"273",37.52651179,-77.45548561,15.13555508,0,-0.457787124209869,-0.539498512914512,33.2848051562066,2.67601174978763,0.600570009689203
"275",37.52653593,-77.45548156,66.25,0.03,1.42483465896191,-0.433033059956945,29.4447469213725,2.69279721231995,-0.92323532198302
"276",37.52657142,-77.45555387,26.8,0.13,-0.0281680971546225,-0.0781482167650537,36.1914628177451,0.99835137482109,1.7539849245517
"278",37.52659511,-77.45550935,16.125,0.01,-0.421344381604407,-0.504010028595323,33.1638253392773,2.67514531876104,0.552563005943964
"279",37.52663019,-77.45545455,22.90625,0,-0.171580758285896,-0.539498512914512,32.7216696027769,2.67357423904405,0.37710752388984
"280",37.52664073,-77.45546869,26.7979166,0,-0.0282448319060064,-0.539498512914512,30.7161703209938,1.30947272456558,-0.418711266180672
"281",37.52664883,-77.45547987,38.87999331,0.04,0.416756201281354,-0.397544575637756,28.4735968774173,0.989976126609997,-1.30860541908431
"282",37.52657683,-77.45535282,14,0.72,-0.499611323473802,2.0156723580671,29.8070572905438,2.711147426326,-0.779463941836949
"284",37.52660779,-77.45529791,29.875,0.25,0.085088771668149,0.347713595065215,29.3342629697173,1.31131245901541,-0.96707737444701
"285",37.52659026,-77.45528685,15.75,0,-0.435156194875476,-0.539498512914512,33.240276863224,2.67574802459902,0.582900368733847
"286",37.52659033,-77.45526727,75,0,1.74711030195354,-0.539498512914512,28.9464805059854,2.70745574054085,-1.12095654752921
"287",37.52661932,-77.45526515,26.05,0,-0.0557917236967619,-0.539498512914512,32.4938447538644,2.67314264273089,0.286702457552251
"288",37.52663891,-77.4552688,29.5625,0,0.0735789272755909,-0.539498512914512,31.6158016981511,1.31252472993296,-0.0617210839442569
"289",37.52663567,-77.455253,9.2,0,-0.676402533343494,-0.539498512914512,33.7149497094673,2.67918563210461,0.771259234582336
"290",37.52663558,-77.45523914,5.125,0,-0.826490904222451,-0.539498512914512,34.0102614420537,2.68202030749042,0.888444330510977
"291",37.5266514,-77.45523818,78.94134048,0,1.89227579194678,-0.539498512914512,33.6083943480062,1.35865327209505,0.72897611855047
"292",37.5266542,-77.45524854,36.56773778,0,0.331592356973732,-0.539498512914512,31.5608739197697,1.30628486186971,-0.0835174308837693
"293",37.5266366,-77.45530179,26.5,0,-0.0392175477714783,-0.539498512914512,32.4612336422904,2.67310702139126,0.273761772112282
"294",37.52665133,-77.45531415,91.0999974,0,2.34009738929622,-0.539498512914512,27.7797275914255,2.7352560208399,-1.58394544072426
"298",37.52674316,-77.45550478,46,0.93,0.678996742324146,2.76093052877007,26.6869537117378,2.95920966413968,-2.01757810000922
"300",37.5267795,-77.45546446,63.96428571,0.21,1.34064836838992,0.205759657788459,28.791532794863,2.70651568980921,-1.18244263286948
"301",37.52679421,-77.45547534,11.125,0.11,-0.605501891885336,-0.149125185403432,33.0290303132089,2.67400225035185,0.499073874570213
"302",37.52679004,-77.45543249,64,0.04,1.34196377933549,-0.397544575637756,29.5618054667077,2.68981379874684,-0.876784350515583
"303",37.52677055,-77.45537818,25.20833333,0.95,-0.0867915713834901,2.83190749740845,27.9424516526347,2.77046330235109,-1.5193735574615
"304",37.52687946,-77.45545885,40.66071429,0.44,0.482342829717717,1.02199479712981,29.3529586668759,2.71311564913979,-0.959658579921686
"306",37.52696955,-77.45543975,21.04166667,0.92,-0.240256163038721,2.72544204445088,28.3595004791873,2.74934912534436,-1.35388095641089
"307",37.52706373,-77.45525669,23.13541667,0.72,-0.163140205608582,2.0156723580671,33.3876154311031,1.00188916196207,0.641367006884923
"308",37.52699082,-77.45518454,20.34375,0.98,-0.265961482304872,2.93837295036602,28.1113234414995,2.76024924342817,-1.45236214343997
"309",37.52702335,-77.45516336,24.53846154,0.92,-0.111463955594256,2.72544204445088,28.1317378891381,2.76054050454712,-1.44426131729298
"310",37.52677371,-77.45520592,89.98989201,0,2.29921054034185,-0.539498512914512,27.8601759708303,2.73308495609188,-1.55202205259713
"311",37.52675404,-77.45523849,17.5,0,-0.370701066277151,-0.539498512914512,29.2849273820676,1.33461787937383,-0.986654637838454
"313",37.52667441,-77.45528075,23.92601777,0,-0.134021179568309,-0.539498512914512,32.6477679127169,2.67339920797973,0.347781981815632
"314",37.52670104,-77.45525867,24.75,0,-0.103672676369804,-0.539498512914512,31.4549913588394,1.30595412371245,-0.125533567361382
"315",37.52657887,-77.45521583,42.6,0,0.553769635333114,-0.539498512914512,31.2944805393108,2.67614164063071,-0.189227195851182
"316",37.52660531,-77.45520645,59,0,1.15780626905456,-0.539498512914512,28.56517535725,1.31818176247938,-1.27226540356852
"317",37.52665561,-77.45517482,39.8604927,0.19,0.452869466580228,0.134782689150081,30.5927266873965,2.67622223545783,-0.467695957436186
"318",37.52664733,-77.45516471,13.4375,0,-0.520329043380406,-0.539498512914512,36.6768822503369,1.33164086289868,1.94660823238877
"319",37.52665325,-77.45512603,165.4627266,0,5.07898840272961,-0.539498512914512,22.3907247939018,2.96012405035586,-3.72240030080218
"320",37.52663043,-77.45508013,51.375,0,0.876966065876145,-0.539498512914512,30.6585638636185,2.68131703603198,-0.441570561930648
"321",37.52665836,-77.45507798,4.625,0.89,-0.844906655250544,2.61897659149332,29.0698503612834,1.38881105903732,-1.07200113285204
"322",37.52667766,-77.45502828,32.25,0,0.17256358905159,-0.539498512914512,32.044536105512,2.67322861225779,0.108408569268187
"323",37.52673234,-77.45500024,19.15625,0.23,-0.309698890996593,0.276736626426837,34.1836970711467,1.31418287130816,0.9572667597951
"324",37.52672716,-77.45497733,22.24833286,0,-0.195812834780606,-0.539498512914512,32.7693482900191,2.6737050100194,0.396027298899409
"325",37.52674133,-77.45497105,28.58333333,0,0.0375147480561372,-0.539498512914512,30.0975384205333,1.32234914913086,-0.664195717357218
"326",37.52684335,-77.45493599,27.375,0.01,-0.00698998347231568,-0.504010028595323,32.3494444273113,2.67265919769386,0.22940176729168
"327",37.52674794,-77.45491588,14.1875,0,-0.492705416838267,-0.539498512914512,33.3535098895225,2.67644254823887,0.627833304289305
"329",37.52704739,-77.45451204,14.64044969,0.18,-0.476022599399683,0.0992942048308917,34.6162527475427,1.31334442059617,1.12891276244114
"330",37.52702508,-77.45462897,11.77115385,0.19,-0.581703075030448,0.134782689150081,32.585789169193,2.67298213857582,0.323187682964789
"331",37.52694439,-77.45461961,56.58333333,0,1.06879680562934,-0.539498512914512,29.5955325503118,0.985962226136802,-0.863400826966021
"332",37.52688591,-77.45464351,44,0.04,0.605333738211774,-0.397544575637756,31.0048104086041,2.67506092022055,-0.304173600984585
"333",37.52687922,-77.454665,28.125,0,0.0206336430698237,-0.539498512914512,32.34347129494,2.67303293827084,0.2270315191346
"334",37.52684348,-77.45468512,12.29807692,0.65,-0.562295706894292,1.76725296783278,30.2676899474731,2.70305485041879,-0.596676479864648
"335",37.52685242,-77.45456215,23.68666625,0.02,-0.14283685556934,-0.468521544276134,31.8467714017415,1.30701108736273,0.0299319182402418
"336",37.52687266,-77.45455187,9.875,0,-0.651541269455568,-0.539498512914512,33.6660330421063,2.67876755778052,0.751848206422377
"337",37.52695331,-77.45441268,21.66666667,0.04,-0.217236474253605,-0.397544575637756,31.2394175496147,0.983297689717054,-0.211077197113048
"338",37.5269691,-77.45440699,29,0.23,0.0528612073689863,0.276736626426837,32.986335503831,0.985059477417872,0.482131793438542
"339",37.52699186,-77.4543639,21,0.29,-0.241790809080501,0.489667532341972,31.4420923225587,2.67314513843677,-0.130652140845426
"340",37.52679197,-77.4543096,33.75,0,0.227810842135869,-0.539498512914512,31.9358324002654,2.67343625439729,0.0652729511349438
"341",37.52677727,-77.45429291,13.7125,0,-0.510200380314955,-0.539498512914512,33.3879327295172,2.67666928452441,0.641492916698167
"342",37.52677233,-77.45421937,4.75,0,-0.840302717493521,-0.539498512914512,34.0374373683654,2.68230792181463,0.899228235044287
"343",37.52700819,-77.45373722,59.9375,0,1.19233580223224,-0.539498512914512,30.0380468795028,2.68874629558445,-0.687803048774569
"344",37.52709815,-77.45381461,36.02083333,0,0.31144904459902,-0.539498512914512,31.0946248858722,1.31280777315258,-0.268533573945143
"345",37.52667069,-77.45393549,7.916666667,0,-0.723669627636655,-0.539498512914512,33.8079517683763,2.68002086434695,0.808164152308969
"346",37.5266768,-77.45403832,21.35480769,0,-0.228722708916715,-0.539498512914512,34.5804143886774,0.994171645833328,1.11469144625852
"347",37.52663168,-77.45415538,12.6234375,0,-0.55031218802302,-0.539498512914512,33.4668561488473,2.67721658006685,0.672811172780323
"348",37.5266162,-77.4541841,13.36458333,0,-0.523014673861441,-0.539498512914512,33.4131459502813,2.67683997223587,0.651497983777705
"350",37.52654081,-77.45415165,20.78125,0,-0.249847700155291,-0.539498512914512,32.744295058372,0.820905122037492,0.386085718427241
"351",37.52655455,-77.45422442,20,0,-0.278622311136686,-0.539498512914512,35.4301678277144,1.31560200485928,1.45188915051866
"352",37.52656857,-77.45425373,8.175,0,-0.714154822951084,-0.539498512914512,33.7892305747191,2.67984848099547,0.800735240306718
"353",37.52670302,-77.45435587,45.16666667,0,0.648303824066763,-0.539498512914512,29.8565038283365,0.983960253068009,-0.759842651399815
"354",37.5267174,-77.45432604,35.53125,0,0.29341695517345,-0.539498512914512,32.9142291045524,0.984183725404444,0.453518655577353
"355",37.52672254,-77.45431693,43.3254468,0,0.580488930638968,-0.539498512914512,31.241908035898,2.67647552709097,-0.210088926611704
"357",37.52646056,-77.4542761,38.75,0.38,0.411968352416798,0.809063891214674,29.7695553686554,2.69709901069532,-0.794345390249149
"358",37.52644225,-77.4541994,25.96875,0,-0.058784283238827,-0.539498512914512,32.4997328712319,2.67314977262336,0.289038970201137
"359",37.52630178,-77.45462568,20.31666667,0,-0.266959002029456,-0.539498512914512,35.1153168415056,0.987524177174351,1.32695052143355
"360",37.52626127,-77.4546794,22.0049999,0,-0.204775153197184,-0.539498512914512,32.7869824195928,2.6737569216175,0.403024843993938
"361",37.52612335,-77.45464582,14.44861111,0,-0.483088302453409,-0.539498512914512,32.1873415367055,1.30862920978953,0.165076375883852
"362",37.52606288,-77.45470176,24.65833333,0.04,-0.107048897514392,-0.397544575637756,32.3547235364668,0.982812840249363,0.231496614344935
"363",37.52618594,-77.45479087,11.75,0,-0.58248220310022,-0.539498512914512,33.5301534105481,2.67768311937272,0.697928683755825
"364",37.5261515,-77.4548691,37.4375,0.01,0.363627005968055,-0.504010028595323,31.6210259449417,2.67380011496445,-0.0596480072806372
"365",37.526,-77.455,13.58333333,0,-0.514957782786651,-0.539498512914512,33.3972933265995,2.67673219838269,0.645207372799944
"366",37.52620408,-77.45488901,39.625,0,0.444195916715961,-0.539498512914512,29.4110084553205,0.823724089083471,-0.936623362296074
"367",37.52621337,-77.4548655,64.6875,0,1.36728543699912,-0.539498512914512,29.6938184795554,2.69387413048186,-0.824399172863168
"368",37.52624107,-77.45486171,79.25,0,1.90364418569233,-0.539498512914512,28.6384866744535,2.71401959976852,-1.24317413224006
"369",37.52626998,-77.4548833,30.97222222,0,0.125501114120172,-0.539498512914512,32.1371355582905,2.67310914292628,0.145153725519668
"370",37.52623718,-77.45489221,25.94666586,0.04,-0.0595976752866462,-0.397544575637756,32.3073629276904,2.67175254305001,0.212703058687361
"371",37.52639427,-77.45481995,20.875,0,-0.246394746837524,-0.539498512914512,32.868872536965,2.67402307583781,0.435520340111937
"372",37.52641293,-77.45482213,22.625,0,-0.181939618239198,-0.539498512914512,32.7420515475107,2.67362842895361,0.385195452289823
"373",37.52643353,-77.45480039,20.625,0,-0.25560262235157,-0.539498512914512,31.0181353019919,1.3105471369209,-0.29888603961269
"374",37.52647085,-77.45473988,24.33333333,0,-0.119019135682653,-0.539498512914512,32.6182501056659,2.67333869712783,0.336068776178376
"375",37.52657611,-77.45482383,28.8125,0.04,0.0459553007334515,-0.397544575637756,30.2051943426238,1.3107527490961,-0.621475878741342
"376",37.52658512,-77.45483051,13.25,0,-0.527234950015941,-0.539498512914512,33.4214497053016,2.67689704052158,0.654793065622583
"377",37.52658678,-77.45474515,32,0,0.163355713537544,-0.539498512914512,32.0626533897197,2.67320108145552,0.115597838957062
"378",37.52650179,-77.45469589,30.58628403,0,0.111286430881626,-0.539498512914512,32.1651041657899,2.67308344562295,0.156252180444252
"379",37.52534148,-77.45654168,2.25,0.05,-0.932381472633985,-0.362056091318566,37.112017723093,0.994942534837005,2.11927794540787
"380",37.52535788,-77.456608,20.4375,0,-0.262508528987105,-0.539498512914512,36.2433632181449,1.33245755196356,1.77457995254575
"382",37.52553639,-77.45661869,6.625,0.2,-0.771243651138172,0.17027117346927,35.1466409252722,1.31613841955412,1.33938049070335
"390",37.52560029,-77.45663509,7.125,0,-0.752827900110079,-0.539498512914512,33.8653231683917,2.68056247775221,0.830930172999988
"392",37.52570038,-77.45661037,9,0,-0.683768833754731,-0.539498512914512,33.5161934394016,1.31180112631172,0.692389111915461
"399",37.52600462,-77.45648535,18.30729167,0,-0.340967301473604,-0.539498512914512,33.0549521432739,2.67478127767283,0.509360130778886
"400",37.526,-77.456,9.1875,0.11,-0.676862927119196,-0.149125185403432,33.1677401814433,2.67492874522851,0.554116486907108
"404",37.52614656,-77.45654834,6.25,0.38,-0.785055464409242,0.809063891214674,32.026345109608,2.68264958900067,0.101190049430263
"407",37.52609604,-77.45628713,18.25625,0,-0.34284724284716,-0.539498512914512,33.0586510890412,2.6747985083746,0.510827940102887
"409",37.52609396,-77.45636295,8.075,0.25,-0.717837973156703,0.347713595065215,32.5485434076724,2.67545319561958,0.308407883671034
"414",37.52619688,-77.4561778,12.75,0,-0.545650701044034,-0.539498512914512,33.4576842737171,2.67715101550672,0.669171605000331
"418",37.52608869,-77.45609508,25.125,0,-0.0898608630987339,-0.539498512914512,31.3951797689009,1.30859582591074,-0.149267900038254
"421",37.52622629,-77.45612907,11.5,0,-0.591690078614266,-0.539498512914512,33.5482706947559,2.6778211756576,0.7051179534447
"422",37.526,-77.456,8.640625,0,-0.697005154806173,-0.539498512914512,33.7554871328821,2.67954318641417,0.787345225511189
"423",37.52621517,-77.45619729,9.944444444,0,-0.648983526273591,-0.539498512914512,33.6610004631919,2.678725376944,0.749851187077138
"424",37.52624099,-77.4562018,65.83333333,0.02,1.40948819964906,-0.468521544276134,29.5201554705596,2.69311434160354,-0.893311830650902
"425",37.52624552,-77.45601736,30.75,0.11,0.117316335967312,-0.149125185403432,33.6898781830996,0.9955953659497,0.761310394430458
"426",37.52634165,-77.45622652,39.625,0.01,0.444195916715961,-0.504010028595323,31.4626741009483,2.67446840015807,-0.122484914796359
"429",37.52635485,-77.45609912,23.4,0,-0.153395204145655,-0.539498512914512,32.6858879664666,2.67348529286898,0.362908716254313
"431",37.5264129,-77.45598171,6.925,0.28,-0.760194200521316,0.454179048022783,32.479563762964,2.67700829990385,0.281035499202996
"432",37.5264146,-77.45595533,25,0,-0.0944648008557571,-0.539498512914512,35.6900254558671,1.32964400384478,1.55500540945008
"434",37.52641498,-77.45587119,7.125,0.17,-0.752827900110079,0.0638057205117027,33.0154404761855,2.67524237296195,0.493681178718607
"435",37.52640348,-77.45588093,6.75,0,-0.766639713381149,-0.539498512914512,33.8924990947033,2.68082605093609,0.841714077533298
"436",37.52660875,-77.45586335,11,0.01,-0.610105829642359,-0.504010028595323,33.5348210880618,2.67759216522542,0.699780903552227
"437",37.52662251,-77.45587927,3.375,0.34,-0.890946032820776,0.667109953937917,32.4271524367538,2.68300174131027,0.260237726503971
"439",37.5266112,-77.45587689,7.25,0,-0.748223962353056,-0.539498512914512,33.8562645262878,2.68047562263235,0.827335538155551
"441",37.52655597,-77.45602711,10.625,0,-0.623917642913429,-0.539498512914512,33.6116811894831,2.6783202112277,0.730280397355757
"443",37.52655126,-77.45575734,12.83333333,0.59,-0.54258140932879,1.55432206191764,30.5289021576917,2.69540193163812,-0.493022697997912
"446",37.52676256,-77.45562163,5.458333333,0.02,-0.814213736882666,-0.468521544276134,33.8858531226042,2.68058751850887,0.839076834267856
"448",37.52667548,-77.45544955,19.925,0.15,-0.2813846737909,-0.00717124812667553,32.2031284311696,2.67083345312755,0.171340904306018
"449",37.52665418,-77.45545668,27.75,0,0.00682182979875402,-0.539498512914512,26.8739753916209,1.37380479964216,-1.94336447732015
"450",37.5266489,-77.45553986,28.75,1,0.0436533318549399,3.0093499190044,27.471267893907,2.80457081127918,-1.70634788957801
"451",37.52675502,-77.45547831,13,0.71,-0.536442825529987,1.98018387374791,30.4187102647494,1.02849626755298,-0.536748856223706
"454",37.52673674,-77.45541271,41.75,0.59,0.522462858585356,1.55432206191764,28.7292466477647,1.31756707257444,-1.20715891508021
"456",37.52680008,-77.45538252,8.664772727,0.24,-0.69611575774952,0.312225110746026,34.1597330678494,1.32010813731274,0.947757405051121
"457",37.52681063,-77.45519285,26,0.12,-0.0576332987995712,-0.113636701084243,31.9156081475205,2.67046392489477,0.057247597799883
"458",37.52672694,-77.45525631,14.25,0.03,-0.490403447959755,-0.433033059956945,33.2007053368738,2.67508940620414,0.567197663423854
"460",37.52693466,-77.45522827,1.5,0.94,-0.960005099176125,2.79641901308926,29.5314574691557,2.802630193637,-0.888826990925536
"465",37.5269822,-77.45474246,26.25,0.48,-0.0484254232855248,1.16394873440656,30.1528673429653,2.68992985542673,-0.64224018912259
"467",37.52644501,-77.45662399,6.0625,0.95,-0.791961371044777,2.83190749740845,29.184930186641,2.77650192895837,-1.02633535365705
"468",37.52644172,-77.45663885,10,0.81,-0.646937331698545,2.33506871693981,29.6260986989678,2.73149966856552,-0.851271620208602
"472",37.52656165,-77.4565215,12.875,0.4,-0.541046763287011,0.880040859853052,31.4672378097839,2.67909539720435,-0.12067395167274
"475",37.52634231,-77.45610585,28.25,0.11,0.025237580826847,-0.149125185403432,31.8030140584923,2.67054583443067,0.0125682042376704
"483",37.52575918,-77.4571897,11.375,0,-0.596294016371289,-0.539498512914512,35.8677449789593,1.3179764046376,1.62552776621369
"485",37.52572827,-77.45710889,36.90625,0,0.344060270500706,-0.539498512914512,31.7071016871425,2.67411079844835,-0.0254915786870853
"486",37.52635267,-77.4570478,4.75,0.97,-0.840302717493521,2.90288446604683,25.1770044973787,1.42604022046966,-2.61675356107984
"487",37.52634683,-77.45705992,12.83333333,0.63,-0.54258140932879,1.6962759991944,31.5851257128499,1.32936428609624,-0.073893875891037
"488",37.5265042,-77.45684007,26.234375,1,-0.0490009155051527,3.0093499190044,27.633517891431,2.78842225191734,-1.64196412345485
"489",37.52642109,-77.45678707,11.975,0.94,-0.574195115137578,2.79641901308926,28.8508419555413,2.7522197439284,-1.15890767331113
"490",37.526403,-77.45677661,22.5,0.26,-0.186543555996222,0.383202079384405,38.3075881733012,1.39410251661576,2.59370216374155
"491",37.52640356,-77.4567942,19.29166667,0.29,-0.304711291637046,0.489667532341972,31.5619441821574,2.6730387048647,-0.0830927311961841
"492",37.52639715,-77.45683389,6.5,0.06,-0.775847588895195,-0.326567606999377,33.6103588225341,2.67798359233087,0.729755657967968
"495",37.52635503,-77.456827,21.6,0.08,-0.219691907846789,-0.255590638360999,32.4256194742935,2.67135597188109,0.259629418966061
"496",37.52635182,-77.4568163,8.0625,0.32,-0.718298366932405,0.596132985299539,32.1999958403049,2.67776562432107,0.170097834964435
"500",37.52605281,-77.45688,12.375,0,-0.559462514315104,-0.539498512914512,38.1595743150424,1.35322376278989,2.53496755801862
"501",37.52600361,-77.45687406,5.75,0,-0.803471215437335,-0.539498512914512,32.8977423072452,1.31253900954009,0.446976392907735
"502",37.5260087,-77.45685956,6.25,0,-0.785055464409242,-0.539498512914512,33.9287336631188,2.68118449825699,0.856092616911045
"504",37.52601662,-77.45683603,9.5,0,-0.665353082726638,-0.539498512914512,32.7120966040051,1.30547783741481,0.373308782913401
"508",37.5256012,-77.45678065,7,0.31,-0.757431837867103,0.56064450098035,36.5808373026474,1.35206163154502,1.90849584074797
"509",37.526,-77.457,7,0.31,-0.757431837867103,0.56064450098035,32.3242868002758,2.67809970031467,0.219418760820286
"510",37.52557444,-77.45697887,10.5,0.05,-0.628521580670452,-0.362056091318566,35.1999194149758,1.31820135446627,1.36052236973461
"511",37.52547219,-77.45677637,30.5,0,0.108108460453265,-0.539498512914512,30.3315952696461,0.990845367696434,-0.571317679374041
"517",37.52562137,-77.45657515,43.875,0,0.600729800454751,-0.539498512914512,31.2020823898512,2.67673975139303,-0.225892471264438
"518",37.52621633,-77.45655447,4.75,0.38,-0.840302717493521,0.809063891214674,33.8262702656406,1.32941524445087,0.815433267018309
"527",37.52565287,-77.45635791,7.25,0,-0.748223962353056,-0.539498512914512,33.8562645262878,2.68047562263235,0.827335538155551
"528",37.52570282,-77.45632939,5.25,0,-0.821886966465428,-0.539498512914512,34.0012027999498,2.68192543701714,0.88484969566654
"533",37.52546712,-77.45606742,14.75,0.13,-0.471987696931662,-0.0781482167650537,32.6707381922906,2.67224808467777,0.356897008813604
"534",37.52548352,-77.45604579,28.5,0.46,0.0344454563408934,1.09297176576819,30.0949998730005,2.69075332114025,-0.665203059441272
"535",37.52553996,-77.45608406,31,0,0.126524211481358,-0.539498512914512,32.1351225265508,2.67311117839522,0.144354917712554
"536",37.52604336,-77.45605126,13.71875,0,-0.509970183427104,-0.539498512914512,33.387479797412,2.67666625394244,0.641313184955944
"541",37.52629063,-77.45587889,20.1875,0,-0.271716404501152,-0.539498512914512,32.9186950685363,2.67420520013243,0.45529083175634
"542",37.52628046,-77.45588626,11.375,0,-0.596294016371289,-0.539498512914512,34.3537944320876,1.30794684943345,1.02476450322875
"543",37.52626933,-77.45586867,17.5,0,-0.370701066277151,-0.539498512914512,33.1134558737697,2.67506366096621,0.532575480911733
"544",37.52629686,-77.45591954,19.125,0.15,-0.310849875435849,-0.00717124812667553,32.2601470714258,2.67096458559239,0.193966943473581
"545",37.5263272,-77.45597254,3.125,0,-0.900153908334823,-0.539498512914512,34.1551997157158,2.68360626878897,0.945958488021966
"548",37.52624394,-77.45592358,15.25,0,-0.453571945903569,-0.539498512914512,33.2765114316395,2.67596170620915,0.597278908111594
"550",37.52607045,-77.45601865,16.75,0.02,-0.39832469281929,-0.468521544276134,33.0693561841654,2.67448759150736,0.515075917614874
"553",37.52600485,-77.45592381,9,0,-0.683768833754731,-0.539498512914512,34.6954011517891,1.31310093503983,1.16032029665248
"555",37.52602446,-77.45588959,6.125,0,-0.789659402166265,-0.539498512914512,33.9377923052227,2.68127536268335,0.859687251755483
"558",37.52548916,-77.45599916,29.6875,0.89,0.0781828650326141,2.61897659149332,24.5687207227209,1.32651291273512,-2.85813168669915
"559",37.52549632,-77.45599322,19.5,0.82,-0.297038062164779,2.37055720125899,28.949981777657,2.72789564163902,-1.11956717890129
"565",37.52612003,-77.45574693,17.875,0,-0.356889253006081,-0.539498512914512,33.0862799474581,2.67492987220599,0.52179157637842
"567",37.52613857,-77.45568846,25.125,0.03,-0.0898608630987339,-0.433033059956945,32.4152044182473,2.67213508053666,0.255496534264241
"570",37.52625331,-77.45575216,77,0,1.82077330606591,-0.539498512914512,28.8015422323233,2.71047479753486,-1.1784707050402
"572",37.52687699,-77.4554814,75,0.99,1.74711030195354,2.97386143468521,24.5328685122989,3.60638749865446,-2.87235849943278
"574",37.52689641,-77.4554215,27,0.05,-0.0208017967433854,-0.362056091318566,32.1829559930513,2.67141746402015,0.163336111962321
"576",37.52669383,-77.45547379,19,0.4,-0.315453813192872,0.880040859853052,30.2846575262432,1.30942085636198,-0.589943434318368
"581",37.52653711,-77.45544123,7.3125,0,-0.745921993474544,-0.539498512914512,33.8517352052358,2.68043238308895,0.825538220733335
"585",37.52649263,-77.4555527,20.375,0,-0.264810497865617,-0.539498512914512,32.9051071053805,2.67415401497419,0.449898879489687
"586",37.52636394,-77.4555016,56.125,0,1.05191570064303,-0.539498512914512,30.3143354636711,2.68514926537746,-0.578166686019246
"589",37.52629985,-77.45551134,5.5,0,-0.812679090951381,-0.539498512914512,33.9830855157421,2.68173719784188,0.877660425977667
"590",37.52638656,-77.45541889,24.125,0,-0.12669236515492,-0.539498512914512,32.6333478422641,2.67336897672343,0.342059834156581
"591",37.52638072,-77.45549162,12.75,0.15,-0.545650701044034,-0.00717124812667553,32.7145143609673,2.67273752779597,0.374268193090086
"592",37.52622839,-77.45553416,9.75,0.06,-0.656145207212591,-0.326567606999377,33.3763887152973,2.67610801438916,0.636912040747467
"593",37.52628155,-77.45555745,8.125,0,-0.715996398053893,-0.539498512914512,33.7928540315606,2.67988167828208,0.802173094244491
"594",37.52625403,-77.45546951,22.4375,0,-0.188845524874733,-0.539498512914512,32.7556395106665,2.67366597657834,0.390587404556476
"597",37.52611045,-77.45557148,3.75,0,-0.877134219549707,-0.539498512914512,34.1099065051964,2.68309690511607,0.927985313799781
"601",37.52587777,-77.45526126,18.625,0.31,-0.329265626463942,0.56064450098035,31.5105630567871,2.67374982953318,-0.103481701362421
"602",37.52587079,-77.45526981,5.75,0.24,-0.803471215437335,0.312225110746026,32.7625030022136,2.67671142337011,0.393310963516725
"604",37.52582951,-77.45535324,14.1875,0.26,-0.492705416838267,0.383202079384405,35.0627941123669,1.3317454315107,1.30610854201525
"605",37.52593162,-77.4552218,2.75,0.06,-0.913965721605892,-0.326567606999377,33.8803243308843,2.68051956763187,0.836882908607009
"606",37.52596781,-77.45524961,23,0,-0.168127804968129,-0.539498512914512,32.714875621199,2.67355674417133,0.37441154775651
"607",37.52602794,-77.45522204,6.958333333,0.02,-0.758966483798387,-0.468521544276134,33.7773885846598,2.67955421946785,0.796036122093826
"608",37.52593068,-77.45528716,20.5,0.18,-0.260206560108593,0.0992942048308917,32.0153658475272,2.67080804112224,0.0968332774561502
"609",37.52611648,-77.45540791,11.375,0,-0.596294016371289,-0.539498512914512,33.5573293368598,2.67789095813658,0.708712588289135
"610",37.52614626,-77.45538747,4.9375,0,-0.833396810857986,-0.539498512914512,34.0238494052095,2.68216355165811,0.893836282777631
"611",37.52615418,-77.45540909,6,0.11,-0.794263339923288,-0.149125185403432,36.6759013336549,1.33245828650407,1.94621898671108
"612",37.52619301,-77.45537938,12.125,0,-0.56867038982915,-0.539498512914512,33.5029774842365,2.67747980720937,0.687144779222515
"613",37.52618057,-77.45538937,3.5,0,-0.886342095063753,-0.539498512914512,34.1280237894041,2.6832991512292,0.935174583488654
"614",37.52628607,-77.45525223,13.625,0,-0.513423136744871,-0.539498512914512,33.39427377899,2.67671184484602,0.644009161089274
"615",37.52627684,-77.45524914,5.125,0,-0.826490904222451,-0.539498512914512,34.0102614420537,2.68202030749042,0.888444330510977
"616",37.52625987,-77.4552672,26.25,0,-0.0484254232855248,-0.539498512914512,31.5672310629957,1.30759983442442,-0.0809948001970591
"617",37.5263249,-77.45527576,9.5,0.08,-0.665353082726638,-0.255590638360999,33.2947788983326,2.67556342908004,0.604527772957083
"618",37.5263085,-77.45530024,9.75,0,-0.656145207212591,-0.539498512914512,33.6750916842102,2.67884387399478,0.755442841266814
"619",37.52629418,-77.45529929,15,0,-0.462779821417616,-0.539498512914512,30.8223816246579,1.32490305181386,-0.376564678574484
"620",37.5264551,-77.45524605,7.05,0,-0.755590262764293,-0.539498512914512,31.2257565969322,1.31795811765839,-0.216498112958648
"621",37.52639252,-77.45538604,18.75,0,-0.324661688706919,-0.539498512914512,33.0228694527309,2.67463535742538,0.496629132467363
"622",37.52640119,-77.45532923,26.10227273,0,-0.0538664405342845,-0.539498512914512,32.4900565942415,2.67313816857398,0.28519924653888
"623",37.52639874,-77.45534492,17.9375,0,-0.35458728412757,-0.539498512914512,33.0817506264061,2.67490801550769,0.519994258956202
"624",37.52639195,-77.45530856,7.125,0,-0.752827900110079,-0.539498512914512,33.8653231683917,2.68056247775221,0.830930172999988
"627",37.52661238,-77.45527053,50.6875,0,0.851644408212517,-0.539498512914512,30.7083863951898,2.68082222327305,-0.421800070286245
"629",37.52664427,-77.45523797,2.5625,0,-0.920871628241427,-0.539498512914512,34.1959636051832,2.6840753759411,0.962134344821929
"630",37.52672195,-77.45540434,29.75,0.97,0.0804848339111257,2.90288446604683,27.5513391388946,2.80277726243939,-1.67457415528438
"631",37.52668652,-77.45524652,26.5,0.25,-0.0392175477714783,0.347713595065215,31.2500217077465,2.67282829788917,-0.206869273245487
"638",37.52672674,-77.45503446,25.625,0.15,-0.0714451120706409,-0.00717124812667553,33.2400110258787,0.98393834417284,0.582794879613795
"639",37.52670978,-77.45501497,10,0,-0.646937331698545,-0.539498512914512,37.7167837103814,1.34546179113689,2.35926014866836
"643",37.52637499,-77.45508723,43.1375,0,0.573566567688314,-0.539498512914512,31.2555283782641,2.67638739632923,-0.204684125682262
"644",37.52642777,-77.45499715,7.625,0,-0.734412149081986,-0.539498512914512,33.8290885999761,2.68021806577938,0.816551633622241
"645",37.52634294,-77.45506608,28.75,0,0.0436533318549399,-0.539498512914512,32.2981780844206,2.67302719579913,0.209058344912418
"646",37.52636688,-77.45512573,92.4375,0,2.38935961905828,-0.539498512914512,27.6827999324943,2.73792123557461,-1.62240810832814
"650",37.52616272,-77.45509579,26.25,0.13,-0.0484254232855248,-0.0781482167650537,31.8492616226247,2.67044869319836,0.0309200834259719
"652",37.52596321,-77.45508913,24.97916667,0,-0.0952321236924892,-0.539498512914512,32.5714471209794,2.67325375250087,0.317496495957072
"653",37.52595398,-77.45507416,9.8125,0,-0.65384323833408,-0.539498512914512,33.6705623631583,2.67880565309718,0.753645523844595
"654",37.52594776,-77.45508081,12.25,0,-0.564066452072127,-0.539498512914512,33.4939188421326,2.67741304257838,0.683550144378078
"655",37.52595718,-77.4551148,7.125,0,-0.752827900110079,-0.539498512914512,33.8653231683917,2.68056247775221,0.830930172999988
"656",37.52594229,-77.45501854,4,0.19,-0.86792634403566,0.134782689150081,33.1371868101774,2.67720687482247,0.541992350451792
"657",37.52597848,-77.45500404,9.375,0,-0.669957020483661,-0.539498512914512,33.7022676105218,2.67907583627813,0.766226745800124
"658",37.52590753,-77.45502781,8.25,0.38,-0.71139246029687,0.809063891214674,31.887465740934,2.6808196336954,0.0460801762192243
"659",37.5258966,-77.45516424,15.4375,0.66,-0.446666039268034,1.80274145215197,30.0071166191246,2.70244525697113,-0.700076741721929
"660",37.52593939,-77.45519656,19.5,0,-0.297038062164779,-0.539498512914512,32.9685176001076,2.67440259825719,0.475061323400744
"661",37.52601136,-77.45497262,1,0,-0.978420850204218,-0.539498512914512,34.3091966314817,2.68543149257529,1.00706728037739
"662",37.52595669,-77.45482835,6.25,0.31,-0.785055464409242,0.56064450098035,32.3767851063074,2.6786786808665,0.24025104870304
"663",37.52611931,-77.45489894,10.25,0,-0.637729456184498,-0.539498512914512,33.6388571157947,2.6785416233794,0.741064301889067
"664",37.52609292,-77.45488539,28.625,0,0.0390493940979166,-0.539498512914512,32.3072367265245,2.67302733311754,0.212652979756853
"665",37.5261768,-77.45491653,34.5,0,0.255434468678009,-0.539498512914512,31.8814805476422,2.67356736582606,0.0437051420683229
"666",37.52619904,-77.45488658,39.625,0,0.444195916715961,-0.539498512914512,31.5100762213831,2.67494995064006,-0.103674886553586
"667",37.52611705,-77.45486566,29.75,0.15,0.0804848339111257,-0.00717124812667553,31.5028682555233,2.67088584422353,-0.1065351392206
"668",37.52616248,-77.45491867,32.5,0,0.181771464565637,-0.539498512914512,32.0264188213042,2.67325816495689,0.101219299579315
"669",37.5263676,-77.45478414,6.25,0,-0.785055464409242,-0.539498512914512,33.9287336631188,2.68118449825699,0.856092616911045
"670",37.52640304,-77.45481076,5.5,0,-0.812679090951381,-0.539498512914512,33.9830855157421,2.68173719784188,0.877660425977667
"672",37.52633329,-77.45498973,6,0,-0.794263339923288,-0.539498512914512,33.9468509473266,2.6813667280467,0.86328188659992
"673",37.52640059,-77.45498427,7.0625,0,-0.755129868988591,-0.539498512914512,35.0465494447899,1.30974629023363,1.29966236085044
"674",37.52634724,-77.45497452,22.875,0,-0.172731742725152,-0.539498512914512,32.7239342633029,2.67358013382835,0.378006182600948
"675",37.52647738,-77.45498641,26.5,0,-0.0392175477714783,-0.539498512914512,32.4612336422904,2.67310702139126,0.273761772112282
"676",37.52646117,-77.45498141,18.25,0,-0.343077439735012,-0.539498512914512,33.0591040211464,2.67480062403804,0.511007671845111
"677",37.52648134,-77.45486875,10,0,-0.646937331698545,-0.539498512914512,33.6569744000024,2.67869174391149,0.748253571577939
"678",37.52647097,-77.45477487,9.6875,0,-0.658447176091103,-0.539498512914512,33.6796210052621,2.67888222046796,0.757240158689033
"679",37.52645721,-77.45478889,30.75,0,0.117316335967312,-0.539498512914512,32.1532398107585,2.67309375792237,0.151544187401429
"680",37.52655958,-77.45494909,18.375,0,-0.338473501977988,-0.539498512914512,32.6908582915695,1.30353490927866,0.364881032148686
"681",37.52659276,-77.45494933,18.20833333,0.21,-0.344612085776791,0.205759657788459,32.030823874904,2.6713301247051,0.102967305403982
"682",37.52669796,-77.45498902,17.25,0,-0.379908941791197,-0.539498512914512,33.1315731579775,2.67515537568883,0.539764750600605
"684",37.52673377,-77.45491059,7.6875,0,-0.732110180203475,-0.539498512914512,33.8245592789242,2.68017557844106,0.814754316200022
"686",37.52690653,-77.45467191,9.5,0,-0.665353082726638,-0.539498512914512,33.693208968418,2.67899801328693,0.762632110955686
"687",37.5268956,-77.45468332,18.16666667,0,-0.346146731450255,-0.539498512914512,33.4588274115924,1.3066839922136,0.6696252230141
"688",37.5267252,-77.4547173,9,0,-0.683768833754731,-0.539498512914512,33.7294435368335,2.67931231810622,0.777010650333434
"689",37.52671464,-77.4546498,9.25,0,-0.674560958240684,-0.539498512914512,33.7113262526257,2.67915416144115,0.769821380644562
"693",37.52651866,-77.45469068,8.875,0,-0.688372771511754,-0.539498512914512,33.7385021789374,2.67939214951935,0.780605285177871
"694",37.52648266,-77.45470162,9.125,0.05,-0.679164895997708,-0.362056091318566,34.7983054052901,1.3068857103032,1.20115458627708
"696",37.52641593,-77.45473299,8.75,0,-0.692976709268777,-0.539498512914512,33.7475608210412,2.67947248292647,0.784199920022309
"697",37.52649057,-77.45468973,8.5,0.06,-0.702184584782824,-0.326567606999377,33.4663772180807,2.67679392993392,0.672621124293813
"698",37.52636786,-77.45468427,6.75,0,-0.766639713381149,-0.539498512914512,33.8924990947033,2.68082605093609,0.841714077533298
"699",37.52631169,-77.45475129,10.25,0.13,-0.637729456184498,-0.0781482167650537,32.9921855456381,2.67403753025901,0.484453197008762
"703",37.52605445,-77.45470756,3.75,0,-0.877134219549707,-0.539498512914512,34.1099065051964,2.68309690511607,0.927985313799781
"706",37.52688093,-77.45435422,14.71354167,0,-0.473330511988022,-0.539498512914512,33.3153881037604,2.67619993484821,0.612705882556444
"707",37.52690005,-77.45439724,19.25,0,-0.306245937678826,-0.539498512914512,32.9866348843154,2.67447816564099,0.482250593089616
"708",37.52696187,-77.4543913,18,0.01,-0.352285315249058,-0.504010028595323,33.028095187283,2.6744554374469,0.498702799501916
"709",37.52700937,-77.45437585,18.0625,0.03,-0.349983346370546,-0.433033059956945,32.925328578045,2.67365241676299,0.457923129638012
"710",37.52696394,-77.45437443,6.375,0.58,-0.780451526652219,1.51883357759846,31.0166073217243,2.7028656399103,-0.299492370125443
"711",37.52713331,-77.4542708,10.3125,0.66,-0.635427487305987,1.80274145215197,30.3515548320651,2.70684724494279,-0.563397360000776
"712",37.52695541,-77.45421637,17.25,0,-0.379908941791197,-0.539498512914512,33.1315731579775,2.67515537568883,0.539764750600605
"713",37.5270095,-77.45422611,10.75,0,-0.619313705156406,-0.539498512914512,33.6026225473792,2.67824741231597,0.72668576251132
"715",37.52702477,-77.45421494,7.25,0,-0.748223962353056,-0.539498512914512,33.8562645262878,2.68047562263235,0.827335538155551
"716",37.5268379,-77.45426557,23.5,0,-0.149712053940036,-0.539498512914512,28.0958311993441,1.35037227590464,-1.45850974843769
"717",37.52657461,-77.45422207,15.5,0,-0.444364070389523,-0.539498512914512,36.093885287884,0.994329239966717,1.71526437627851
"718",37.52657291,-77.45424299,5.9375,0,-0.7965653088018,-0.539498512914512,33.9513802683785,2.68141259856376,0.865079204022139
"719",37.52657762,-77.45425725,23.5,0,-0.149712053940036,-0.539498512914512,32.6786410527835,2.67346823855342,0.360033008378763
"720",37.52659798,-77.45423158,8.125,0,-0.715996398053893,-0.539498512914512,33.7928540315606,2.67988167828208,0.802173094244491
"721",37.52649902,-77.45410514,4,0,-0.86792634403566,-0.539498512914512,34.0917892209886,2.68289665867244,0.920796044110906
"722",37.52661061,-77.4540942,18.5,0,-0.333869564220965,-0.539498512914512,33.0409867369387,2.67471698147001,0.503818402156238
"724",37.52654332,-77.45419474,4.125,0,-0.863322406278637,-0.539498512914512,34.0827305788848,2.68279728546678,0.917201409266472
"725",37.52645853,-77.45417692,5.5625,0,-0.81037712207287,-0.539498512914512,33.9785561946901,2.68169045095555,0.875863108555449
"726",37.52642328,-77.45428625,11.25,0,-0.600897954128313,-0.539498512914512,33.5663879789637,2.67796124345426,0.712307223133572
"727",37.52646658,-77.45404153,6.5625,0.72,-0.773545620016684,2.0156723580671,30.303355132289,2.72442167706568,-0.582523882311675
"728",37.52648222,-77.45406934,12.375,0.14,-0.559462514315104,-0.0426597324458646,33.0452192590131,0.993500580095346,0.50549794431656
"729",37.52645074,-77.45407077,13.58333333,0,-0.514957782786651,-0.539498512914512,33.3972933265995,2.67673219838269,0.645207372799944
"730",37.52651992,-77.45397403,6.1875,0.12,-0.787357433287754,-0.113636701084243,33.3324489122892,2.67635958453565,0.619475923375844
"731",37.52653236,-77.45407077,5.625,0,-0.808075153194358,-0.539498512914512,33.9740268736382,2.68164382924533,0.87406579113323
"732",37.52667236,-77.45400232,5.5,0,-0.812679090951381,-0.539498512914512,33.9830855157421,2.68173719784188,0.877660425977667
"733",37.52655549,-77.4540779,12.25,0,-0.564066452072127,-0.539498512914512,33.4939188421326,2.67741304257838,0.683550144378078
"736",37.52694444,-77.45384117,11.25,0,-0.600897954128313,-0.539498512914512,33.5663879789637,2.67796124345426,0.712307223133572
"742",37.52696964,-77.45372052,12.25,0.06,-0.564066452072127,-0.326567606999377,33.1964117097305,2.67486931634269,0.565493873654771
"744",37.52680883,-77.45365421,10.15625,0,-0.641182409502266,-0.539498512914512,33.6456510973726,2.6785976830631,0.743760278022397
"745",37.52671994,-77.45348793,8.75,0.38,-0.692976709268777,0.809063891214674,31.8527458987655,2.68041775324189,0.0323027079164635
"746",37.52680546,-77.45349601,4.3125,0,-0.856416499643102,-0.539498512914512,34.0691426157289,2.68264916333487,0.911809456999815
"747",37.52682318,-77.45347961,8.5,0.23,-0.702184584782824,0.276736626426837,32.6183580377705,2.67484422700262,0.336111605611264
"748",37.52683279,-77.45349791,14.6875,0.04,-0.474289665810174,-0.397544575637756,33.1197145265709,2.67451930273694,0.535059028796779
"749",37.52684806,-77.4535098,8.75,0,-0.692976709268777,-0.539498512914512,33.7475608210412,2.67947248292647,0.784199920022309
"752",37.52686898,-77.45348674,8.75,0.01,-0.692976709268777,-0.504010028595323,33.697697270455,2.67892552594417,0.764413151282682
"754",37.52704787,-77.45369312,26.75,0,-0.0300096722574318,-0.539498512914512,32.4431163580827,2.67309006278398,0.266572502423407
"755",37.52680829,-77.45527566,3.75,0.81,-0.877134219549707,2.33506871693981,30.0386713219223,2.75355705842265,-0.687555258603192
"756",37.52633291,-77.45536333,18.125,0,-0.347681377492035,-0.539498512914512,33.0681626632503,2.67484320220933,0.514602306689548
"765",37.52602124,-77.45499622,34.25,0,0.246226593163962,-0.539498512914512,28.9471450040805,1.3267224352734,-1.1206928625332
"766",37.52598323,-77.45507209,33.5,0,0.218602966621823,-0.539498512914512,31.9539496844732,2.6733965933116,0.0724622208238174
"767",37.52610597,-77.45520073,9.5,0.01,-0.665353082726638,-0.504010028595323,33.6434052096573,2.67846352762468,0.742869068705862
"772",37.5264121,-77.45534239,22.125,0,-0.200355369267291,-0.539498512914512,32.7782861159262,2.67373108205971,0.39957399166757
"773",37.52651012,-77.45495828,33,0.38,0.20018721559373,0.809063891214674,30.1688335535932,2.68770898587054,-0.635904504767407
"774",37.5265297,-77.4549571,16,0,-0.42594831936143,-0.539498512914512,33.2221595790162,2.67564420796071,0.575711099044972
"775",37.52652663,-77.45494712,5.375,0.96,-0.817283028708405,2.86739598172764,29.1794132329371,2.78290182269409,-1.02852458177666
"776",37.52627875,-77.45574911,38.5,0,0.402760476902752,-0.539498512914512,31.5644914913139,1.31041296618212,-0.0820819123396262
"777",37.5262723,-77.45574546,16.3125,0.32,-0.414438474968872,0.596132985299539,31.623172184039,2.67429122335461,-0.0587963403580486
"781",37.52588177,-77.45514813,3.25,0.97,-0.8955499705778,2.90288446604683,29.2668447481827,2.79922088785973,-0.993830157645582
